Title,Author,Description,Genres,cover
Discworld Companion,"Terry Pratchett, Stephen Briggs","For the newcomer and old hand alike the Discworld can be a fatally confusing planet. From the great city of Ankh-Morpork, featuring a river you could skateboard across if it wasn't so knobbly, to the distant Ramtop Mountains and mysterious Counterweight Continent, the Discworld is a place where Death waits around every corner... For safety's sake, you need a guide. And here it is. Terry Pratchett and Stephen Briggs, respectively chronicler and cartographer of the Discworld, have the produced the one and only definitive guide to the flat planet - its geography, its flora and fauna, its (many) religions, its architecture and customs, and its outstanding personalities. What is a Quantum Weather Butterfly? What does Death keep on his desk? Would you drink Bearhugger's Homeopathic Sipping Whiskey? How are the kings of Ankh-Morpork different from the kings of Ankh? Everything the Discworld traveller needs to know is contained in these pages, together with useful maps and illustrations of significant places and emblems in this unique world.","['Fantasy', 'Fiction', 'Reference', 'Humor', 'Comedy', 'Science Fiction', 'Science Fiction Fantasy', 'Speculative Fiction', 'Academic', 'Audiobook']",https://i.gr-assets.com/images/S/compressed.photo.goodreads.com/books/1180031202l/989097.jpg
The Power of Two,"H.B. Gilmour, Randi Reisfeld (Goodreads Author)","Camryn and Alex are twin witches that were raised far apart by adoptive parents, each totally unaware of the existence of the other. That is, until their fourteenth year when a tragedy brings them together. Who are they? What are these scary witchy powers they've hidden from themselves and others? Why have they been brought together now? And by who?","['Fantasy', 'Young Adult', 'Witches', 'Paranormal', 'Magic', 'Urban Fantasy', 'Childrens', 'Fiction', 'Supernatural', 'Middle Grade']",https://i.gr-assets.com/images/S/compressed.photo.goodreads.com/books/1328054507l/722192.jpg
The Midnight Hunt,L.L. Raand,"Medic Ryon Drake has never been good at following protocol, so she doesn't think twice about rendering emergency care when a young girl's life is at stake--even if the girl is in the throes of Werefever and any sane mortali should know better. It isn't the bright shining pain of the bite or even the wrenching agonies of the fever that convinces her everything in her life has changed. It's the way she feels about the blonde with the silver-blue eyes leaning over her hospital bed when she finally wakes up. Sylvan, the Alpha of the Adirondack Timberlake Pack—the one woman Drake can't have. And the only one she wants. The first in the Midnight Hunters series.","['Lesbian', 'LGBT', 'Fantasy', 'Paranormal', 'Romance', 'Urban Fantasy', 'Werewolves', 'Supernatural', 'Vampires', 'Paranormal Romance']",https://i.gr-assets.com/images/S/compressed.photo.goodreads.com/books/1387175669l/6773700.jpg
A Brief Tour of Human Consciousness: From Impostor Poodles to Purple Numbers,V.S. Ramachandran,"How can some people come to believe that their poodle is an impostor? Or see colors in numbers? Internationally acclaimed neuroscientist, V.S. Ramachandran, now shares his unique insight into human consciousness in an entertaining, inspiring, and intellectually dazzling brief tour of the ultimate frontier—the thoughts in our heads.A Brief Tour of Human Consciousness is made up of five investigations of the greatest mysteries of the brain. The first chapter shows how amputees feel pain in limbs they no longer have as it introduces the great revolution of our age: neuroscience. The second chapter walks through the way what we see determines our thoughts, and demonstrates the counterintuitive point that believing is in fact seeing. The third chapter takes a leap beyond cutting edge science to audaciously set out a general theory of beauty, explaining why, the world over, cultures have fundamentally similar notions of what is attractive. The fourth chapter explores the bizarre world of synesthetes, people who see colors in numbers, textures in smells, sounds in sights, and flavors in sounds. Finally, V. S. Ramachandran one of the foremost brain researchers in the world today, sums up the implications of the revolution in our understanding of consciousness, to make a fascinating argument about our essential sense of self and its distributed nature.","['Science', 'Nonfiction', 'Psychology', 'Neuroscience', 'Philosophy', 'Brain', 'Popular Science', 'Medicine', 'Biology', 'Medical']",https://i.gr-assets.com/images/S/compressed.photo.goodreads.com/books/1432093693l/31554._SY475_.jpg
The Unpredictable Consequences of Love,Jill Mansell,"In the idyllic seaside town of St Carys, Sophie is putting the past firmly behind her.When Josh arrives in St Carys to run the family hotel, he can't understand why Sophie has zero interest in letting any man into her life. He also can't understand how he's been duped into employing Sophie's impulsive friend Tula, whose crush on him is decidedly unrequited.St Carys has more than its fair share of characters, including the charming but utterly feckless surfer Riley Bryant, who has a massive crush on Tula. Riley's aunt is superstar author Marguerite Marshall. And Marguerite has designs on Josh's grandfather...who in turn still adores his glamorous ex-wife, Dot...Just how many secrets can one seaside town keep?","['Chick Lit', 'Romance', 'Fiction', 'Contemporary', 'Contemporary Romance', 'Adult', 'Womens Fiction', 'Audiobook', 'British Literature', 'Humor']",https://i.gr-assets.com/images/S/compressed.photo.goodreads.com/books/1420776248l/21045814.jpg
Dark Rivers of the Heart,Dean Koontz (Goodreads Author),"Do you dare step through the red door? Spencer Grant had no idea what drew him to the bar with the red door. He thought he would just sit down, have a slow beer or two, and talk to a stranger. He couldn't know that it would lead to a narrow escape from a bungalow targeted by a SWAT team. Or that it would leave him a wanted man. Now he is on the run from mysterious and ruthless men. He is in love with a woman he knows next to nothing about. And he is hiding from a past he can't fully remember. On his trail is a shadowy security agency that answers to no one--including the U.S. government--and a man who considers himself a compassionate Angel of Death. But worst of all, Spencer Grant is on a collision course with inner demons he thought he'd buried years ago--inner demons that could destroy him if his enemies don't first.","['Horror', 'Fiction', 'Thriller', 'Suspense', 'Mystery', 'Mystery Thriller', 'Science Fiction', 'Action', 'Fantasy', 'Crime']",https://i.gr-assets.com/images/S/compressed.photo.goodreads.com/books/1386921195l/15760.jpg
Servant of the Bones,Anne Rice,"SERVANT OF THE BONES is Anne Rice's new electrifying novel, with a hero as mesmerising, seductive and ambivalent as the vampire Lestat. Azriel is a restless Jewish spirit, born almost 2500 years ago in Babylon, who can be called forth by whoever holds and understands the arcane mystery of the casket of golden bones he is tied to. Caught between heaven and earth, Azriel is forced to bear witness to the long and troubled history of Western civilisation, from the household of an ancient Greek philosopher and the deathbed of Alexander the Great, to the Mongolian Steppes and fourteenth century Strasbourg, where Jews were made scapegoats for the Black Death. And finally in the present, he is summoned to witness and avenge a brutal murder on Fifth Avenue. The dead woman is Esther, step-daughter of Gregory Belkin, fanatical messianic leader of a worldwide cult, the Temple of the Mind. Belkin is known to be the son of Holocaust victims, but he has a secret history which binds Azriel's fate to his. SERVANT OF THE BONES is as rich and terrifying, as sensual and violent as any novel by Anne Rice - an enthralling epic which conjures up more than two thousand years of Jewish history and penetrates the unfolding mysteries of evil, redemption, life and death.","['Horror', 'Fantasy', 'Fiction', 'Paranormal', 'Supernatural', 'Vampires', 'Historical Fiction', 'Urban Fantasy', 'Historical', 'Gothic']",https://i.gr-assets.com/images/S/compressed.photo.goodreads.com/books/1312931293l/43805.jpg
The Probable Future,Alice Hoffman (Goodreads Author),"Alice Hoffman’s most magical novel to date -- three generations of extraordinary women are driven to unite in crisis and discover the rewards of reconciliation and love. Women of the Sparrow family have unusual gifts. Elinor can detect falsehood. Her daughter, Jenny, can see people's dreams when they sleep. Granddaughter Stella has a mental window on the future -- a future that she might not want to see. In The Probable Future this vivid and intriguing cast of characters confronts a haunting past -- and a very current murder -- against the evocative backdrop of small-town New England. By turns chilling and enchanting, The Probable Future chronicles the Sparrows’s legacy as young Stella struggles to cope with her disturbing clairvoyance. Her potential to ruin or redeem becomes unbearable when one of her premonitions puts her father in jail, wrongly accused of homicide. Yet this ordeal also leads Stella to the grandmother she was forbidden to meet and to a historic family home full of talismans from her ancestors. Poignant, arresting, unsettling, The Probable Future showcases the lavish literary gifts that have made Alice Hoffman one of America’s most treasured writers.","['Fiction', 'Magical Realism', 'Fantasy', 'Contemporary', 'Paranormal', 'Magic', 'Adult Fiction', 'Chick Lit', 'Supernatural', 'Romance']",https://i.gr-assets.com/images/S/compressed.photo.goodreads.com/books/1499994741l/22898._SY475_.jpg
"Goodbye, I Love You",Carol Lynn Pearson,"Good-bye, I Love You is the true story of a wife, her homosexual husband, and a love that transcended tragedy when he came home to die.First released in hardcover in 1986, Good-bye, I Love You was the first widely acclaimed memoir of what was to become a continuing tragedy: death resulting from the AIDS virus. Since problems related to AIDS take an ever-increasing toll, the continuing popularity of Pearson's book is no surprise. It may be that no one has documented the heart-wrenching effects of homosexuality and the AIDS epidemic on the American family better than Ms. Pearson.","['Nonfiction', 'Biography', 'Memoir', 'Religion', 'Lds', 'Biography Memoir', 'LGBT', 'Mormonism', 'Autobiography', 'Relationships']",https://i.gr-assets.com/images/S/compressed.photo.goodreads.com/books/1413749728l/710136.jpg
Marketing Management,"Philip Kotler, Kevin Lane Keller",This is the 12th edition of 'Marketing Management' which preserves the strengths of previous editions while introducing new material and structure to further enhance learning.,"['Business', 'Management', 'Nonfiction', 'Textbooks', 'Economics', 'Reference', 'Entrepreneurship', 'Education', 'School', 'Academic']",https://i.gr-assets.com/images/S/compressed.photo.goodreads.com/books/1387666193l/85907.jpg
The Book of Laughter and Forgetting,"Milan Kundera, Aaron Asher (Translator), Serena Vitale (translator)","Rich in its stories, characters, and imaginative range, The Book of Laughter and Forgetting is the novel that brought Milan Kundera his first big international success in the late 1970's. Like all his work, it is valuable for far more than just its historical implications. In seven wonderfully integrated parts, different aspects of human existence are magnified and reduced, reordered and emphasized, newly examined, analyzed and experienced.","['Fiction', 'Czech Literature', 'Literature', 'Philosophy', 'Classics', 'Novels', 'Short Stories', 'Literary Fiction', 'Contemporary', '20th Century']",https://i.gr-assets.com/images/S/compressed.photo.goodreads.com/books/1446568718l/240976.jpg
Horrid Henry And The Abominable Snowman,Francesca Simon,"This is a collection of four Horrid Henry tales - Horrid Henry and the abominable snowman, Horrid Henry's rainy day, Moody Margaret's makeover, and Horrid Henry's author visit.","['Childrens', 'Audiobook', 'Fiction', 'Humor', 'Middle Grade', '2nd Grade', 'Chapter Books']",https://i.gr-assets.com/images/S/compressed.photo.goodreads.com/books/1347393895l/1553928.jpg
Radical Enlightenment: Philosophy and the Making of Modernity 1650-1750,Jonathan I. Israel,"In the wake of the Scientific Revolution, the late seventeenth and eighteenth centuries saw the complete demolition of traditional structures of authority, scientific thought, and belief by the new philosophy and the philosophers, including Voltaire, Diderot, and Rousseau. The Radical Enlightenment played a part in this revolutionary process, which effectively overthrew all justification for monarchy, aristocracy, and ecclesiastical power, as well as man's dominance over woman, theological dominance of education, and slavery. Despite the present day interest in the revolutions of the eighteenth century, the origins and rise of the Radical Enlightenment have received limited scholarly attention. The greatest obstacle to the movement finding its proper place in modern historical writing is its international scope: the Radical Enlightenment was not French, British, German, Italian, Jewish or Dutch, but all of these at the same time.In this wide-ranging volume, Jonathan Israel offers a novel interpretation of the Radical Enlightenment down to La Mettie and Diderot, two of its key exponents. Particular emphasis is placed on the pivotal role of Spinoza and the widespread underground international philosophical movement known before 1750 as Spinozism.","['Philosophy', 'History', 'European History', 'Nonfiction', 'Religion', 'Science', '18th Century', 'France']",https://i.gr-assets.com/images/S/compressed.photo.goodreads.com/books/1388926959l/189369.jpg
Phaze Doubt,Piers Anthony,"The merged worlds of Phaze and Proton face a new threat from an invading force--leaving the fate of the two planets in the hands of Nepe/Flach and Lysander, two children possessing magical powers.","['Fantasy', 'Science Fiction', 'Fiction', 'Science Fiction Fantasy', 'Magic', 'Young Adult', 'Speculative Fiction', 'Adventure', 'Adult', 'Unicorns']",https://i.gr-assets.com/images/S/compressed.photo.goodreads.com/books/1309288098l/542604.jpg
"Through a Glass, Darkly","Jostein Gaarder, Elizabeth Rokkan (Translator)","It's almost Christmas. Cecilia lies sick in bed as her family bustle around her to make her last Christmas as special as possible. Cecilia has cancer. An angel steps through her window. So begins a spirited and engaging series of conversations between Cecelia and her angel. As the sick girl thinks about her life and prepares for her death, she changes subtly, in herself and in her relationships with her family. Jostein Gaarder is a profoundly optimistic writer, who writes about death with wisdom, compassion and an enquiring mind. 'Through a Glass, Darkly' will not only bring comfort to the bereaved. It will move and amaze everyone who reads it.","['Fiction', 'Philosophy', 'Young Adult', 'Fantasy', 'Novels', 'Scandinavian Literature', 'Childrens', 'Literature', 'Contemporary', 'Christmas']",https://i.gr-assets.com/images/S/compressed.photo.goodreads.com/books/1167711294l/25405._SY475_.jpg
Asterix in Switzerland,"René Goscinny, Albert Uderzo (illustrator)","The governor of Gaul has always been a creative accountant. Now he's under investigation by Vexatius Sinusititis, or he was, until someone poisons the investigator. In order to heal Vexatius, Asterix and Obelix set off to locate a special flower that grows only in Helvetia.","['Comics', 'Bande Dessinée', 'Graphic Novels', 'Humor', 'Fiction', 'Historical Fiction', 'France', 'Comic Book', 'Graphic Novels Comics', 'Childrens']",https://i.gr-assets.com/images/S/compressed.photo.goodreads.com/books/1337452126l/4339326.jpg
City of Time,Eoin McNamee,"CATI, THE BOLD Watcher readers met in The Navigator, returns from the shadows of time to summon Owen and Dr. Diamond, for time is literally running out. The moon is coming closer to the earth, causing havoc with weather, tides, and other natural cycles; people fear the world will end. To discover what’s gone wrong, Cati, Owen, and the Doctor must take an astonishing journey to the City of Time, where time is bought and sold. There, Owen begins to understand his great responsibility and power as the Navigator.","['Fantasy', 'Fiction', 'Young Adult', 'Adventure', 'Time Travel', 'Childrens', 'Adult', 'Magic', 'Juvenile', 'Action']",https://i.gr-assets.com/images/S/compressed.photo.goodreads.com/books/1320552850l/2181092.jpg
The Room,Hubert SelJr.,"Secluded in his remand cell, a small-time criminal surrenders himself to sadistic fantasies of hatred and revenge. Selby's second novel is a claustrophobic descent into the tormented soul of a man trapped in a loveless society.","['Fiction', 'Horror', 'Thriller', 'Dark', 'Drama', 'Mystery', 'Novels', 'Contemporary', 'Adult', 'Psychological Thriller']",https://i.gr-assets.com/images/S/compressed.photo.goodreads.com/books/1388962283l/50274.jpg
Helen's Babies,John Habberton,This book was converted from its physical edition to the digital format by a community of volunteers. You may find it for free on the web. Purchase of the Kindle edition includes wireless delivery.,"['Fiction', 'Classics', 'Humor', 'Comedy', 'Romance', 'Childrens']",https://i.gr-assets.com/images/S/compressed.photo.goodreads.com/books/1391573928l/20735648.jpg
The Testaments,Margaret Atwood (Goodreads Author),"An alternate cover edition of ISBN 978-0385543781 can be found here.When the van door slammed on Offred's future at the end of The Handmaid's Tale, readers had no way of telling what lay ahead for her--freedom, prison or death.With The Testaments, the wait is over.Margaret Atwood's sequel picks up the story more than fifteen years after Offred stepped into the unknown, with the explosive testaments of three female narrators from Gilead.In this brilliant sequel to The Handmaid's Tale, acclaimed author Margaret Atwood answers the questions that have tantalized readers for decades.""Dear Readers: Everything you've ever asked me about Gilead and its inner workings is the inspiration for this book. Well, almost everything! The other inspiration is the world we've been living in."" --Margaret Atwood","['Fiction', 'Dystopia', 'Science Fiction', 'Feminism', 'Audiobook', 'Canada', 'Adult', 'Literary Fiction', 'Speculative Fiction', 'Novels']",https://i.gr-assets.com/images/S/compressed.photo.goodreads.com/books/1549292344l/42975172.jpg
The Hungry Ocean: A Swordboat Captain's Journey,Linda Greenlaw,"The term fisherwoman does not exactly roll trippingly off the tongue, and Linda Greenlaw, the world's only female swordfish boat captain, isn't flattered when people insist on calling her one. ""I am a woman. I am a fisherman. . . I am not a fisherwoman, fisherlady, or fishergirl. If anything else, I am a thirty-seven-year-old tomboy. It's a word I have never outgrown."" Greenlaw also happens to be one of the most successful fishermen in the Grand Banks commercial fleet, though until the publication of Sebastian Junger's The Perfect Storm, ""nobody cared."" Greenlaw's boat, the Hannah Boden, was the sister ship to the doomed Andrea Gail, which disappeared in the mother of all storms in 1991 and became the focus of Junger's book. The Hungry Ocean, Greenlaw's account of a monthlong swordfishing trip over 1,000 nautical miles out to sea, tells the story of what happens when things go right -- proving, in the process, that every successful voyage is a study in narrowly averted disaster. There is the weather, the constant danger of mechanical failure, the perils of controlling five sleep-, women-, and booze-deprived young fishermen in close quarters, not to mention the threat of a bad fishing run: ""If we don't catch fish, we don't get paid, period. In short, there is no labor union."" Greenlaw's straightforward, uncluttered prose underscores the qualities that make her a good captain, regardless of gender: fairness, physical and mental endurance, obsessive attention to detail. But, ultimately, Greenlaw proves that the love of fishing -- in all of its grueling, isolating, suspenseful glory -- is a matter of the heart and blood, not the mind.  ""I knew that the ocean had stories to tell me, all I needed to do was listen."" -- Svenja Soldovieri","['Nonfiction', 'Memoir', 'Adventure', 'Biography', 'Biography Memoir', 'Autobiography', 'Nature', 'Travel', 'Maritime', 'History']",https://i.gr-assets.com/images/S/compressed.photo.goodreads.com/books/1442500712l/173165._SY475_.jpg
"The Seven Deadly Sins, Vol. 4",Nakaba Suzuki,"Reunions and Farewells

The Grizzly Sin, King, is alive! Unfortunately, King not only refuses to help Meliodas, he declares Ban as his mortal enemy for having attained eternal life at the cost of the life of his sister Elaine. During a gripping confrontation between King and Ban, the fearsomely skilled Holy Knight Gila comes bearing startling disaster and devastation!","['Manga', 'Fantasy', 'Comics', 'Shonen', 'Magic', 'Graphic Novels', 'Anime', 'Adventure', 'Fiction', 'Romance']",https://i.gr-assets.com/images/S/compressed.photo.goodreads.com/books/1400870826l/20299723.jpg
Titan,John Varley,"It begins with humankind's exploration of a massive satellite orbiting Saturn. It culminates in a shocking discovery: the satellite is a giant alien being. Her name is Gaea. Her awesome interior is mind-boggling—because it is a mind. A mind that calls out to explorers, transforming all who enter.","['Science Fiction', 'Fiction', 'Fantasy', 'Science Fiction Fantasy', 'Speculative Fiction', 'Space Opera', 'Aliens', 'Audiobook', 'LGBT', 'Novels']",https://i.gr-assets.com/images/S/compressed.photo.goodreads.com/books/1388244043l/49838.jpg
The Serengeti Rules: The Quest to Discover How Life Works and Why It Matters,Sean B. Carroll,"How does life work? How does nature produce the right numbers of zebras and lions on the African savanna, or fish in the ocean? How do our bodies produce the right numbers of cells in our organs and bloodstream? In ""The Serengeti Rules,"" award-winning biologist and author Sean Carroll tells the stories of the pioneering scientists who sought the answers to such simple yet profoundly important questions, and shows how their discoveries matter for our health and the health of the planet we depend upon.One of the most important revelations about the natural world is that everything is regulated--there are rules that regulate the amount of every molecule in our bodies and rules that govern the numbers of every animal and plant in the wild. And the most surprising revelation about the rules that regulate life at such different scales is that they are remarkably similar--there is a common underlying logic of life. Carroll recounts how our deep knowledge of the rules and logic of the human body has spurred the advent of revolutionary life-saving medicines, and makes the compelling case that it is now time to use the Serengeti Rules to heal our ailing planet.A bold and inspiring synthesis by one of our most accomplished biologists and gifted storytellers, ""The Serengeti Rules"" is the first book to illuminate how life works at vastly different scales. Read it and you will never look at the world the same way again.","['Science', 'Nonfiction', 'Biology', 'Nature', 'Animals', 'Evolution', 'Environment', 'Ecology', 'History', 'Natural History']",https://i.gr-assets.com/images/S/compressed.photo.goodreads.com/books/1449426097l/26597346.jpg
Keeper'n Me,Richard Wagamese,"When Garnet Raven was three years old, he was taken from his home on an Ojibway Indian reserve and placed in a series of foster homes. Having reached his mid-teens, he escapes at the first available opportunity, only to find himself cast adrift on the streets of the big city.Having skirted the urban underbelly once too often by age 20, he finds himself thrown in jail. While there, he gets a surprise letter from his long-forgotten native family.The sudden communication from his past spurs him to return to the reserve following his release from jail. Deciding to stay awhile, his life is changed completely as he comes to discover his sense of place, and of self. While on the reserve, Garnet is initiated into the ways of the Ojibway--both ancient and modern--by Keeper, a friend of his grandfather, and last fount of history about his people's ways.By turns funny, poignant and mystical, Keeper'n Me reflects a positive view of Native life and philosophy--as well as casting fresh light on the redemptive power of one's community and traditions.","['Fiction', 'Canada', 'Historical Fiction', 'Read For School', 'School', 'Literary Fiction', 'Spirituality', 'Philosophy', 'Politics', 'Audiobook']",https://i.gr-assets.com/images/S/compressed.photo.goodreads.com/books/1320551554l/590560.jpg
The Black Widow,Daniel Silva,"A network of terror.A web of deceit.A deadly game of vengeance.Legendary spy and art restorer Gabriel Allon is poised to become the chief of Israel’s secret intelligence service. But on the eve of his promotion, events conspire to lure him into the field for one final operation. ISIS has detonated a massive bomb in the Marais district of Paris, and a desperate French government wants Gabriel to eliminate the man responsible before he can strike again.They call him Saladin …He is a terrorist mastermind whose ambition is as grandiose as his nom de guerre, a man so elusive that even his nationality is not known. Shielded by sophisticated encryption software, his network communicates in total secrecy, leaving the West blind to his planning—and leaving Gabriel no choice but to insert an agent into the most dangerous terrorist group the world has ever known. Natalie Mizrahi is an extraordinary young doctor as brave as she is beautiful. At Gabriel’s behest, she will pose as an ISIS recruit in waiting, a ticking time bomb, a black widow out for blood.Her perilous mission will take her from the restive suburbs of Paris to the island of Santorini and the brutal world of the Islamic State’s new caliphate, and eventually to Washington, D.C., where the ruthless Saladin is plotting an apocalyptic night of terror that will alter the course of history. The Black Widow is a riveting thriller of shocking prescience. But it is also a thoughtful journey into the new heart of darkness that will haunt readers long after they have turned the final page.","['Fiction', 'Thriller', 'Mystery', 'Espionage', 'Suspense', 'Mystery Thriller', 'Spy Thriller', 'Audiobook', 'Action', 'Crime']",https://i.gr-assets.com/images/S/compressed.photo.goodreads.com/books/1460313822l/27213121.jpg
Cosmology,Steven Weinberg,"This book is unique in the detailed, self-contained, and comprehensive treatment that it gives to the ideas and formulas that are used and tested in modern cosmological research. It divides into two parts, each of which provides enough material for a one-semester graduate course. The first part deals chiefly with the isotropic and homogeneous average universe; the second part concentrates on the departures from the average universe. Throughout the book the author presents detailed analytic calculations of cosmological phenomena, rather than just report results obtained elsewhere by numerical computation. The book is up to date, and gives detailed accounts of topics such as recombination, microwave background polarization, leptogenesis, gravitational lensing, structure formation, and multifield inflation, that are usually treated superficially if at all in treatises on cosmology. Copious references to current research literature are supplied. Appendices include a brief introduction to general relativity, and a detailed derivation of the Boltzmann equation for photons and neutrinos used in calculations of cosmological evolution. Also provided is an assortment of problems.","['Physics', 'Science', 'Astronomy', 'Nonfiction', 'Textbooks']",https://i.gr-assets.com/images/S/compressed.photo.goodreads.com/books/1348592200l/2607710.jpg
"Love, Aubrey",Suzanne LaFleur (Goodreads Author),"""I had everything I needed to run a household: a house, food, and a new family. From now on it would just be me and Sammy–the two of us, and no one else.""A tragic accident has turned eleven-year-old Aubrey’s world upside down. Starting a new life all alone, Aubrey has everything she thinks she needs: SpaghettiOs and Sammy, her new pet fish. She cannot talk about what happened to her. Writing letters is the only thing that feels right to Aubrey, even if no one ever reads them.With the aid of her loving grandmother and new friends, Aubrey learns that she is not alone, and gradually, she finds the words to express feelings that once seemed impossible to describe. The healing powers of friendship, love, and memory help Aubrey take her first steps toward the future.Readers will care for Aubrey from page one and will watch her grow until the very end, when she has to make one of the biggest decisions of her life.Love, Aubrey is devastating, brave, honest, funny, and hopeful, and it introduces a remarkable new writer, Suzanne LaFleur. No matter how old you are, this book is not to be missed.","['Realistic Fiction', 'Middle Grade', 'Young Adult', 'Fiction', 'Contemporary', 'Childrens', 'Juvenile', 'Family', 'Death', 'Teen']",https://i.gr-assets.com/images/S/compressed.photo.goodreads.com/books/1442769697l/5982448._SX318_.jpg
Horus Rising,Dan Abnett (Goodreads Author),"After thousands of years of expansion and conquest, the imperium of man is at its height. His dream for humanity nearly accomplished, the emperor hands over the reins of power to his warmaster, Horus, and heads back to Terra. But is Horus strong enough to control his fellow commanders and continue the emperor's grand design?","['Science Fiction', 'Fiction', '40k', 'Fantasy', 'War', 'Audiobook', 'Space Opera', 'Science Fiction Fantasy', 'Novels', 'Military Fiction']",https://i.gr-assets.com/images/S/compressed.photo.goodreads.com/books/1414166935l/625603.jpg
Leaven of Malice,Robertson Davies,"following announcement appeared in the Salterton Evening Bellman: ""Professor and Mrs. Walter Vambrace are pleased to announce the engagement of their daughter, Pearl Veronica, to Solomon Bridgetower, Esq., son of...""Although the malice that prompted the insertion of this false engagement notice was aimed at three people only-Solly Bridgetower, a junior instructor in English at Waverly University; Pearl Vambrace, the subdued daughter of a domineering professor; and Gloster Ridley, the anxiety-ridden editor of the Evening Bellman-before the leaven of malice had ceased to work it had changed permanently, for good or ill, the lives of many of the citizens of Salterton. Robertson Davies jumps at the opportunity this situation provides to create memorable characters and lasting impressions.","['Fiction', 'Canada', 'Literary Fiction', 'Literature', 'Humor', 'Novels', '20th Century', 'Contemporary', 'Classics', 'Audiobook']",https://i.gr-assets.com/images/S/compressed.photo.goodreads.com/books/1469066564l/48270.jpg
Kilgannon,Kathleen Givens,"A place where love and war collide--and she would be possessed by the Scottish chieftain they called . . . barbarianEnter a world of breathtaking romance and rugged adventure. Enter the world of Kilgannon--an unforgettable story of love and treachery in a great Scottish clan. Kathleen Givens's magnificent novel sweeps from Queen Anne's London to the Highland wilderness . . . and into the hearts of one proud, passionate family: the MacGannons of . . . Kilgannon.Mary Lowell wasn't interested in marriage despite her aunt's determination to find her a husband by the end of the London Season. Then Alex MacGannon, Earl of Kilgannon, strode into the ballroom and commanded her heart. They called him a barbarian, a rough-hewn Scot--chieftain of clan MacGannon. They said no woman could hold him, as he set sail on the high seas. But Alex returned to claim Mary Lowell as his own, to carry her off to Scotland, to his magnificent ancestral castle, Kilgannon. And as the Highlands are torn by rebellion, Mary will find passion--and danger--in the rugged land she would now call home.Watch for the next book in the magnificent Kilgannon saga: The Wild Rose of Kilgannon, coming in November 1999 from Dell.","['Historical Fiction', 'Historical Romance', 'Romance', 'Historical', 'Scotland', 'Fiction', 'Adult', 'Adult Fiction', 'Chick Lit', 'M F Romance']",https://i.gr-assets.com/images/S/compressed.photo.goodreads.com/books/1403167019l/481524.jpg
The Catcher in the Rye,J.D. Salinger,"The hero-narrator of The Catcher in the Rye is an ancient child of sixteen, a native New Yorker named Holden Caulfield. Through circumstances that tend to preclude adult, secondhand description, he leaves his prep school in Pennsylvania and goes underground in New York City for three days. The boy himself is at once too simple and too complex for us to make any final comment about him or his story. Perhaps the safest thing we can say about Holden is that he was born in the world not just strongly attracted to beauty but, almost, hopelessly impaled on it. There are many voices in this novel: children's voices, adult voices, underground voices-but Holden's voice is the most eloquent of all. Transcending his own vernacular, yet remaining marvelously faithful to it, he issues a perfectly articulated cry of mixed pain and pleasure. However, like most lovers and clowns and poets of the higher orders, he keeps most of the pain to, and for, himself. The pleasure he gives away, or sets aside, with all his heart. It is there for the reader who can handle it to keep. J.D. Salinger's classic novel of teenage angst and rebellion was first published in 1951. The novel was included on Time's 2005 list of the 100 best English-language novels written since 1923. It was named by Modern Library and its readers as one of the 100 best English-language novels of the 20th century. It has been frequently challenged in the court for its liberal use of profanity and portrayal of sexuality and in the 1950's and 60's it was the novel that every teenage boy wants to read.","['Classics', 'Fiction', 'Young Adult', 'Literature', 'School', 'Novels', 'Coming Of Age', 'American', 'High School', 'Read For School']",https://i.gr-assets.com/images/S/compressed.photo.goodreads.com/books/1398034300l/5107.jpg
In a Strange Room,Damon Galgut,"A young man takes three journeys, through Greece, India and Africa. He travels lightly, simply. To those who travel with him and those whom he meets on the way - including a handsome, enigmatic stranger, a group of careless backpackers and a woman on the edge - he is the Follower, the Lover and the Guardian. Yet, despite the man's best intentions, each journey ends in disaster. Together, these three journeys will change his whole life. A novel of longing and thwarted desire, rage and compassion, ""In a Strange Room"" is the hauntingly beautiful evocation of one man's search for love, and a place to call home.","['Fiction', 'Travel', 'Africa', 'South Africa', 'Short Stories', 'Literature', 'Literary Fiction', 'Contemporary', 'Novels', 'India']",https://i.gr-assets.com/images/S/compressed.photo.goodreads.com/books/1356463430l/7199961.jpg
La Machine infernale,Jean Cocteau,"Obéissant à l'oracle, Oedipe résout l'énigme du Sphinx, tue son père et épouse sa mère. La peste s'abat sur Thèbes qui a couronné un inceste et un parricide. Quand un berger dévoile la vérité, la machine infernale des dieux explose. Oedipe se crève les yeux et sa mère se pend. S'inspirant du théâtre de Sophocle, Cocteau redonne vie aux grandes figures grecques : Oedipe, Jocaste, Antigone et Créon. Il philosophe en virtuose. Non, l'homme n'est pas libre. Il naît aveugle et les dieux règlent sa destinée. Même le héros, celui qui sort du rang, doit se soumettre. Ce grand texte dit tout sur l'homme avec infiniment d'humour et de poésie.","['Plays', 'France', 'Theatre', 'Drama', 'Fiction', 'French Literature', 'Classics', 'School', '20th Century', 'Literature']",https://i.gr-assets.com/images/S/compressed.photo.goodreads.com/books/1186270227l/1643889.jpg
How an Economy Grows and Why It Crashes,"Peter D. Schiff, Andrew J. Schiff","How an Economy Grows and Why it Crashes uses illustration, humor, and accessible storytelling to explain complex topics of economic growth and monetary systems. In it, economic expert and bestselling author of Crash Proof, Peter Schiff teams up with his brother Andrew to apply their signature ""take no prisoners"" logic to expose the glaring fallacies that have become so ingrained in our country’s economic conversation.Inspired by How an Economy Grows and Why It Doesn’t—a previously published book by the Schiffs’ father Irwin, a widely published economist and activist—How an Economy Grows and Why It Crashes incorporates the spirit of the original while tackling the latest economic issues.With wit and humor, the Schiffs explain the roots of economic growth, the uses of capital, the destructive nature of consumer credit, the source of inflation, the importance of trade, savings, and risk, and many other topical principles of economics.The tales told here may appear simple of the surface, but they will leave you with a powerful understanding of How an Economy Grows and Why it Crashes.","['Economics', 'Nonfiction', 'Business', 'Finance', 'Politics', 'Science', 'Money', 'Education', 'Self Help', 'The World']",https://i.gr-assets.com/images/S/compressed.photo.goodreads.com/books/1348574123l/7048818.jpg
Truckers,Terry Pratchett,"They're four inches tallin a human-sized world.Under the floorboards of the Store is a world of four-inch-tall nomes that humans never see. It is commonly known among these nomes that Arnold Bros. created the Store for them to live in, and he declared: ""Everything Under One Roof."" Therefore there can be no such thing as Outside. It just makes sense.That is, until the day a group of nomes arrives on a truck, claiming to be from Outside, talking about Day and Night and Snow and other crazy legends. And they soon uncover devastating news: The Store is about to be demolished. It's up to Masklin, one of the Outside nomes, to devise a daring escape plan that will forever change the nomes' vision of the world. . . .","['Fantasy', 'Fiction', 'Humor', 'Young Adult', 'Childrens', 'Science Fiction', 'Comedy', 'Audiobook', 'Adventure', 'Science Fiction Fantasy']",https://i.gr-assets.com/images/S/compressed.photo.goodreads.com/books/1168566237l/34542.jpg
The Magician's Elephant,"Kate DiCamillo (Goodreads Author), Yoko Tanaka (Illustrator)","In a highly awaited new novel, Kate DiCamillo conjures a haunting fable about trusting the unexpected — and making the extraordinary come true.What if? Why not? Could it be?When a fortuneteller's tent appears in the market square of the city of Baltese, orphan Peter Augustus Duchene knows the questions that he needs to ask: Does his sister still live? And if so, how can he find her? The fortuneteller's mysterious answer (an elephant! An elephant will lead him there!) sets off a chain of events so remarkable, so impossible, that you will hardly dare to believe it’s true. With atmospheric illustrations by fine artist Yoko Tanaka, here is a dreamlike and captivating tale that could only be narrated by Newbery Medalist Kate DiCamillo. In this timeless fable, she evokes the largest of themes — hope and belonging, desire and compassion — with the lightness of a magician’s touch.","['Fantasy', 'Fiction', 'Childrens', 'Middle Grade', 'Young Adult', 'Magic', 'Juvenile', 'Animals', 'Adventure', 'Audiobook']",https://i.gr-assets.com/images/S/compressed.photo.goodreads.com/books/1320520056l/6345760.jpg
The Witches of Karres,James H. Schmitz,"NO GOOD DEED GOES UNPUNISHED . . .Captain Pausert thought his luck had finally turned—but he did not yet realize it was a turn for the worse. On second thought, make that a turn for the disastrous*.Unlucky in love, unsuccessful in business, he thought he had finally made good with his battered starship Venture, cruising around the fringes of the Empire and successfully selling off odd-ball cargoes which no one else had been able to sell. He was all set to return home, where his true love was faithfully waiting for him ... he hoped.But then he made the fatal mistake of freeing three slave children from their masters (who were suspiciously eager to part with them). They were just trying to be helpful, but those three adorable little girls quickly made Pausert the mortal enemy of his fiancee, his home planet, the Empire, warlike Sirians, psychopathic Uldanians, the dread pirate chieftain Laes Yango—and even the Worm World, the darkest threat to mankind in all of space.And all because those harmless-looking little girls were in fact three of the notorious and universally feared Witches of Karres.","['Science Fiction', 'Fantasy', 'Fiction', 'Space Opera', 'Adventure', 'Science Fiction Fantasy', 'Young Adult', 'Magic', 'Witches', 'Space']",https://i.gr-assets.com/images/S/compressed.photo.goodreads.com/books/1388644716l/317621.jpg
The Elite,Kiera Cass (Goodreads Author),"The Selection began with thirty-five girls. Now with the group narrowed down to the six Elite, the competition to win Prince Maxon's heart is fiercer than ever—and America is still struggling to decide where her heart truly lies. Is it with Maxon, who could make her life a fairy tale? Or with her first love, Aspen?America is desperate for more time. But the rest of the Elite know exactly what they want—and America's chance to choose is about to slip away.","['Young Adult', 'Romance', 'Dystopia', 'Fantasy', 'Fiction', 'Science Fiction', 'Audiobook', 'Teen', 'Chick Lit', 'Young Adult Romance']",https://i.gr-assets.com/images/S/compressed.photo.goodreads.com/books/1391454595l/16248068.jpg
Unblemished,Sara Ella (Goodreads Author),"Eliyana has always recoiled from her own reflection in the mirror. But what if that were only one Reflection—one world? What if another world existed where her blemish could become her strength?Eliyana is used to the shadows. With a hideous birthmark covering half her face, she just hopes to graduate high school unscathed. That is, until Joshua hops a fence and changes her perspective. No one, aside from her mother, has ever treated her as normal. Maybe even beautiful. Because of Joshua, Eliyana finally begins to believe she could be loved.But one night her mother doesn’t come home, and that’s when everything gets weird.Now Joshua is her new, and rather reluctant, legal Guardian. Add a hooded stalker and a Central Park battle to the mix and you’ve gone from weird to otherworldly.Eliyana soon finds herself in a world much larger and more complicated than she’s ever known. A world enslaved by a powerful and vile man. And Eliyana holds the answer to defeating him. How can an ordinary girl, a blemished girl, become a savior when she can’t even save herself?","['Fantasy', 'Young Adult', 'Romance', 'Contemporary', 'Christian', 'Christian Fiction', 'Urban Fantasy', 'Young Adult Fantasy', 'Magic', 'Paranormal']",https://i.gr-assets.com/images/S/compressed.photo.goodreads.com/books/1457446140l/28449231.jpg
Heart Full of Lies,Ann Rule,"An idyllic Hawaiian wedding held the promise of a wonderful future for handsome, athletic Chris Northon, an airline pilot, a confirmed bachelor-turned-devoted family man; and Liysa, an acclaimed surf photographer, loving mother, and aspiring Hollywood screenwriter. But few, including Chris, had seen Liysa's other side -- her controlling behavior and dark moods, her insatiable hunger for money and property. And no one anticipated the fatal outcome of a family camping trip in an Oregon forest. Liysa soon revealed herself as a victim of domestic abuse that culminated at the campsite, where she shot Chris in self-defense. But crime scene evidence led detectives to wonder if Liysa was a killer, not a victim. Her controversial trial stunned all who thought they knew her. A lifetime of sociopathic manipulations and lies had been expertly hidden behind her façade of perfection -- as was her rage to destroy any obstacle to her ultimate happiness, even if it was the man she vowed to love forever.","['True Crime', 'Nonfiction', 'Crime', 'Mystery', 'Audiobook', 'Biography', 'Psychology', 'Mystery Thriller', 'Autobiography', 'Murder Mystery']",https://i.gr-assets.com/images/S/compressed.photo.goodreads.com/books/1347253394l/839499.jpg
The Labyrinth of Solitude and Other Writings,"Octavio Paz, Lysander Kemp (Translator), Yara Milos (Translator)","Octavio Paz has long been acknowledged as Mexico's foremost writer and critic. In this international classic, Paz has written one of the most enduring and powerful works ever created on Mexico and its people, character, and culture. Compared to Ortega y Gasset's The Revolt of the Masses for its trenchant analysis, this collection contains his most famous work, ""The Labyrinth of Solitude,"" a beautifully written and deeply felt discourse on Mexico's quest for identity that gives us an unequalled look at the country hidden behind ""the mask."" Also included are ""The Other Mexico,"" ""Return to the Labyrinth of Solitude,"" ""Mexico and the United States,"" and ""The Philanthropic Ogre,"" all of which develop the themes of the title essay and extend his penetrating commentary to the United States and Latin America.","['Nonfiction', 'Essays', 'History', 'Spanish Literature', 'Philosophy', 'Poetry', 'Classics', 'Latin American', 'Nobel Prize', 'Latin American Literature']",https://i.gr-assets.com/images/S/compressed.photo.goodreads.com/books/1388265409l/11702.jpg
"The Millennium Trilogy (Millennium Trilogy, #1-3)","Stieg Larsson, Reg Keeland (Translator)","Stieg Larsson’s Millennium Trilogy is now available in a complete hardcover set
All across America, readers are talking about Stieg Larsson’s best-selling novels, set in Sweden and featuring Lisbeth Salander—“one of the most original and memorable heroines to surface in a recent thriller” (The New York Times). The trilogy is an international sensation that will grab you and keep you “reading with eyes wide open” (San Francisco Chronicle). “[It] is intricately plotted, lavishly detailed but written with a breakneck pace and verve” (The Independent, U.K.), but “be warned: the trilogy is seriously addictive.” (The Guardian, U.K.).“Believe the hype . . . It’s gripping stuff.”—People“Stieg Larsson clearly loved his brave misfit Lisbeth. And so will you.”—USA Today“Larsson has bottled lightning.”—Los Angeles Times
 The Girl with the Dragon Tattoo Harriet Vanger, a scion of one of Sweden’s wealthiest families disappeared without a trace more than forty years ago. All these years later, her aged uncle continues to try to discover what happened to her. He hires Mikael Blomkvist, a journalist recently sidelined by a libel conviction, to investigate. Blomkvist is aided by the pierced and tattooed computer prodigy Lisbeth Salander. Together they tap into a vein of unfathomable iniquity and astonishing corruption on their way to discovering the truth of Harriet Vanger’s fate.
 The Girl Who Played with Fire
Mikael Blomkvist, now the crusading publisher of the magazine Millennium, has decided to run a story that will expose an extensive sex trafficking operation. On the eve of its publication, the two reporters responsible for the article are murdered, and the fingerprints found on the murder weapon belong to his friend Lisbeth Salander. Blomkvist, convinced of Salander’s innocence, plunges into an investigation of the murders. Meanwhile, Salander herself is drawn into a murderous game of cat and mouse, which forces her to face her dark past.
 The Girl Who Kicked the Hornet's Nest
Lisbeth Salander lies in critical condition, a bullet wound to her head, in the intensive care unit of a Swedish city hospital. She’s fighting for her life in more ways than one: if and when she recovers, she’ll be taken back to Stockholm to stand trial for three murders. With the help of Mikael Blomkvist, she will not only have to prove her innocence, but also identify and denounce those in authority who have allowed the vulnerable, like herself, to suffer abuse and violence. On her own, she will plot revenge—against the man who tried to kill her, and against the corrupt government institutions that very nearly destroyed her life.
“Unique and fascinating . . . Like a blast of cold, fresh air.”—Chicago Tribune“Wildly suspenseful . . . Intelligent, ingeniously plotted, utterly engrossing.”—The Washington Post“A gripping, stay-up-all-night read.”—Entertainment Weekly
“Dynamite.”—Variety","['Fiction', 'Mystery', 'Thriller', 'Crime', 'Suspense', 'Contemporary', 'Novels', 'Mystery Thriller', 'Adult', 'Scandinavian Literature']",https://i.gr-assets.com/images/S/compressed.photo.goodreads.com/books/1275608877l/7822895.jpg
Tam Lin,"Pamela Dean, Terri Windling (Introduction)","In the ancient Scottish ballad Tam Lin, headstrong Janet defies Tam Lin to walk in her own land of Carterhaugh . . . and then must battle the Queen of Faery for possession of her lover’s body and soul.In this version of Tam Lin Janet is a college student, ""Carterhaugh"" is Carter Hall at the university where her father teaches, and Tam Lin is a boy named Thomas Lane. The book is set against the backdrop of the early 1970s.","['Fantasy', 'Fiction', 'Fairy Tales', 'Young Adult', 'Urban Fantasy', 'Romance', 'Retellings', 'Science Fiction Fantasy', 'Mythology', 'Speculative Fiction']",https://i.gr-assets.com/images/S/compressed.photo.goodreads.com/books/1388351951l/51106.jpg
Half Magic,"Edward Eager, N.M. Bodecker (Illustrator)","Four children wish on a Half Magic coin that gets their mother Alison half-way home, rescued by Mr Smith. Mark's wish zaps them to a desert without island, where half-talking cat Carrie gabbles to a camel. Romantic Katherine battles Launcelot. Eldest Jane rejects siblings for another family. Stubborn youngest, Martha, causes a riot downtown.","['Fantasy', 'Childrens', 'Fiction', 'Middle Grade', 'Young Adult', 'Classics', 'Magic', 'Adventure', 'Juvenile', 'Humor']",https://i.gr-assets.com/images/S/compressed.photo.goodreads.com/books/1503640983l/225038._SX318_.jpg
The Pilgrimage,"Paulo Coelho (Goodreads Author), Alan R. Clarke (Translator)","The Pilgrimage recounts the spectacular trials of Paulo Coelho and his mysterious mentor, Petrus, as they journey across Spain in search of a miraculous sword.The Pilgrimage paved the way to Paulo Coelho's international bestselling novel The Alchemist. In many ways, these two volumes are companions—to truly comprehend one, you must read the other.Step inside this captivating account of Paulo Coelho's pilgrimage along the road to Santiago. This fascinating parable explores the need to find one's own path. In the end, we discover that the extraordinary is always found in the ordinary and simple ways of everyday people. Part adventure story, part guide to self-discovery, this compelling tale delivers the perfect combination of enchantment and insight.","['Fiction', 'Philosophy', 'Spirituality', 'Novels', 'Travel', 'Inspirational', 'Religion', 'Literature', 'Contemporary', 'Self Help']",https://i.gr-assets.com/images/S/compressed.photo.goodreads.com/books/1307909268l/4004.jpg
Open Secrets,Alice Munro,"In these eight tales, Munro evokes the devastating power of old love suddenly recollected. She tells of vanished schoolgirls and indentured frontier brides and an eccentric recluse who, in the course of one surpassingly odd dinner party, inadvertently lands herself a wealthy suitor from exotic Australia. And Munro shows us how one woman's romantic tale of capture and escape in the high Balkans may end up inspiring another woman who is fleeing a husband and lover in present-day Canada.","['Short Stories', 'Fiction', 'Canada', 'Contemporary', 'Nobel Prize', 'Literature', 'Literary Fiction', '20th Century', 'Adult Fiction', 'Canadian Literature']",https://i.gr-assets.com/images/S/compressed.photo.goodreads.com/books/1352920613l/14286.jpg
Spies,Michael Frayn,"There is very little evidence of the war where Keith and Stephen live. But the two friends suspect the inhabitants of The Close aren't what they seem. As Keith informs his trusting friend, the district is riddled with secret passages and underground labs.","['Fiction', 'Historical Fiction', 'War', 'Historical', 'Mystery', 'British Literature', 'Novels', 'World War II', 'School', 'Literary Fiction']",https://i.gr-assets.com/images/S/compressed.photo.goodreads.com/books/1347813589l/287022.jpg
The Singing Creek Where the Willows Grow,"Opal Whiteley, Benjamin Hoff (Editor)","Long before environmental consciousness became popular, a young nature writer named Opal Whiteley captured America's heart. Opal's childhood diary, published in 1902, became an immediate bestseller, one of the most talked-about books of its time. Wistful, funny, and wise, it was described by an admirer as ""the revelation of the ...life of a feminine Peter Pan of the Oregon wilderness—so innocent, so intimate, so haunting, that I should not know where in all literature to look for a counterpart.""But the diary soon fell into disgrace. Condemning it as an adult-written hoax, skeptics stirred a scandal that drove the book into obscurity and shattered the frail spirit of its author.Discovering the diary by chance, bestselling author Benjamin Hoff set out to solve the longstanding mystery of its origin. His biography of Opal that accompanies the diary provides fascinating proof that the document is indeed authentic—the work of a magically gifted child, America's forgotten interpreter of nature.","['Biography', 'Nonfiction', 'Memoir', 'Nature', 'Biography Memoir', 'Autobiography', 'History', 'Environment', 'Diary', 'American']",https://i.gr-assets.com/images/S/compressed.photo.goodreads.com/books/1388203893l/62268.jpg
The Gift,"Vladimir Nabokov, Michael Scammell (Translator), Dmitri Nabokov (Translator)","The Gift is the last of the novels Nabokov wrote in his native Russian and the crowning achievement of that period in his literary career.  It is also his ode to Russian literature, evoking the works of Pushkin, Gogol, and others in the course of its narrative:  the story of Fyodor Godunov-Cherdyntsev, an impoverished émigré poet living in Berlin, who dreams of the book he will someday write--a book very much like The Gift itself.","['Fiction', 'Russia', 'Classics', 'Russian Literature', 'Literature', 'Novels', '20th Century', 'Germany', 'Literary Fiction', 'Modern Classics']",https://i.gr-assets.com/images/S/compressed.photo.goodreads.com/books/1526825311l/8147._SY475_.jpg
Last Car to Elysian Fields,James Lee Burke,'A lyrical and lovely novel that takes Burke back to the top of the crimewriting tree where he richly belongs' Independent On Sunday,"['Mystery', 'Fiction', 'Crime', 'Thriller', 'Detective', 'Mystery Thriller', 'Suspense', 'Audiobook', 'Southern', 'Police']",https://i.gr-assets.com/images/S/compressed.photo.goodreads.com/books/1348770565l/55020.jpg
The Journal of Eugene Delacroix (Phaidon Arts and Letters),"Eugène Delacroix, Lucy Norton (Translator), Hubert Wellington (Editor, Introduction)","Delacroix's Journal is one of the great documents in art history, a magnificent work of literature as well as vital documentary source for scholars and students. In it the artist discusses his own paintings, his life, his sorrow and hopes; the paintings and sculptures of Rubens, Michelangelo, Constable, Bonington and others: old and new literature and the music of Mozart, Rossini and Chopin, the events of his time.This revival of a famous Phaidon series brings together in an elegant format some of the best-known writings of renowned artists, critics and interpreters of our cultural tradition. Each book, an acknowledged classic, provides insights not only into the worlds of the arts and cultural history, but also into the creative and intellectual preoccupations of its author and his time. These Phaidon editions have an introduction and notes by a distinguished editor and a wide range of illustrations specially chosen to complement the text.","['Art', 'Biography', 'Nonfiction', 'Memoir', 'Art History', 'Biography Memoir', 'Autobiography', 'History', 'France', '19th Century']",https://i.gr-assets.com/images/S/compressed.photo.goodreads.com/books/1377910640l/606409.jpg
Moominpappa at Sea,"Tove Jansson, Kingsley Hart (Translator)","When the Moomin family members need a change of scenery, they decide to take up residence in a lighthouse. As they discover their new home, the family also discover surprising, and wonderfully funny, new things about themselves.
","['Fantasy', 'Childrens', 'Fiction', 'Classics', 'Finnish Literature', 'Scandinavian Literature', 'Adventure', 'Young Adult', 'Swedish Literature', 'Middle Grade']",https://i.gr-assets.com/images/S/compressed.photo.goodreads.com/books/1386924188l/79551.jpg
Bidadari Bidadari Surga,Tere Liye (Goodreads Author),"Bidadari-Bidadari Surga bercerita tentang pengorbanan seorang kakak (Laisa) untuk adik-adiknya (Dalimunte, Ikanuri, Wibisana dan Yashinta) di Lembah Lahambay agar adik-adiknya dapat melanjutkan pendidikan mereka, meski ia harus bekerja di terik matahari setiap hari, mengolah gula aren setiap jam 4 pagi serta dimalam hari menganyam rotan, meski pada dasarnya keempat adik-adiknya tersebut berasal dari darah yang berbeda dengan dirinya.Satu sisi Laisa digambarkan sebagai kakak yang galak dan tegas, mengejar-ngejar adiknya yang bolos sekolah dengan rotan dan ranting kayu. Di sisi lain, kontradiktif dengan fisiknya yang gempal, gendut, berkulit hitam, wajah yang tidak proporsional ditambah dengan rambut gimbal serta ukuran tubuhnya yang tidak normal, lebih pendek, Laisa sesungguhnya tipe kakak yang mendukung adik-adiknya, rela mengorbankan diri untuk keselamatan ‘dua anak nakal’ Ikanuri dan Wibisana dari siluman Gunung Kendeng, serta mati-matian mencari obat bagi kesembuhan adiknya Yashinta yang diserang demam panas hingga kejang pada suatu malam.","['Novels', 'Fiction', 'Indonesian Literature', 'Family', 'Romance', 'Drama', 'Love', 'Adult', 'Asian Literature', 'Inspirational']",https://i.gr-assets.com/images/S/compressed.photo.goodreads.com/books/1303476056l/3971237.jpg
The Two Swords,R.A. Salvatore,"Paperback version of the #4 New York Times best-selling hardcover. This title is the third and final book in the latest trilogy from R.A. Salvatore, which once again features his popular dark elf character Drizzt Do’Urden™. The hardcover release of this title had the highest debut ever on TheNew York Times best seller list for a Salvatore title with Wizards of the Coast at #4. The title stayed in the top twenty for five weeks. Both of the previous titles in the series were also New York Times best sellers upon hardcover release, and the first title, The Thousand Orcs, hit the list upon mass-market release as well.","['Fantasy', 'Forgotten Realms', 'Fiction', 'Science Fiction Fantasy', 'Dungeons and Dragons', 'High Fantasy', 'Epic Fantasy', 'Adventure', 'Sword and Sorcery', 'Audiobook']",https://i.gr-assets.com/images/S/compressed.photo.goodreads.com/books/1390694377l/66676.jpg
The Traveler,John Twelve Hawks,"The Traveler explores a parallel world that exists alongside our own. A world that exists in the shadows of our own. A conflict we will never see. One woman stands between those determined to control history and those who will risk their lives for freedom.A world that exists in the shadows of our own.A conflict we will never see.One woman stands between those determined to control history and those who will risk their lives for freedom.Maya is hiding in plain sight in London. The twenty-six-year-old has abandoned the dangerous obligations pressed upon her by her father, and chosen instead to live a normal life. But Maya comes from a long line of people who call themselves Harlequins—a fierce group of warriors willing to sacrifice their lives to protect a select few known as Travelers.Gabriel and Michael Corrigan are brothers living in Los Angeles. Since childhood, the young men have been shaped by stories that their late father was a Traveler, one of a small band of prophets who have vastly influenced the course of history. Travelers are able to attain pure enlightenment, and have for centuries ushered change into the world. Gabriel and Michael, who may have inherited their father's gifts, have always protected themselves by living “off the Grid”—that is, invisible to the real-life surveillance networks that monitor people in our modern society.Summoned by her ailing father, Maya is told of the existence of the brothers. The Corrigans are in severe danger, stalked by powerful men known as the Tabula—ruthless mercenaries who have hunted Travelers for generations. This group is determined to inflict order on the world by controlling it, and they view Travelers as an intolerable threat. As Maya races to California to protect the brothers, she is reluctantly pulled back into the cold and solitary Harlequin existence. A colossal battle looms—one that will reveal not only the identities of Gabriel and Michael Corrigan but also a secret history of our time.Moving from the back alleys of Prague to the heart of Los Angeles, from the high deserts of Arizona to a guarded research facility in New York, The Traveler explores a parallel world that exists alongside our own. John Twelve Hawks' stunningly suspenseful debut is an international publishing sensation that marks the arrival of a major new talent.","['Fantasy', 'Fiction', 'Science Fiction', 'Thriller', 'Dystopia', 'Science Fiction Fantasy', 'Urban Fantasy', 'Adventure', 'Audiobook', 'Action']",https://i.gr-assets.com/images/S/compressed.photo.goodreads.com/books/1388542043l/80754.jpg
Meditations from a Movable Chair,Andre Dubus,"The twenty-five luminous and intensely personal essays in this collection are, like Andre Dubus's celebrated short stories, a testament to the author's vulnerability, vision, and indestructible faith. Since losing one leg and the use of the other in a 1986 accident, Dubus has experienced despair, learned acceptance, and, finally, found joy in the sacramental magic of even the most quotidian tasks.Whether he is writing of the relationship with his father, the rape of his beloved sister, his Catholic faith, the suicide of a gay naval officer, his admiration for fellow writers like Hemingway and Mailer, or the simple act of making sandwiches for his daughters' lunchboxes, Dubus cuts straight to the heart of things. Here we have a master at the height of his powers, an artist whose work ""is suffused with grace, bathed in a kind of spiritual glow"" (The New York Times Book Review).","['Essays', 'Nonfiction', 'Memoir', 'Biography', 'Writing', 'Literature']",https://i.gr-assets.com/images/S/compressed.photo.goodreads.com/books/1403169733l/33885.jpg
Encala,T.M. Nielsen,"Encala, Book 3 in the Heku Series, finds Emily and Chevalier settled into the palace and life as one of the ruling heads of the Equites begins. The Equites elect Damon onto the Equites Council and he immediately finds himself at odds with Emily. Her independence and head-strong personality harshly conflict with his strict nature as one of the ‘old ones’.As the Council City Cavalry struggles to keep tabs on Emily, the Encala begin their mission to gain her confidence and then jump to drastic measures to pull her into the Encala Faction.The V.E.S. emerges, and come to believe that Emily and Allen are being controlled by the vampires. They quickly intertwine themselves closely with the city outside of Council City, the home of the Equites.Emily and Allen head to New Mexico to attend the wedding of Emily’s cousin, and find themselves in the company of a strange heku. This heku befriends Emily, and comes to her defense when Chevalier finds out, and the Equites Council threatens to turn against her.Emily’s abilities strengthen, and her immense value as a weapon becomes evident to all three factions and the relationships become more tense and volatile.","['Paranormal', 'Vampires', 'Romance', 'Fantasy', 'Paranormal Romance']",https://i.gr-assets.com/images/S/compressed.photo.goodreads.com/books/1305794522l/9505036.jpg
Viking Warrior,Judson Roberts,"He's the son of a chieftain and a princess--yet Halfdan was born a slave. Now he is becoming a man and it is time for him to meet his destiny. Though raised a slave who could only dream of freedom, young Halfdan's fate may be about to change. If freed, he may train as a Viking warrior, and come to know the glories of true brotherhood and the horrors of unspeakable evil. In the world of Vikings, a warrior's destiny is forged in the heat of battle. If the fates decree it, Hafdan may emerge as a new hero . . . a new myth . . . and perhaps a new legend.","['Historical Fiction', 'Young Adult', 'Fantasy', 'Historical', 'Fiction', 'Adventure', 'Medieval', 'Action', 'Adult', 'Young Adult Fantasy']",https://i.gr-assets.com/images/S/compressed.photo.goodreads.com/books/1349128139l/590342.jpg
Island of the Innocent,"Lynn Morris, Gilbert Morris","Cheney Duvall travels to Hawaii to help Shiloh Irons, who believes the Winslows might be his long-lost family, despite their refusal to have anything to do with him.","['Christian Fiction', 'Historical Fiction', 'Christian', 'Romance', 'Historical', 'Fiction', 'Adult Fiction', 'Christian Romance', 'Historical Romance', 'Christian Historical Fiction']",https://i.gr-assets.com/images/S/compressed.photo.goodreads.com/books/1387665551l/876360.jpg
Le Grand Meaulnes,"Alain-Fournier, Frank DalDavison (Translation)","In a small village in the Sologne, Fifteen-year-old François Seurel narrates the story of his relationship with seventeen-year-old Augustin Meaulnes. Impulsive, reckless and heroic, Meaulnes embodies the romantic ideal, the search for the unobtainable, and the mysterious world between childhood and adulthood.","['Fiction', 'Classics', 'France', 'French Literature', '20th Century', 'Literature', 'Novels', 'Romance', 'Roman', 'Literary Fiction']",https://i.gr-assets.com/images/S/compressed.photo.goodreads.com/books/1430741512l/794779.jpg
"I, Partridge: We Need to Talk About Alan","Alan Partridge (Pen Name), Rob Gibbons, Neil Gibbons, Armando Iannucci, Steve Coogan","Book by Partridge, Alan.Journalist, presenter, broadcaster, husband, father, vigorous all-rounder: Alan Partridge. Star of action blockbuster Alpha Papa; a man with a fascinating past and an amazing future.Gregarious and popular, yet Alan’s never happier than when relaxing in his own five-bedroom, south-built house with three acres of land and access to a private stream. But who is this mysterious enigma?Alan Gordon Partridge is the best – and best-loved – radio presenter in the region. Born into a changing world of rationing, Teddy Boys, apes in space and the launch of ITV, Alan’s broadcasting career began as chief DJ of Radio Smile at St. Luke’s Hospital in Norwich. After replacing Peter Flint as the presenter of Scout About, he entered the top 8 of BBC sports presenters.But Alan’s big break came with his primetime BBC chat show Knowing Me, Knowing You. Sadly, the show battled against poor scheduling, having been put up against News at Ten, then in its heyday. Due to declining ratings, a single catastrophic hitch (the killing of a guest on air) and the dumbing down of network TV, Alan’s show was cancelled. Not to be dissuaded, he embraced this opportunity to wind up his production company, leave London and fulfil a lifelong ambition to return to his roots in local radio.Now single, Alan is an intensely private man but he opens up, for the second time, in this candid, entertaining, often deeply emotional – and of course compelling – memoir, written entirely in his own words. (Alan quickly dispelled the idea of using a ghost writer. With a grade B English Language O-Level, he knew he was up to the task.)He speaks touchingly about his tragic Toblerone addiction, and the painful moment when unsold copies of his first autobiography, Bouncing Back, were pulped like ‘word porridge’. He reveals all about his relationship with his ex-Ukrainian girlfriend, Sonja, with whom he had sex at least twice a day, and the truth about the thick people who make key decisions at the BBC.A literary tour de force, I, Partridge: We Need to Talk About Alan charts the incredible journey of one of our greatest broadcasters.","['Humor', 'Fiction', 'Comedy', 'Audiobook', 'British Literature', 'Biography Memoir', 'Pop Culture', 'Novels', 'Tv', 'Modern']",https://i.gr-assets.com/images/S/compressed.photo.goodreads.com/books/1494078833l/12363948._SY475_.jpg
Loitering with Intent,Muriel Spark,"""How wonderful to be an artist and a woman in the twentieth century,"" Fleur Talbot rejoices. Happily loitering about London, c. 1949, with intent to gather material for her writing, Fleur finds a job ""on the grubby edge of the literary world,"" as secretary to the peculiar Autobiographical Association. Mad egomaniacs, hilariously writing their memoirs in advance—or poor fools ensnared by a blackmailer? Rich material, in any case. But when its pompous director, Sir Quentin Oliver, steals the manuscript of Fleur's new novel, fiction begins to appropriate life. The association's members begin to act out scenes exactly as Fleur herself has already written them in her missing manuscript. And as they meet darkly funny, pre-visioned fates, where does art start or reality end? ""A delicious conundrum,"" The New Statesman called Loitering with Intent.","['Fiction', 'Literary Fiction', 'Classics', 'Humor', 'Literature', 'British Literature', 'Novels', 'Audiobook', 'Scotland', 'Contemporary']",https://i.gr-assets.com/images/S/compressed.photo.goodreads.com/books/1430344701l/58677.jpg
In the Company of the Courtesan,Sarah Dunant,"My lady, Fiammetta Bianchini, was plucking her eyebrows and biting color into her lips when the unthinkable happened and the Holy Roman Emperor's army blew a hole in the wall of God's eternal city, letting in a flood of half-starved, half-crazed troops bent on pillage and punishment.
  
Thus begins In the Company of the Courtesan, Sarah Dunant's epic novel of life in Renaissance Italy. Escaping the sack of Rome in 1527, with their stomachs churning on the jewels they have swallowed, the courtesan Fiammetta and her dwarf companion, Bucino, head for Venice, the shimmering city born out of water to become a miracle of east-west trade: rich and rancid, pious and profitable, beautiful and squalid.With a mix of courage and cunning they infiltrate Venetian society. Together they make the perfect partnership: the sharp-tongued, sharp-witted dwarf, and his vibrant mistress, trained from birth to charm, entertain, and satisfy men who have the money to support her.Yet as their fortunes rise, this perfect partnership comes under threat, from the searing passion of a lover who wants more than his allotted nights to the attentions of an admiring Turk in search of human novelties for his sultan's court. But Fiammetta and Bucino's greatest challenge comes from a young crippled woman, a blind healer who insinuates herself into their lives and hearts with devastating consequences for them all.A story of desire and deception, sin and religion, loyalty and friendship, In the Company of the Courtesan paints a portrait of one of the world's greatest cities at its most potent moment in history: It is a picture that remains vivid long after the final page.","['Historical Fiction', 'Fiction', 'Historical', 'Italy', '16th Century', 'Audiobook', 'Romance', 'Adult Fiction', 'Novels', 'Art']",https://i.gr-assets.com/images/S/compressed.photo.goodreads.com/books/1386924737l/62212.jpg
"Louder, Lili","Gennifer Choldenko (Goodreads Author), S.D. Schindler (Illustrator)","Lili is the quietest kid in class. She spends recess inside with Lois, the class's pet guinea pig, and allows Cassidy do her talking for her, even if it means never getting to have the best parts in games. Sometimes it's just easier letting Cassidy be in charge, but will Lili have the courage to speak up when it means keeping Lois from getting hurt? This warm, humorous story will speak to any child learning to find his or her own voice?and children used to being the boss might see themselves reflected in Cassidy's over-the-top antics, as well. ","['Picture Books', 'School', 'Childrens', 'Emotion', 'School Stories']",https://i.gr-assets.com/images/S/compressed.photo.goodreads.com/books/1347743658l/799147.jpg
Burnt Tongues,"Chuck Palahniuk (Goodreads Author) (Editor), Richard Thomas (Goodreads Author) (Editor), Dennis Widmyer (Editor), Amanda Gowin (Goodreads Author), Matt Egan, Fred Venturini (Goodreads Author), Brandon Tietz (Goodreads Author), Adam Skorupskas (Goodreads Author), more…","Transgressive fiction authors write stories some are afraid to tell. Stories with taboo subjects, unique voices, shocking images—nothing safe or dry.Burnt Tongues is a collection of transgressive stories selected by a rigorous nomination and vetting process and hand-selected by Chuck Palahniuk, author of Fight Club, as the best of The Cult workshop, his official fan website.These stories run the gamut from horrific and fantastic to humorous and touching, but each leaves a lasting impression. Some may say even a scar.Also includes: The Power of Persisting: An Introduction by Chuck Palahniuk, and from the Editors: The Genesis of Burnt Tongues by Dennis Widmyer and Richard Thomas.Table of Contents:Live This Down by Neil KrolickiCharlie by Chris Lewis CarterPaper by Gayle TowellMating Calls by Tony LiebhardMelody by Michael De Vito, Jr.F for Fake by Tyler JonesMind and Soldier by Phil JourdanIngredients by Richard LemmerThe Line Forms on the Right by Amanda GowinA Vodka Kind of Girl by Matt EganGasoline by Fred VenturiniDietary by Brandon TietzInvisible Graffiti by Adam SkorupskasBike by Bryan HowieHeavier Petting by Brien PiechosEngines, O-Rings, and Astronauts by Jason M. FylanLemming by Terence James EelesThe Routine by Keith BuieSurvived by Gus MorenoZombie Whorehouse by Daniel W. Broallt","['Short Stories', 'Fiction', 'Horror', 'Anthologies', 'Dark', 'Collections', 'Adult', 'Cult Classics', 'Literature', 'Novels']",https://i.gr-assets.com/images/S/compressed.photo.goodreads.com/books/1398195786l/20344952.jpg
Talent Is Never Enough: Discover the Choices That Will Take You Beyond Your Talent,John C. Maxwell,"New York Times best-selling author Dr. John C. Maxwell has a message for you, and for today's corporate culture fixated on talent above all else: TALENT IS NEVER ENOUGH.People everywhere are proving him right. Read the headlines, watch the highlights, or just step out your front door: Some talented people reach their full potential, while others self-destruct or remain trapped in mediocrity. What makes the difference? Maxwell, the go-to guru for business professionals across the globe, insists that the choices people make-not merely the skills they inherit-propel them onto greatness. Among other truths, successful people know that:Belief lifts your talent. Initiative activates your talent. Focus directs your talent. Preparation positions your talent. Practice sharpens your talent. Perseverance sustains your talent. Character protects your talent. . . . and more!!It's what you add to your talent that makes the greatest difference. With authentic examples and time-tested wisdom, Maxwell shares thirteen attributes you need to maximize your potential and live the life of your dreams.You can have talent alone and fall short of your potential. Or you can have talent plus, and really stand out.","['Leadership', 'Nonfiction', 'Self Help', 'Business', 'Personal Development', 'Psychology', 'Christian', 'Buisness', 'Human Development', 'Childrens']",https://i.gr-assets.com/images/S/compressed.photo.goodreads.com/books/1356171540l/7706518.jpg
Daredevil: The Man Without Fear,"Frank Miller, John Romita Jr.","A fire burns deep within Matt Murdock. He was raised by a single father, an over-the-hill prizefighter with one last chance to make it good - a chance that cost him his life! Taunted and tormented by children while growing up, Matt's life was irrevocably altered after he was blinded by radioactive materials while saving the life of an old man. The payoff? An unbreakable will and a keen intelligence, helping focus the super-senses he was blessed with during the accident. His story is one of love, pain, disappointment, and strength. Witness the tour-de-force origin of the Man Without Fear by industry legends Frank Miller and John Romita Jr.Collects Daredevil: The Man Without Fear #1-5.","['Comics', 'Graphic Novels', 'Marvel', 'Comic Book', 'Graphic Novels Comics', 'Fiction', 'Superheroes', 'Crime', 'Sequential Art', 'Fantasy']",https://i.gr-assets.com/images/S/compressed.photo.goodreads.com/books/1603897392l/59973.jpg
Safahat,Mehmet Akif Ersoy,"Safahat , Mehmet Akif Ersoy'un 1911-1933 yılları arasında yayımladığı yedi şiir kitabındaki şiirleri bir araya getiren eserdir.Eser, Türkiye’de en fazla okunan şiir ve fikir kitaplarındandır. İçerdiği şiirlerin konusu dönemin sosyal sorunları, tarihi ve dini konularıdır.Kelime olarak “Hayatın değişik yüzleri, görünümleri” anlamına gelen Safahat, yedi kitabın da ortak adı olmuştur ancak şairin sadece 1911 yılında yayınlanan ilk şiir kitabı yayımlandığında sırf “Safahat” adını taşımıştır. Şairin daha sonra yayınladığı diğer kitaplar “ikinci kitap”, “üçüncü kitap” olarak adlandırılır ve kendilerine ait alt başlıklar taşırlar. Safahat adı altında bir araya gelmiş kitaplarının alt başlıkları sırasıyla şunlardır: Saahat (1911),Süleymaniye Kürsüsünde (1912), Hakkın Sesleri (1913), Fartih Kürsüsünde (1914), Hatıralar (1917), Asım (1924), Gölgeler (1933).Safahati meydana getiren eserler o zamana kadar ayrı ayrı basılmakta iken yeni harflerle (Latin alfabesi) basılmaya başladığı 1943 yılından toplu olarak tek bir büyük ciltte basılmıştır.Eserin Tevfik Fikret'ten izler taşıdığı görülmekle birlikte bağımsız bir edebi kişiliğin ürünü olduğu kabul edilmektedir.Safahat’in kimi baskılarında Mehmet Akif'in sağlığında kitaplarında yer vermediği bazı şiirleri de eklenmiştir. İstiklal Marşı ise Safahat’da yer almaz. Şair bunun nedenini marşın Türk milletinin eseri olduğu düşüncesiyle açıklamış ve bu düşüncesini “Onu milletime ve kahraman ordumuza hediye ettim. Zaten o milletin eseridir, milletin malıdır. Ben yalnız gördüğümü yazdım” sözleriyle ifade etmiştir","['Poetry', 'Turkish Literature', 'Turkish']",https://i.gr-assets.com/images/S/compressed.photo.goodreads.com/books/1279964434l/2695142.jpg
Someone to Watch Over Me,Judith McNaught,"Leigh Kendall reveled in her stellar Broadway acting career and in her marriage to Logan Manning, scion of an old New York family. When her husband finds the perfect mountain property for their dream house, he decides to surprise Leigh with her first view of the site. Driving upstate on a winter's night, Leigh is run off the road in the midst of a blinding blizzard. When she awakes in the local hospital, seriously injured, the police inform her that her husband has mysteriously disappeared, and Leigh, although obviously distraught, becomes the focus of their suspicions. The more she discovers about her husband and his business affairs, the less she realizes she knew about Logan Manning. Now, Leigh is heading deeper and deeper into unknown territory... where friends and enemies are impossible to distinguish, and where the truth becomes the most terrifying.","['Romance', 'Contemporary Romance', 'Romantic Suspense', 'Contemporary', 'Mystery', 'Fiction', 'Suspense', 'Chick Lit', 'Thriller', 'Adult']",https://i.gr-assets.com/images/S/compressed.photo.goodreads.com/books/1387713534l/353938.jpg
"Articles on Thursday Next Series, Including: The Eyre Affair, Lost in a Good Book, the Well of Lost Plots, Thursday Next, Bookworld, Something Rotten, Characters in the Thursday Next Series, First Among Sequels, Specops",Hephaestus Books,"This book does not contain any of the Thursday Next books, or indeed anything written by Jasper Fforde.It is 50 pages of reprints of Wikipedia and other public domain online articles.Hephaestus Books represents a new publishing paradigm, allowing disparate content sources to be curated into cohesive, relevant, and informative books. To date, this content has been curated from Wikipedia articles and images under Creative Commons licensing, although as Hephaestus Books continues to increase in scope and dimension, more licensed and public domain content is being added. We believe books such as this represent a new and exciting lexicon in the sharing of human knowledge. This particular book is a collaboration focused on Thursday Next series.","['Fiction', 'Fantasy']",https://i.gr-assets.com/images/S/compressed.photo.goodreads.com/books/1347523082l/12592685.jpg
The Pursuit of Love,Nancy Mitford,"Few aristocratic English families of the twentieth century enjoyed the glamorous notoriety of the infamous Mitford sisters. Nancy Mitford's most famous novel, The Pursuit of Love satirizes British aristocracy in the twenties and thirties through the amorous adventures of the Radletts, an exuberantly unconventional family closely modelled on Mitford's own.The Radletts of Alconleigh occupy the heights of genteel eccentricity, from terrifying Lord Alconleigh (who, like Mitford's father, used to hunt his children with bloodhounds when foxes were not available), to his gentle wife, Sadie, their wayward daughter Linda, and the other six lively Radlett children. Mitford's wickedly funny prose follows these characters through misguided marriages and dramatic love affairs, as the shadow of World War II begins to close in on their rapidly vanishing world.","['Fiction', 'Classics', 'Romance', 'Historical Fiction', 'British Literature', 'Humor', '20th Century', 'Historical', 'Novels', 'Modern Classics']",https://i.gr-assets.com/images/S/compressed.photo.goodreads.com/books/1178768641l/835458._SY475_.jpg
Anil's Ghost,Michael Ondaatje,"An alternate cover edition of this ISBN can be found here.With his first novel since the internationally acclaimed The English Patient, Booker Prize-winning author Michael Ondaatje gives us a work displaying all the richness of imagery and language and the piercing emotional truth that we have come to know as the hallmarks of his writing.Anil’s Ghost transports us to Sri Lanka, a country steeped in centuries of tradition, now forced into the late twentieth century by the ravages of civil war. Into this maelstrom steps Anil Tissera, a young woman born in Sri Lanka, educated in England and America, who returns to her homeland as a forensic anthropologist sent by an international human rights group to discover the source of the organized campaigns of murder engulfing the island. What follows is a story about love, about family, about identity, about the unknown enemy, about the quest to unlock the hidden past–a story propelled by a riveting mystery. Unfolding against the deeply evocative background of Sri Lanka’s landscape and ancient civilization, Anil’s Ghost is a literary spellbinder–Michael Ondaatje’s most powerful novel yet.","['Fiction', 'Canada', 'Historical Fiction', 'Literature', 'Literary Fiction', 'Asia', 'Contemporary', 'Novels', 'Mystery', 'War']",https://i.gr-assets.com/images/S/compressed.photo.goodreads.com/books/1386924095l/5942.jpg
The Isis Covenant,James Douglas,"Jamie Saintclair embarks on another action-packed historical adventure, guaranteed to have you gripped from page one! Perfect for fans of Dan Brown, Chris Kuzneski and Scott Mariani.

  
  READERS ARE LOVING THE ISIS COVENANT! 
""Cracking read, only put it down for sleeping, shopping and the washing up."" - 5 STARS""Excellent read, enjoyed it from start to finish..."" - 5 STARS""Great Read. Hooked from page 1"" - 5 STARS****************************************THE PRICE OF ETERNAL LIFE IS DEATH...AD 64: Roman centurion Marcus Domitus leads an expedition to find the mythical treasure hidden deep inside Queen Dido's temple.1945: Two Nazis disappear amidst the chaos of a burning Berlin - and so does a precious object.2009: Two brutal murders in London and Boston linked by a single name and a shared history.When art recovery expert Jamie Saintclair is asked to help investigate, he finds himself delving deep into the occult and uncovering dark secrets, tales of lust and greed and a curse linked to ancient Egypt... Can he discover the truth before the curse claims more victims and catches up with him?Jamie Saintclair's adventures continue in The Excalibur Codex and The Samurai Inheritance. Have you read The Doomsday Testament, his first adventure?","['Thriller', 'History', 'Adventure', 'Action']",https://i.gr-assets.com/images/S/compressed.photo.goodreads.com/books/1342309798l/15752117.jpg
No Unhallowed Hand,Gerald N. Lund (Goodreads Author),"“Joshua,” said Brigham, “three years ago, Joseph wrote to a Mr. John Wentworth, and one of the things he said was this. 'The standard of truth has been erected, and no unhallowed hand can stop the work from progressing. It will not stop until the purposes of God are accomplished and the great Jehovah shall say to us, the work is done!'”Now Brigham's voice quivered with excitement; his eyes burned with intensity. “That's what we're offering here, Joshua. Those men with their painted faces stormed Carthage Jail and thought they had stopped the work. Well, what an enormous shock this will be to them! They're driving us from the state, thinking that will end it. But give us ten years. Fifteen years! And then even a blind man will know that no unhallowed hand can stop this work.”Picking up the story shortly after the martyrdom of Joseph and Hyrum Smith, No Unhallowed Hand — volume 7 in the series The Work and the Glory — takes the saga of the Restoration the the fictional Steed family from the end of June 1844 to February 1846.As this volume opens, it is a time of great sadness and of uncertainty. Having lost their beloved prophet, the Saints witness a series of power plays by those who would use the opportunity to further their own interests. It is not long, however, before the Lord's purposes are made apparent and the Twelve take their rightful position as leaders of the Church, with Brigham Young at their head. For a time, an uneasy peace seems to prevail in Illinois, but then the Nauvoo Charter is revoked, anti-Mormon hatred is again inflamed by those involved in the Prophet's death, mobs burn homes in small Mormon settlements, and eventually the Saints again find themselves faced with the threat of violent expulsion unless they agree to leave the state. The situation promises to divide the Steeds. Who among them will go west and who will stay? What will Joshua's and Melissa's part-member families do?This installment in the series contains not only its share of fascinating real-life history, but also a number of plot twists involving the Steeds that will keep readers engaged from beginning to end. The story of their lives underscores the prophetic nature of Joseph Smith's words that, indeed, “no unhallowed hand can stop the work.”","['Historical Fiction', 'Lds', 'Lds Fiction', 'Religion', 'Fiction', 'Church', 'Adult', 'Spirituality', 'Adult Fiction', 'Christian Fiction']",https://i.gr-assets.com/images/S/compressed.photo.goodreads.com/books/1266601545l/625561.jpg
Blue Light,Walter Mosley,"San Francisco in the mid 1960s is already a crazy place when a cosmic blue light randomly strikes people in its path, quickening their DNA and enhancing their strengths. Under blue light nothing remains the same.","['Science Fiction', 'Fiction', 'African American', 'Science Fiction Fantasy', 'Fantasy', 'Mystery', 'Contemporary', 'Speculative Fiction', 'Collections']",https://i.gr-assets.com/images/S/compressed.photo.goodreads.com/books/1176684480l/644416.jpg
Albert of Adelaide,Howard L. Anderson (Goodreads Author),"At once an old-fashioned-buddy-novel-shoot-'em-up and a work of deliciously imagined fantasy, Howard L. Anderson's dazzling debut presents the haunting story of a world where something has gone horribly awry . . . Having escaped from Australia's Adelaide Zoo, an orphaned platypus named Albert embarks on a journey through the outback in search of ""Old Australia,"" a rumored land of liberty, promise, and peace. What he will find there, however, away from the safe confinement of his enclosure for the first time since his earliest memories, proves to be a good deal more than he anticipated. Alone in the outback, with an empty soft drink bottle as his sole possession, Albert stumbles upon pyromaniacal wombat Jack, and together they spend a night drinking and gambling in Ponsby Station, a rough-and-tumble mining town. Accused of burning down the local mercantile, the duo flees into menacing dingo territory and quickly go their separate ways-Albert to pursue his destiny in the wastelands, Jack to reconcile his past. Encountering a motley assortment of characters along the way-a pair of invariably drunk bandicoots, a militia of kangaroos, hordes of the mercurial dingoes, and a former prize-fighting Tasmanian devil-our unlikely hero will discover a strength and skill for survival he never suspected he possessed. Told with equal parts wit and compassion, Albert of Adelaide shows how it is often the unexpected route, and the most improbable companions, that lead us on the path to who we really are. Who you journey with, after all, is far more important than wherever it is you are going.","['Fiction', 'Fantasy', 'Australia', 'Animals', 'Adventure', 'Westerns', 'Novels', 'Adult Fiction', 'Contemporary', 'Science Fiction Fantasy']",https://i.gr-assets.com/images/S/compressed.photo.goodreads.com/books/1342899829l/13486177.jpg
Immortal Queen,Elizabeth Byrd,"On February 8th, 1587, a woman of forty-four, regal, elegant, but no longer beautiful, knelt to lay her head upon a block. At the third stroke of the axe the order signed by Queen Elizabeth I of England was carried out, and the turbulent life of Mary, Queen of Scots was ended. — ""Immortal Queen"" tells the story of that life, from Mary's childhood days in France to her death at Fotheringay. The narrative is in the highest tradition of historical fiction - vivid, alive, and rich in pageantry. From the first page the reader is lost in a world of nearly four centuries ago, a world of drama and torturous intrigue, of treachery and high courage. Mary, a widow and a queen at the age of eighteen, dies as courageously as she had lived; and Bothwell, that lion of a man who perished a madman in a Danish prison, more that matches her in courage - and is the one man she could trust among many who would betray her and plot her downfall. All spring to life in this enthralling, unforgettable book.","['Historical Fiction', 'Fiction', 'Scotland', 'Historical', 'Tudor Period', 'Novels', 'British Literature']",https://i.gr-assets.com/images/S/compressed.photo.goodreads.com/books/1335007921l/3181986.jpg
"Break the Bodies, Haunt the Bones",Micah Dean Hicks (Goodreads Author),"Swine Hill was full of the dead. Their ghosts were thickest near the abandoned downtown, where so many of the town’s hopes had died generation by generation. They lingered in the places that mattered to them, and people avoided those streets, locked those doors, stopped going into those rooms... They could hurt you. Worse, they could change you.Jane is haunted. Since she was a child, she has carried a ghost girl that feeds on the secrets and fears of everyone around her, whispering to Jane what they are thinking and feeling, even when she doesn’t want to know. Henry, Jane’s brother, is ridden by a genius ghost that forces him to build strange and dangerous machines. Their mother is possessed by a lonely spirit that burns anyone she touches. In Swine Hill, a place of defeat and depletion, there are more dead than living.When new arrivals begin scoring precious jobs at the last factory in town, both the living and the dead are furious. This insult on the end of a long economic decline sparks a conflagration. Buffeted by rage on all sides, Jane must find a way to save her haunted family and escape the town before it kills them.","['Horror', 'Fantasy', 'Fiction', 'Paranormal', 'Science Fiction', 'Halloween', 'Ghosts', 'Adult', 'Thriller', 'New Adult']",https://i.gr-assets.com/images/S/compressed.photo.goodreads.com/books/1525583050l/38393457.jpg
The Soul Is Here For Its Own Joy: Sacred Poems from Many Cultures,Robert Bly,"Robert Bly's ground-breaking anthology of spiritual poems, the result of over a decade of personal research, celebrates the ongoing role of the divine in literature. For as long as people have lived together in communities and built enduring cultures, they have sung and written about their relationship with the God or gods they believed in. In the words of the Irish writer Sean O'Faolain, ""all good writing in the end is the writer's argument with God.""The Soul Is Here For Its Own Joy gathers poems from a wide range of cultures and traditions and divides them into ten parts, each forming a resonant exploration of a specific and timeless spiritual question. Selections include the work of Dante, Dogen, Goethe, Hafez, Juan Ramon Jimenez, Kabir, Lalla, Li Po, Mirabai, Mary Oliver, Owl Woman, Rainer Maria Rilke, and Rumi, in addition to Blake, Dickinson, Donne, Hopkins, Stevens, Yeats, and other important English and American poets. Together these poems form both a celebration and a quest--a kind of pilgrim's progress that embraces all the rich wisdom of East and West, ancient and modern, male and female, spirit and flesh.","['Poetry', 'Spirituality', 'The World', 'Cultural', 'Anthologies', 'Nonfiction']",https://i.gr-assets.com/images/S/compressed.photo.goodreads.com/books/1387740455l/162334.jpg
Peso leggero,"Olivier Adam, Maurizia Balmelli (Translator)","Di giorno seppellisce sconosciuti per conto di un’impresa di pompe funebri, di sera si allena in una palestra di periferia dove le speranze sono scandite solo dal ritmo dei pugni dati e ricevuti. Smarrito nello squallore del caos suburbano, ogni legame spezzato dalla morte o dalla vita, il giovane pugile Antoine non riesce a dare un senso alla propria esistenza: vinto dall’alcol, incapace di amare, smarrito in un caleidoscopio di ricordi d’infanzia sempre più sgranati e distanti, rischia di giocarsi tutto anche sul ring della vita... Peso leggero è considerato uno dei capolavori di Olivier Adam, che nel giro di pochi anni ha commosso e incantato migliaia di lettori francesi riuscendo a imporsi come una delle voci più significative della nuova generazione.",['France'],https://i.gr-assets.com/images/S/compressed.photo.goodreads.com/books/1414948235l/9669355.jpg
The Memory of Running,Ron McLarty,"Every decade seems to produce a novel that captures the public's imagination with a story that sweeps readers up and takes them on a thrilling, unforgettable ride.Ron McLarty's The Memory of Running is this decade's novel. By all accounts, especially his own, Smithson ""Smithy"" Ide is a loser. An overweight, friendless, chain-smoking, forty-three-year-old drunk, Smithy's life becomes completely unhinged when he loses his parents and long-lost sister within the span of one week.Rolling down the driveway of his parents' house in Rhode Island on his old Raleigh bicycle to escape his grief, the emotionally bereft Smithy embarks on an epic, hilarious, luminous, and extraordinary journey of discovery and redemption. (From the publisher.)","['Fiction', 'Contemporary', 'Novels', 'Audiobook', 'Book Club', 'Adult Fiction', 'Mental Illness', 'Adventure', 'Adult', 'Psychology']",https://i.gr-assets.com/images/S/compressed.photo.goodreads.com/books/1309288683l/112147.jpg
Comics Squad: Recess!,"Jennifer L. Holm (Goodreads Author), Matthew Holm, Jarrett J. Krosoczka (Goodreads Author), Dan Santat (Goodreads Author), Raina Telgemeier (Goodreads Author), Dav Pilkey (Contributor), Dave Roman (Goodreads Author) (Contributor), Eric Wight (Goodreads Author) (Contributor), more…","A bust-your-gut-laughing graphic-novel anthology with original contributions from the most beloved names in the genre! * Jennifer Holm & Matthew Holm * Jarrett J. Krosoczka * Dav Pilkey * Dan Santat * Raina Telgemeier * Dave Roman * Ursula Vernon * Eric Wight * Gene Yang *Wowza! Calling all kidz! Do you like comics? Do you like laughing till milk comes out of your nose?! Look no further--do we have the book for you! All your favorite comic creators are right here in this handy-dandy hilarious book! This all-star tribute to classic Sunday comics includes eight sidesplitting, action-packed stories about every kid's favorite subject--RECESS! With popular characters from Babymouse and Lunch Lady and brand-new soon-to-be favorite characters from superstars including Dav Pilkey! Raina Telgemeier! Gene Yang! and many more! Comics Squad also features Pizza Monsters! Secret ninja clubs! Aliens! Talking desserts! Dinozilla! Death-defying escapes! Bad guys! Good guys! Medium guys! Superheroes! Bullies! Mean girls! Epic battles! True love! Outlandish schemes! Evil plans! Fun! Jokes! Terrible puns! And other surprises that will tickle your funny bone! WARNING: THIS BOOK MAY CAUSE EXCESSIVE LAUGHTER AND POSSIBLE SILLINESS. No assembly required. (Pizzatron 2000 not included.)","['Graphic Novels', 'Humor', 'Middle Grade', 'Comics', 'Short Stories', 'Childrens', 'School', 'Fiction', 'Juvenile', 'Graphic Novels Comics']",https://i.gr-assets.com/images/S/compressed.photo.goodreads.com/books/1388375460l/18691025.jpg
Just One Wish,Janette Rallison (Goodreads Author),"Seventeen-year-old Annika Truman knows about the power of positive thinking. With a little brother who has cancer, it's all she ever hears about. And in order to help Jeremy, she will go to the ends of the earth (or at least as far as Hollywood) to help him believe he can survive his upcoming surgery. But Annika's plan to convince Jeremy that a magic genie will grant him any wish throws her a curveball when he unexpectedly wishes that his television idol would visit him. Annika suddenly finds herself in the desperate predicament of getting access to a hunky star actor and convincing him to come home with her. Piece of cake, right? Janette Rallison's proven talent for laugh-out-loud humor, teen romance, and deep-hearted storytelling shines in a novel that will have readers laughing and crying at the same time.","['Young Adult', 'Romance', 'Contemporary', 'Chick Lit', 'Realistic Fiction', 'Fiction', 'Teen', 'Road Trip', 'Humor', 'Family']",https://i.gr-assets.com/images/S/compressed.photo.goodreads.com/books/1424451108l/4570667.jpg
The Cat Who Brought Down the House,Lilian Jackson Braun,"Retiring in Pickax, actress Thelma Thackeray has decided to start a film club and organize a fundraiser revue, starring Koko the cat. But Thelma's celebrated arrival takes an unpleasant turn when the strange circumstances of her twin brother's recent death seem suspicious to Jim Qwilleran. Qwill needs a helping paw in this case. But will Koko deign to take time from his stage debut?Also see: Alternate Cover Editions for this ISBN [ACE] 
  ACE #1
~","['Mystery', 'Fiction', 'Cats', 'Cozy Mystery', 'Animals', 'Crime', 'Humor', 'Mystery Thriller', 'Audiobook', 'Adult']",https://i.gr-assets.com/images/S/compressed.photo.goodreads.com/books/1388513814l/820278.jpg
In the Wake of the Sea-Serpents,Bernard Heuvelmans,Second Printing April 1969,"['Cryptozoology', 'Nonfiction', 'Science', 'Animals', 'Monsters', 'History']",https://i.gr-assets.com/images/S/compressed.photo.goodreads.com/books/1359891269l/1257262.jpg
Darkstalker,Tui T. Sutherland,"Three dragons. One unavoidable, unpredictable destiny. This is the beginning... of the end. In the SeaWing kingdom, a young prince learns he is an animus -- capable of wonderful magic that comes with a terrible price. In the mind of a NightWing dragonet, a thousand futures unfold -- and almost all of them, she knows, lead to disaster and destruction. And under three full moons and the watchful eyes of his NightWing mother and IceWing father, the most powerful dragon Pyrhhia will ever know is clawing his way out of his egg. Darkstalker, the dragon who will change the world forever. Long before the SandWing war, lifetimes before the Dragonet Prophecy... darkness is born.  ","['Fantasy', 'Dragons', 'Middle Grade', 'Fiction', 'Childrens', 'Adventure', 'Young Adult', 'Animals', 'Audiobook', 'Magic']",https://i.gr-assets.com/images/S/compressed.photo.goodreads.com/books/1459384044l/28190254.jpg
The Walk of the Spirit - The Walk of Power : The Vital Role of Praying in Tongues,Dave Roberson,"Minimal shelfwear w/fold/curvature to book, inscription on title page. No markings. Pages are clean and bright. Binding is tight.","['Christian', 'Prayer', 'Spirituality', 'Faith']",https://i.gr-assets.com/images/S/compressed.photo.goodreads.com/books/1340566864l/658008.jpg
Waltz into Darkness,"William Irish (pseud.), Cornell Woolrich","In this thrilling tale of greed and deception, Cornell Woolrich tells of middle-aged Louis Durand, whose fiancee has died fifteen years ago on the eve of their wedding. Now Louis decides to take one more chance at love by marrying Julia Russell, a woman he knows only by correspondence. When she arrives on the day of their wedding, she is younger and more beautiful than he expected--and far more deadly. Louis soon comes to realize that Julia is not who she claims to be--and they both embark on a waltz into darkness.","['Fiction', 'Mystery', 'Noir', 'Classics', 'Crime', 'American', 'Suspense', 'The United States Of America', 'Media Tie In', 'Literature']",https://i.gr-assets.com/images/S/compressed.photo.goodreads.com/books/1179644794l/941136.jpg
A Break with Charity: A Story about the Salem Witch Trials,Ann Rinaldi,"Susanna desperately wants to join the circle of girls who meet every week at the parsonage. What she doesn't realize is that the girls are about to set off a torrent of false accusations leading to the imprisonment and execution of countless innocent people. Susanna faces a painful choice. Should she keep quiet and let the witch-hunt panic continue, or should she ""break charity"" with the group--and risk having her own family members named as witches?	Reader's guide included.","['Historical Fiction', 'Young Adult', 'Historical', 'Fiction', 'Witches', 'Childrens', 'Teen', 'School', 'Young Adult Historical Fiction', '17th Century']",https://i.gr-assets.com/images/S/compressed.photo.goodreads.com/books/1441118632l/18549._SY475_.jpg
Ancient Sorceries and Other Weird Stories,"Algernon Blackwood, S.T. Joshi (Editor, Introduction and Notes)","Alternate cover for this ISBN can be found hereSpine-tingling supernatural tales from ""the one absolute and unquestioned master of weird atmosphere"" (H.P. Lovecraft)By turns bizarre, unsettling, spooky, and sublime, Ancient Sorceries and Other Weird Stories showcases nine incomparable stories from master conjuror Algernon Blackwood. Evoking the uncanny spiritual forces of Nature, Blackwood's writings all tread the nebulous borderland between fantasy, awe, wonder, and horror. Here Blackwood displays his best and most disturbing work-including the title story, the inspiration for Val Lewton's classic film Cat People; ""The Willows,"" which Lovecraft singled out as ""the single finest weird tale in literature""; ""The Wendigo""; ""The Insanity of Jones""; and ""Sand.""""Of the equality of Mr. Blackwood's genius there can be no dispute; for no one has ever approached the skill, seriousness, and minute fidelity with which he records the overtones of strangeness in ordinary things and experiences."" --H.P. Lovecraft","['Horror', 'Short Stories', 'Fantasy', 'Weird Fiction', 'Fiction', 'Gothic', 'Classics', 'Anthologies', 'Supernatural', 'Collections']",https://i.gr-assets.com/images/S/compressed.photo.goodreads.com/books/1347255981l/93220.jpg
Lay Her Among the Lilies,James Hadley Chase,"It was odd that a healthy young heiress like Janet Crosby should die of heart failure. Odder still that on the day she died she sent a note and $500 to Vic Malloy, private investigator, asking him to trace the person who was blackmailing her sister.Intrigued by the note, Malloy tried to see Maureen Crosby but only got as far as her nurse - a curvaceous blonde with an engaging bedside manner. Next he tried to see Janet's personal maid, but found that somebody else had reached her first and made sure she wouldn't talk to anyone - ever again...Unless he dropped the case Malloy knew he would almost certainly become the killer's next victim ; but when the blonde nurse disappeared and a hired gunman tried to shoot him, it seemed he didn't have any choice left...","['Mystery', 'Thriller', 'Fiction', 'Novels', 'Crime']",https://i.gr-assets.com/images/S/compressed.photo.goodreads.com/books/1175494264l/521224.jpg
Chaos: Making a New Science,James Gleick (Goodreads Author),"A work of popular science in the tradition of Stephen Hawking and Carl Sagan, this 20th-anniversary edition of James Gleick’s groundbreaking bestseller Chaos introduces a whole new readership to chaos theory, one of the most significant waves of scientific knowledge in our time. From Edward Lorenz’s discovery of the Butterfly Effect, to Mitchell Feigenbaum’s calculation of a universal constant, to Benoit Mandelbrot’s concept of fractals, which created a new geometry of nature, Gleick’s engaging narrative focuses on the key figures whose genius converged to chart an innovative direction for science. In Chaos, Gleick makes the story of chaos theory not only fascinating but also accessible to beginners, and opens our eyes to a surprising new view of the universe.","['Science', 'Nonfiction', 'Mathematics', 'Physics', 'Popular Science', 'Philosophy', 'History', 'Unfinished', 'Audiobook', 'Psychology']",https://i.gr-assets.com/images/S/compressed.photo.goodreads.com/books/1327941595l/64582.jpg
Immortal Hearts,Ellen Schreiber,"Athena ""Stormy"" Sterling is coming to Dullsville, and Raven is both excited and panicked in anticipation of Alexander's little sister's visit. Alexander tells Raven that she and his sister have a lot in common, but can the mini-Raven be everything she hopes for? Alexander calls her Stormy for a reason. Stormy's visit stirs up the perfect immortal whirlwind. Raven is forced to take a good look at what it would really mean to be a vampire in the Sterling family, aside from some of the things she already loves, like shunning the sun and sleeping in a coffin with Alexander. When Raven compares her life with Stormy's, she can see that it's not all starry skies and black roses. But Raven knows she's always wanted to be a vampire. Alexander is as romantic and dreamy as ever, and though he keeps showing Raven how much he loves her, will she ultimately be able to convince him that it's the right thing to turn her? This final chapter of Vampire Kisses' nocturnal romance will keep all mortal and immortal hearts racing.","['Vampires', 'Young Adult', 'Paranormal', 'Romance', 'Fantasy', 'Paranormal Romance', 'Supernatural', 'Teen', 'Fiction', 'Young Adult Paranormal']",https://i.gr-assets.com/images/S/compressed.photo.goodreads.com/books/1316537890l/10890463.jpg
Vampire Knight Official Fanbook,"Matsuri Hino, Tomo Kimura (Goodreads Author) (Translator)","A comprehensive profile book of the hit series 
  Vampire Knight
!Can't get enough of 
  Vampire Knight
?Delve into the world of your favorite vampires with this official fanbook filled with insider information about the hit series. Includes a Cross Academy student ID card, glossy color pages, character design sketches, storyboards and an exclusive interview with Vampire Knight creator Matsuri Hino!","['Manga', 'Vampires', 'Fantasy', 'Romance', 'Graphic Novels', 'Paranormal', 'Shojo', 'Paranormal Romance', 'Comics Manga', 'Art']",https://i.gr-assets.com/images/S/compressed.photo.goodreads.com/books/1342017236l/8147248.jpg
Vanish,Tom Pawlik (Goodreads Author),"2009 Christy Award winner!Three strangers each encounter the same mysterious storm and awake the next day to find that everyone else has vanished. There's Conner Hayden, a successful but unscrupulous trial lawyer who has forsaken his family for his career; Helen Krause, a middle-aged model struggling to come to grips with her fading beauty; and Mitch Kent, an enterprising young mechanic unable to escape a past that still haunts him. Afraid and desperate for answers, their paths eventually cross and they discover they are being watched. Elusive and obscured in shadows, the “observers” are apparently forcing them to relive vivid hallucinations of events from their past. They discover a mute homeless boy in tattered clothing and believe he may hold the key to the mystery, but the “observers” soon become aggressive and the four are forced to flee. When the boy disappears, the four decide to head from Chicago to Washington, D.C., in search of answers...and more survivors. Winner of the 2006 operation first novel contest, Vanish is a nonstop suspense thriller in the vein of Ted Dekker.","['Fiction', 'Christian Fiction', 'Mystery', 'Thriller', 'Christian', 'Suspense', 'Science Fiction', 'Paranormal', 'Fantasy', 'Horror']",https://i.gr-assets.com/images/S/compressed.photo.goodreads.com/books/1406511968l/2909013.jpg
Politics Out of History,Wendy Brown,"What happens to left and liberal political orientations when faith in progress is broken, when both the sovereign individual and sovereign states seem tenuous, when desire seems as likely to seek punishment as freedom, when all political conviction is revealed as contingent and subjective? Politics Out of History is animated by the question of how we navigate the contemporary political landscape when the traditional compass points of modernity have all but disappeared. Wendy Brown diagnoses a range of contemporary political tendencies--from moralistic high-handedness to low-lying political despair in politics, from the difficulty of formulating political alternatives to reproaches against theory in intellectual life--as the consequence of this disorientation.Politics Out of History also presents a provocative argument for a new approach to thinking about history--one that forsakes the idea that history has a purpose and treats it instead as a way of illuminating openings in the present by, for example, identifying the haunting and constraining effects of past injustices unresolved. Brown also argues for a revitalized relationship between intellectual and political life, one that cultivates the autonomy of each while promoting their interlocutory potential. This book will be essential reading for all who find the trajectories of contemporary liberal democracies bewildering and are willing to engage readings of a range of thinkers--Freud, Marx, Nietzsche, Spinoza, Benjamin, Derrida--to rethink democratic possibility in our time.","['Theory', 'History', 'Politics', 'Philosophy']",https://i.gr-assets.com/images/S/compressed.photo.goodreads.com/books/1347431373l/311909.jpg
Soul on Ice,Eldridge Cleaver,"The now-classic memoir that shocked, outraged, and ultimately changed the way America looked at the civil rights movement and the black experience.By turns shocking and lyrical, unblinking and raw, the searingly honest memoirs of Eldridge Cleaver are a testament to his unique place in American history. Cleaver writes in Soul on Ice, ""I'm perfectly aware that I'm in prison, that I'm a Negro, that I've been a rapist, and that I have a Higher Uneducation."" What Cleaver shows us, on the pages of this now classic autobiography, is how much he was a man.","['Nonfiction', 'Biography', 'History', 'Memoir', 'African American', 'Politics', 'Race', 'Autobiography', 'Essays', 'Classics']",https://i.gr-assets.com/images/S/compressed.photo.goodreads.com/books/1417410878l/75162.jpg
Dog Days,Jeff Kinney (Goodreads Author),"It’s summer vacation, the weather’s great, and all the kids are having fun outside. So where’s Greg Heffley? Inside his house, playing video games with the shades drawn. Greg, a self-confessed ""indoor person,” is living out his ultimate summer fantasy: no responsibilities and no rules. But Greg’s mom has a different vision for an ideal summer . . . one packed with outdoor activities and ""family togetherness.” Whose vision will win out? Or will a new addition to the Heffley family change everything?","['Humor', 'Fiction', 'Realistic Fiction', 'Childrens', 'Middle Grade', 'Graphic Novels', 'Young Adult', 'Comedy', 'Comics', 'Diary']",https://i.gr-assets.com/images/S/compressed.photo.goodreads.com/books/1388178896l/6578293.jpg
Promises to Keep,Ann Tatlock,"Eleven-year-old Roz (Rosalind) Anthony and her family have just moved to Mills River, Illinois, to escape an abusive situation. Only days after settling into their new home, they are surprised to find the previous owner, Tillie Monroe, on their front porch reading the newspaper. Though her sons have sold the house and sent her to a facility for the aged, she is determined to die in the place she lived her life, and somehow manages to find her way ""home"" day after day. Feeling sympathy for the elderly woman, Roz's mother allows Tillie to move back in. Mara Nightingale becomes Roz's first friend in Mills River. In spite of their many differences, the girls discover they have something in common that binds them together--both are hiding secrets. So they make a promise--""cross my heart and hope to die""--never to tell anyone else.When danger stalks the Anthonys, Tillie exhibits unimaginable courage and selfless love in her determination to protect the family she has adopted as her own.","['Fiction', 'Christian Fiction', 'Christian', 'Contemporary', 'Historical Fiction', 'Historical', 'Abuse', 'Inspirational', 'Drama', 'Mystery']",https://i.gr-assets.com/images/S/compressed.photo.goodreads.com/books/1332221675l/8794263.jpg
Jonathan and the Big Blue Boat,Philip C. Stead,"When Jonathan loses his best friend, a stuffed bear named Frederick, he sets sail on the Big Blue Boat to find him. Along the way he assembles a ragtag crew, including a mountain goat, a lonely circus elephant, and even a friendly whale. Adventure and intrigue (and pirates!) follow.

This title has Common Core connections.","['Picture Books', 'Fiction', 'Childrens', 'Adventure', 'Fantasy', 'Animals', 'Travel', 'Kids', 'Storytime', 'Transport']",https://i.gr-assets.com/images/S/compressed.photo.goodreads.com/books/1312073806l/9644001.jpg
Black Rose,Nora Roberts (Goodreads Author),"A Harper has always lived at Harper House, the centuries-old mansion just outside of Memphis. And for as long as anyone alive remembers, the ghostly Harper Bride has walked the halls, singing lullabies at night...At forty-seven, Rosalind Harper is a woman whose experiences have made her strong enough to bend without breaking--and weather any storm. A widow with three grown sons, she survived a disastrous second marriage and built her In The Garden nursery from the ground up. Through the years, In The Garden has become more than just a thriving business--it is a symbol of hope and independence to Roz, and to the two women she shares it with. Newlywed Stella and new mother Hayley are the sisters of her heart, and together the three of them are the future of In The Garden.But now the future is under attack, and Roz knows they can't fight this battle alone. Hired to investigate Roz's Harper ancestors, Dr. Mitchell Carnegie finds himself just as intrigued with Roz herself. And as they being to unravel the puzzle of the Harper Bride's identity, Roz is shocked to find herself falling for the fascinating genealogist. Now it is a desperate race to discover the truth before the unpredictable apparition lashes out at the one woman who can help her rest in peace...","['Romance', 'Fiction', 'Paranormal', 'Contemporary Romance', 'Contemporary', 'Paranormal Romance', 'Chick Lit', 'Mystery', 'Fantasy', 'Ghosts']",https://i.gr-assets.com/images/S/compressed.photo.goodreads.com/books/1298119100l/86321.jpg
The Drinker,"Hans Fallada, Charlotte Lloyd (Translation), A.L. Lloyd (Translation)","This astonishing, autobiographical tour de force was written by Hans Fallada in an encrypted notebook while he was incarcerated in a Nazi insane asylum. Discovered after his death, it tells the tale—often fierce, often poignant, often extremely funny—of a small businessman losing control as he fights valiantly to blot out an increasingly oppressive society.In a brilliant translation by Charlotte and A.L. Lloyd, it is presented here with an afterword by John Willett that details the life and career of the once internationally acclaimed Hans Fallada, and his fate under the Nazis—which brings out the horror of the events behind the book.","['Fiction', 'German Literature', 'Germany', 'Historical Fiction', 'Classics', 'Literature', 'Novels', '20th Century', 'Literary Fiction', 'Death']",https://i.gr-assets.com/images/S/compressed.photo.goodreads.com/books/1365195151l/674260.jpg
Spiritual Depression: Its Causes and Cure,D. Martyn Lloyd-Jones,"This enduring collection of twenty-one sermons by D. Martyn Lloyd-Jones, each originally delivered at Westminster Chapel in London, carefully and compassionately analyzes an undeniable feature of modern society from which Christians have not escaped -- spiritual depression.""Christian people,"" writes Lloyd-Jones, ""too often seem to be perpetually in the doldrums and too often give this appearance of unhappiness and of lack of freedom and absence of joy. There is no question at all but that this is the main reason why large numbers of people have ceased to be interested in Christianity.""Believing the Christian joy was one of the most potent factors in the spread of Christianity in the early centuries, Lloyd-Jones not only lays bare the causes that have robbed many Christians of spiritual vitality but also points the way to the cure that is found through the mind and spirit of Christ.","['Christian', 'Theology', 'Christian Living', 'Christianity', 'Counselling', 'Nonfiction', 'Spirituality', 'Faith', 'Psychology', 'Religion']",https://i.gr-assets.com/images/S/compressed.photo.goodreads.com/books/1388200882l/272211.jpg
Valinin Düşüşü,"Robert Kirkman, Jay Bonansinga (Goodreads Author)","Kalbi zayıf olanlara tavsiye etmeyeceğim bu kitap, baskı altında, kan dökülmelerinin canlı olarak resmedildiği ve vahşiliğin karanlık yüzünü temsil ediyor. Bu merak uyandıran karakter incelemesi, halihazırda var olan karakter ve hikaye hattına farklı boyutlar katıyor.-School Library Journal-Zombi severlerin severek okuyabileceği bir kitap. Ancak Kirkman'ın zombi cehenneminin tadını aldığınızda, eski serileri de okumaktan kendinizi alamayacaksınız.-The Ossuary-Romanda gizemli kalan karakterlerin geçmişlerini ele alarak onları birbirine bağlıyor. Walking Dead severleri için okunması gereken bir kitap.","['Horror', 'Zombies', 'Fiction', 'Post Apocalyptic', 'Apocalyptic', 'Dystopia', 'Science Fiction', 'Fantasy', 'Audiobook', 'Thriller']",https://i.gr-assets.com/images/S/compressed.photo.goodreads.com/books/1417045812l/23621715.jpg
The Last Hero,"Terry Pratchett, Paul Kid(Illustrator)","Cohen the Barbarian. He's been a legend in his own lifetime.He can remember the good old days of high adventure, when being a Hero meant one didn't have to worry about aching backs and lawyers and civilization. But these days, he can't always remember just where he put his teeth...So now, with his ancient (yet still trusty) sword and new walking stick in hand, Cohen gathers a group of his old -- very old -- friends to embark on one final quest. He's going to climb the highest mountain of Discworld and meet the gods.It's time the Last Hero in the world returns what the first hero stole. Trouble is, that'll mean the end of the world, if no one stops him in time.","['Fantasy', 'Fiction', 'Humor', 'Comedy', 'Graphic Novels', 'Science Fiction Fantasy', 'Magic', 'Adventure', 'Comics', 'Comic Fantasy']",https://i.gr-assets.com/images/S/compressed.photo.goodreads.com/books/1388382236l/34503.jpg
When You Love Someone,Susan Johnson (Goodreads Author),"Some men are not for marrying. They have no interest in being dutiful, respectable husbands. What they offer is a sensual paradise to any woman who dares take it. And Julius D'Abernon, Marquis of Darley, is the master of the game. Julius's scandalous exploits have inflamed the pages of The Tatler for years. It is said he can seduce any woman with one of his smiles. Julius can have any woman he wants, but bedding Lady Grafton? That would be a challenge indeed. The very reputable Elspeth, Lady Grafton, is as refreshingly candid and quick-witted as she is beautiful and vibrant. Pity that she is the virtual prisoner of her tyrannical, aged husband, a man who cannot gratify his wife in any way. Such a woman should, nay, needs to experience the joys of passion that Julius is ever so qualified to administer--selflessly, of course. One kiss will get her into his chambers. But one kiss turns out to be more than he bargained for and yet not nearly enough...","['Historical Romance', 'Romance', 'Historical', 'Erotica', 'Regency Romance', 'Historical Fiction']",https://i.gr-assets.com/images/S/compressed.photo.goodreads.com/books/1348795040l/13027097.jpg
The Adventures of Mr Marigold,Michael Tobias,,['Fiction'],https://i.gr-assets.com/images/S/compressed.photo.goodreads.com/books/1387752223l/6897048.jpg
The Nigger Factory,Gil Scott-Heron,"Sutton University, West Virginia, is one of the last black universities in the US to wise up to the changing attitudes of the 1960s. But MJUMBE Members of Justice United for Meaningful Black Education intend to put things right. They don't wait for the revolution to be televised, they get it on.","['Fiction', 'African American', 'Literary Fiction', 'Novels', 'Race', 'Literature']",https://i.gr-assets.com/images/S/compressed.photo.goodreads.com/books/1331457155l/501710.jpg
Super Sons of Tomorrow,"Peter J. Tomasi, Patrick Gleason (Illustrator), Francis Manapul (Illustrator), Jorge Jimenez (Illustrator)","The crossover event between Superman, the Super Sons and the Teen Titans is here!The Batman of Tomorrow travels to the present to prevent a cataclysmic disaster before it happens, revealing that Superboy will soon be responsible for the deaths of millions. But Superman will do anything to protect his son…and the Batman of Tomorrow is unwavering in his resolve to take down the Boy of Steel. That’s if he can find them.The Super Sons are on the run after discovering Superboy’s dark destiny, and the Batman of Tomorrow has recruited the Teen Titans to his cause. But the reunion gives way to the big question: Is the life of an innocent child worth more than the lives of millions? It’s the Teen Titans vs. the Super Sons in the battle you’ve been waiting for!Written by Peter J. Tomasi with art from a crew of today’s best illustrators, including Francis Manapul, Doug Mahnke and Jorge Jimenez, this crossover event is a must-have for Superman, Super Sons and Teen Titans fans alike! Collects SUPER SONS #11-12, SUPERMAN #37-38 and TEEN TITANS #15.","['Comics', 'Graphic Novels', 'Dc Comics', 'Superheroes', 'Comic Book', 'Batman', 'Graphic Novels Comics', 'Superman', 'Comix', 'Fiction']",https://i.gr-assets.com/images/S/compressed.photo.goodreads.com/books/1531665635l/36686103._SY475_.jpg
Bosh and Flapdoodle,A.R. Ammons,"A final completed collection of poetic works by the late National Book Critics Circle Award and National Book Award-winning writer features a series of candid, alternately humorous and sobering ruminations on such topics as age, illness, and death.",['Poetry'],https://i.gr-assets.com/images/S/compressed.photo.goodreads.com/books/1349033012l/833130.jpg
Hornet Flight,Ken Follett (Goodreads Author),"Ken Follett follows his bestsellers Jackdaws and Code to Zero with an extraordinary novel of early days of World War II...It is June 1941 and the war is not going well for England.  Across the North Sea, eighteen-year-old Harald Olufsen takes a shortcut on the German-occupied Danish island of Sande an discovers an astonishing sight that will change the momentum of the war.  He must get word to England-except that he has no way to get there.  He has only an old derelict Hornet Moth biplane rusting away in a ruined church: a plane so decrepit that it is unlikely ever to get off the ground...even if Harald knew how to fly it.","['Historical Fiction', 'Fiction', 'Thriller', 'War', 'World War II', 'Historical', 'Suspense', 'Adventure', 'Espionage', 'Mystery']",https://i.gr-assets.com/images/S/compressed.photo.goodreads.com/books/1309202400l/92375.jpg
The Temple of the Ruby of Fire,Geronimo Stilton,BOOKS,"['Childrens', 'Fantasy', 'Fiction', 'Adventure', 'Middle Grade', 'Mystery', 'Animals', 'Chapter Books', 'Humor', 'Juvenile']",https://i.gr-assets.com/images/S/compressed.photo.goodreads.com/books/1428315654l/1454108.jpg
Eyes Like Stars,Lisa Mantchev,"
  All her world's a stage.
Bertie Shakespeare Smith is not an actress, yet she lives in a theater.She's not an orphan, but she has no parents.She knows every part, but she has no lines of her own.That is, until now. Enter Stage Right  NATE. Dashing pirate. Will do anything to protect Bertie.  COBWEB, MOTH, MUSTARDSEED, and PEASEBLOSSOM. Four tiny and incredibly annoying fairies. BERTIE'S sidekicks.  ARIEL. Seductive air spirit and Bertie's weakness. The symbol of impending doom. BERTIE. Our heroine.  Welcome to the Théâtre Illuminata, where the actors of every play ever written can be found behind the curtain. They were born to play their parts, and are bound to the Théâtre by The Book, an ancient and magical tome of scripts. Bertie is not one of them, but they are her family, and she is about to lose them all and the only home she has ever known. Lisa Mantchev has written a debut novel that is dramatic, romantic, and witty, with an irresistible and irreverent cast of characters who are sure to enchant the audience.  Open Curtain","['Fantasy', 'Young Adult', 'Romance', 'Magic', 'Fiction', 'Fairies', 'Young Adult Fantasy', 'Paranormal', 'Fae', 'Teen']",https://i.gr-assets.com/images/S/compressed.photo.goodreads.com/books/1437879146l/3817859._SY475_.jpg
Invisible Threads,"Annie Dalton, Maria Dalton","Naomi was never going to be like her mother. The crazy highs and underground lows. Naomi was in control. When the time came she would be the perfect mother–nothing like her own.On the day Carrie-Anne turned 16, she surpassed her. The girl-woman who gave away her own child. Her biological mother. Carrie-Anne got to 16 without making that mistake. That’s what she was, really–a mistake. And now the invisible threads tying her to the past are driving her to find out why and how it happened. After all, if you don’t know where you come from, how can you know where you belong?But sometimes asking questions is harder than hearing the answers. And sometimes the answers don’t matter at all.From the Hardcover edition.","['Fiction', 'Realistic Fiction']",https://i.gr-assets.com/images/S/compressed.photo.goodreads.com/books/1178411581l/793266._SY475_.jpg
"Death Note, Vol. 7: Zero","Tsugumi Ohba, Takeshi Obata (Illustrator), Alexis Kirsch (Translator)","After a high-speed chase, Light and the task force apprehend the newest Kira. Light regains his Death Note and his memories, and the depths of his cunning are revealed as the plans he carefully put in place before going into confinement are slowly unveiled. His masterful manipulation of both humans and Shinigami lead him to the strongest position he's yet enjoyed. But the glow of his victory is marred when a new threat appears. Can Light withstand a surprise attack on two fronts?","['Manga', 'Graphic Novels', 'Comics', 'Fantasy', 'Fiction', 'Mystery', 'Horror', 'Young Adult', 'Thriller', 'Supernatural']",https://i.gr-assets.com/images/S/compressed.photo.goodreads.com/books/1442172576l/13621._SY475_.jpg
Haunted House,Jack Kilborn,"HAUNTED HOUSE is a sequel to the novels AFRAID, TRAPPED, and ENDURANCE. The survivors from those thrillers are all together, and put through a new kind of hell. Also included is Dr. Frank Belgium, from ORIGIN.All characters have back stories. In the case of HAUNTED HOUSE, these back stories exist in other books.While HAUNTED HOUSE can be read as a stand alone, and may be the first Kilborn book read by a lot of people, if a reader enjoys it, he/she can read more about these characters in different novels. And fans of these other novels will enjoy seeing familiar characters show up again in a new novel. - from J.A. Konrath's Blog ""A Newbies Guide to Publishing"".","['Horror', 'Fiction', 'Thriller', 'Mystery', 'Suspense', 'Paranormal', 'Ghosts', 'Audiobook', 'Fantasy', 'Supernatural']",https://i.gr-assets.com/images/S/compressed.photo.goodreads.com/books/1362698575l/17563580.jpg
The Wrong Man,Natasha Anders (Goodreads Author),"
  No commitments. No expectations. No way this could possibly go wrong…right?
Former special-ops soldier Sam Brand is used to getting what he wants. What he wants is to unbutton the buttoned-down, sweet, and shy Dahlia McGregor. He’s hot to find her wild side. She’s eager to let him explore it. So he makes his proposition—no strings, no hurt feelings, and no promises—save for one: she’ll have the time of her life.After a broken engagement, Lia’s looking to someday find the right man and settle down. That’s some day. Now it’s all about the night. A hot, meaningless fling with a magnificently weathered blue-eyed stud like Sam couldn’t hurt: he’s sexy, and sure he’s arrogant, but best of all, he’s here. In other words, he’s perfect…for now. But when Sam is wounded in the line of duty and left in Lia’s tender loving care, all bets are off. Because the more time they spend together, the more it becomes clear: this “one night” deal is getting steamier and lasting longer than they counted on. It started as a fun little game. Is it possible they could be playing for keeps?","['Romance', 'Contemporary Romance', 'Contemporary', 'Fiction', 'Chick Lit', 'Adult', 'New Adult', 'Military Fiction']",https://i.gr-assets.com/images/S/compressed.photo.goodreads.com/books/1533050636l/38200857.jpg
Beau Geste,P.C. Wren,"French Legionnaires find one of their fortresses manned by dead men. Who could have done it? A flashback unravels the mystery of the three English Geste brothers. A classic, rip-roaring tale of adventure.","['Fiction', 'Classics', 'Adventure', 'Historical Fiction', 'Mystery', 'Africa', 'War', 'Literature', 'Historical', 'British Literature']",https://i.gr-assets.com/images/S/compressed.photo.goodreads.com/books/1328808037l/997335.jpg
Salomé,"Oscar Wilde, Robert Baldwin Ross (Introduction), Aubrey Beardsley (Illustrator), Alfred Bruce Douglas (Translator)","Outraged by the sexual perversity of this one-act tragedy, Great Britain's Lord Chamberlain banned Salomé from the national stage. Symbolist poets and writers — Stéphane Mallarmé and Maurice Maeterlinck among them — defended the play's literary brilliance. Beyond its notoriety, the drama's haunting poetic imagery, biblical cadences, and febrile atmosphere have earned it a reputation as a masterpiece of the Aesthetic movement of fin de siècle England.Written originally in French in 1892, this sinister tale of a woman scorned and her vengeance was translated into English by Lord Alfred Douglas. The play inspired some of Aubrey Beardsley's finest illustrations, and an abridged version served as the text for Strauss' renowned opera of the same name. This volume reprints the complete text of the first English edition, published in 1894, and also includes ""A Note on Salomé"" by Robert Ross, Wilde's lifelong friend and literary executor. Students, lovers of literature and drama, and admirers of Oscar Wilde and his remarkable literary gifts will rejoice in this inexpensive edition.","['Plays', 'Classics', 'Drama', 'Fiction', 'Theatre', 'Literature', '19th Century', 'Historical Fiction', 'Irish Literature', 'British Literature']",https://i.gr-assets.com/images/S/compressed.photo.goodreads.com/books/1390885756l/67762.jpg
Lucky For Me,Frank Robson,"How hard-living journalist Frank Robson fell under the spell of a small dog called Lucky.At eighteen months of age, Lucky, a cream-coloured terrier, was dropped off at a vet's clinic in Queensland, abandoned by his owners and suffering from ticks and other terrors. A week from being put down he was adopted by Frank Robson and his partner, Leisa. From the start, the fluffy new member of the household proved an enigma, displaying a twelve-snort vocabulary, an ability to climb trees (the better to chase parrots) and a disdain for suburbia. In this full-blooded account of a friendship between man and dog, Robson puzzles on the sentient being who trotted into his life and taught him about survival, mateship and the joys of an independent spirit.","['Nonfiction', 'Animals', 'Dogs']",https://i.gr-assets.com/images/S/compressed.photo.goodreads.com/books/1309603647l/2187466.jpg
The Book of Images,"Rainer Maria Rilke, Edward Snow (Translator)","Now substantially revised by Edward Snow, whom Denise Levertov once called ""far and away Rilke's best translator,"" this bilingual edition of The Book of Images contains a number of the great poet's previously untranslated pieces. Also included are several of Rilke's best-loved lyrics, such as ""Autumn,"" ""Childhood,"" ""Lament,"" ""Evening,"" and ""Entrance.""","['Poetry', 'German Literature', 'Literature', 'Fiction', 'Germany', '20th Century', 'Classics', 'Short Stories']",https://i.gr-assets.com/images/S/compressed.photo.goodreads.com/books/1421345385l/251838.jpg
Joseph and His Brothers,"Thomas Mann, John E. Woods (translator)","This remarkable new translation of the Nobel Prize-winner’s great masterpiece is a major literary event.Thomas Mann regarded his monumental retelling of the biblical story of Joseph as his magnum opus. He conceived of the four parts–The Stories of Jacob, Young Joseph, Joseph in Egypt, and Joseph the Provider–as a unified narrative, a “mythological novel” of Joseph’s fall into slavery and his rise to be lord over Egypt. Deploying lavish, persuasive detail, Mann conjures for us the world of patriarchs and pharaohs, the ancient civilizations of Egypt, Mesopotamia, and Palestine, and the universal force of human love in all its beauty, desperation, absurdity, and pain. The result is a brilliant amalgam of humor, emotion, psychological insight, and epic grandeur.Now the award-winning translator John E. Woods gives us a definitive new English version of Joseph and His Brothers that is worthy of Mann’s achievement, revealing the novel’s exuberant polyphony of ancient and modern voices, a rich music that is by turns elegant, coarse, and sublime.--front flap","['Fiction', 'Classics', 'German Literature', 'Literature', 'Historical Fiction', 'Germany', 'Religion', 'Novels', '20th Century', 'Egypt']",https://i.gr-assets.com/images/S/compressed.photo.goodreads.com/books/1320550455l/88076.jpg
Bobos in Paradise: The New Upper Class and How They Got There,David Brooks,"In his bestselling work of “comic sociology,” David Brooks coins a new word, Bobo, to describe today’s upper class—those who have wed the bourgeois world of capitalist enterprise to the hippie values of the bohemian counterculture. Their hybrid lifestyle is the atmosphere we breathe, and in this witty and serious look at the cultural consequences of the information age, Brooks has defined a new generation.Do you believe that spending $15,000 on a media center is vulgar, but that spending $15,000 on a slate shower stall is a sign that you are at one with the Zenlike rhythms of nature? Do you work for one of those visionary software companies where people come to work wearing hiking boots and glacier glasses, as if a wall of ice were about to come sliding through the parking lot? If so, you might be a Bobo.","['Nonfiction', 'Sociology', 'Politics', 'History', 'Cultural', 'Economics', 'Social Science', 'Humor', 'Psychology', 'Anthropology']",https://i.gr-assets.com/images/S/compressed.photo.goodreads.com/books/1442024743l/106330._SY475_.jpg
A Stranger in the Mirror,Sidney Sheldon,"Toby Temple is a superstar, the world's funniest man. He gets any woman that he wants, but under the superstar image is a lonely man. Jill Castle is a sensuous starlet. She has a dark and mysterious past and has an ambition even greater than Toby's. Together they rule Hollywood.","['Fiction', 'Thriller', 'Mystery', 'Romance', 'Suspense', 'Mystery Thriller', 'Crime', 'Contemporary', 'Novels', 'Drama']",https://i.gr-assets.com/images/S/compressed.photo.goodreads.com/books/1418330902l/115130.jpg
How the Girl Guides Won the War,Janie Hampton,"Mention Girl Guides to any woman and the reaction will be strong. They are all too often regarded merely in terms of biscuit sales and sing-songs, hardly anybody is aware of the massive impact that they had on gender equality and the outcome of World War II. This book explores how the Guides' work was crucial to Britain's victory.","['Nonfiction', 'History', 'War', 'World War II', 'Historical', 'Feminism']",https://i.gr-assets.com/images/S/compressed.photo.goodreads.com/books/1337164149l/8867176.jpg
The Silence of the Girls,Pat Barker,"The ancient city of Troy has withstood a decade under siege of the powerful Greek army, which continues to wage bloody war over a stolen woman—Helen. In the Greek camp, another woman—Briseis—watches and waits for the war's outcome. She was queen of one of Troy's neighboring kingdoms, until Achilles, Greece's greatest warrior, sacked her city and murdered her husband and brothers. Briseis becomes Achilles's concubine, a prize of battle, and must adjust quickly in order to survive a radically different life, as one of the many conquered women who serve the Greek army. When Agamemnon, the brutal political leader of the Greek forces, demands Briseis for himself, she finds herself caught between the two most powerful of the Greeks. Achilles refuses to fight in protest, and the Greeks begin to lose ground to their Trojan opponents. Keenly observant and coolly unflinching about the daily horrors of war, Briseis finds herself in an unprecedented position, able to observe the two men driving the Greek army in what will become their final confrontation, deciding the fate not only of Briseis's people but also of the ancient world at large.Briseis is just one among thousands of women living behind the scenes in this war—the slaves and prostitutes, the nurses, the women who lay out the dead—all of them erased by history. With breathtaking historical detail and luminous prose, Pat Barker brings the teeming world of the Greek camp to vivid life. She offers nuanced, complex portraits of characters and stories familiar from mythology, which, seen from Briseis's perspective, are rife with newfound revelations. Barker's latest builds on her decades-long study of war and its impact on individual lives—and it is nothing short of magnificent.","['Historical Fiction', 'Fiction', 'Mythology', 'Fantasy', 'Historical', 'Retellings', 'Adult', 'Greek Mythology', 'War', 'Audiobook']",https://i.gr-assets.com/images/S/compressed.photo.goodreads.com/books/1519448688l/37969723._SY475_.jpg
"My Story as told by Water: Confessions, Druidic Rants, Reflections, Bird-watchings, Fish-stalkings, Visions, Songs and Prayers Refracting Light, from Living Rivers, in the Age of the Industrial Dark",David James Duncan,"In this remarkable collection of essays, David James Duncan, award-winning author of ""The River Why, ""braids his contemplative, activist, and rhapsodic voices together into a potently distinctive whole, speaking with power and urgency about the vital connections between our water-filled bodies and this water-covered planet.The twenty-two essays in this collection swirl and eddy around the author's early-forged bond with the rivers of the Pacific Northwest and their endangered native salmon. With a bracing blend of story, logic, science, and humor, Duncan relates mystical, life-changing fishing adventures; draws incisive portraits of the humans and wild creatures who shaped his destiny; attacks the corporate greed and political folly that have brought whole ecosystems to ruin; and meditates on the spiritual and practical necessity of acknowledging our dependence on water in its primal state.","['Nonfiction', 'Nature', 'Essays', 'Memoir', 'Environment', 'Philosophy', 'Outdoors', 'Unfinished', 'Biography Memoir', 'Green']",https://i.gr-assets.com/images/S/compressed.photo.goodreads.com/books/1385180393l/23194.jpg
The Night Is for Hunting,John Marsden,"In the penultimate installment of the internationally bestselling Tomorrow series, Ellie and her friends look after a gang of orphans whose wild behavior reveals the true impact of war.Amidst a brutal war with no end in sight, Ellie and her four remaining friends discover that their hidden refuge becomes a crowded place when they decide to care for an uncooperative crew of orphans. Things only get worse when Ellie and Homer learn that mysterious visitors have discovered their sanctuary. Has the enemy found them out?Five ordinary teens brave the worst in this electrifying continuation of their battle to stay safe and sane in a war zone that was once their home.","['Young Adult', 'Fiction', 'War', 'Dystopia', 'Australia', 'Adventure', 'Action', 'Science Fiction', 'Teen', 'Survival']",https://i.gr-assets.com/images/S/compressed.photo.goodreads.com/books/1390021601l/82553.jpg
The Townsman,"Pearl S. Buck, John Sedges (Pseudonym)","English born and pioneer bred, Jonathan had but two great passion in his life. One was the sea of waving grass known as Kansas. The other was the captivating Judy. The restless pushed westward in search of new land. But Jon saw in the raw frontier before him not a settlement of sod houses but a town with a future- where he too would have a future- to teach, to marry, to raise a family.His faith in both dream's was unshaken- until the impetuous Judy met Jonathan's closest friend.","['Historical Fiction', 'Literature']",https://i.gr-assets.com/images/S/compressed.photo.goodreads.com/books/1213166794l/1556379.jpg
Tempting Fortune,Jo Beverley,"THE STAKESPortia St. Claire's brother has gambled and lost, throwing her into the power of ruthless men. Their price for his life is her virtue, to be auctioned off in London's most notorious brothel ...THE BIDDERTo retrieve an incriminating letter, Bryght Malloren once broke into a house where he was greeted at pistol point by a resolute woman ... a woman he could swear stands before him, masked and trembling, on a madam's auction block ...THE RISKIEST GAMEUnable to leave Portia to such a cruel fate, Bryght turns the private wager into a very public game of seduction, one that confirms his reputation as a shameless rake and keeps all of London society breathless with anticipation. But on a night shimmering with destiny, truth, and passion, those who tempt fortune risk losing everything ... including their hearts ...","['Historical Romance', 'Romance', 'Historical', 'Regency', 'Historical Fiction', 'Georgian', 'Fiction', 'Georgian Romance', 'Regency Romance', 'British Literature']",https://i.gr-assets.com/images/S/compressed.photo.goodreads.com/books/1388365783l/1144058.jpg
Goddess of Love,P.C. Cast (Goodreads Author),"Pea Chamberlain needs help. Her shoes, hair, clothes, make-up are all disasters and she really needs a makeover - especially if she wants to attract sexy fireman Griffin DeAngelo at the firemen's masked ball. And who better to coax Pea out of her pod than the Goddess of Love, whom she invokes when she gets her hands on a book of enchantments. Sure enough, Venus works her magic on Pea, which is what she has been doing for eons - helping others find love. But who will help the Goddess of Love when she finds herself falling head over heels for the same sexy fireman she is trying to land for Pea? Could it be that Venus needs a love makeover herself?","['Fantasy', 'Romance', 'Fiction', 'Mythology', 'Adult', 'Greek Mythology', 'Supernatural', 'Urban Fantasy', 'Fantasy Romance', 'Contemporary']",https://i.gr-assets.com/images/S/compressed.photo.goodreads.com/books/1328297806l/7768158.jpg
The Return,Victoria Hislop,"Beneath the majestic towers of the Alhambra, Granada's cobbled streets resonate with music and secrets. Sonia Cameron knows nothing of the city's shocking past; she is here to dance. But in a quiet café, a chance conversation and an intriguing collection of old photographs draw her into the extraordinary tale of Spain's devastating civil war.Seventy years earlier, the café is home to the close-knit Ramírez family. In 1936, an army coup led by Franco shatters the country's fragile peace, and in the heart of Granada the family witnesses the worst atrocities of conflict. Divided by politics and tragedy, everyone must take a side, fighting a personal battle as Spain rips itself apart.Captivating and deeply moving, Victoria Hislop's second novel is as inspiring as her international bestselling debut, The Island.","['Historical Fiction', 'Fiction', 'Spain', 'Historical', 'Romance', 'War', 'Spanish Civil War', 'Novels', 'Contemporary', 'Drama']",https://i.gr-assets.com/images/S/compressed.photo.goodreads.com/books/1328037236l/2549004.jpg
"Moe Kare!!, Vol. 07",Gō Ikeyamada,"Wakamiya Hikaru is a 15-year-old teenager who wants a boyfriend that'll protect her. She likes to read shoujo manga all the time. One day, she gets kissed by a handsome, perverted boy who she called the ""Perverted Prince."" Later on, she finds a guy who looks exactly like him, but the eyes are different. What's going on?","['Manga', 'Shojo', 'Romance', 'Humor', 'Comics Manga', 'Drama', 'Comics']",https://i.gr-assets.com/images/S/compressed.photo.goodreads.com/books/1227895901l/5950118.jpg
Village School,Miss Read,"The first novel in the beloved Fairacre series, Village School introduces the remarkable schoolmistress Miss Read and her lovable group of children, who, with a mixture of skinned knees and smiles, are just as likely to lose themselves as their mittens. This is the English village of Fairacre: a handful of thatch-roofed cottages, a church, the school, the promise of fair weather, friendly faces, and good cheer -- at least most of the time. Here everyone knows everyone else's business, and the villagers like each other anyway (even Miss Pringle, the irascible, gloomy cleaner of Fairacre School). With a wise heart and a discerning eye, Miss Read guides us through one crisp, glistening autumn in her village and introduces us to a cast of unforgettable characters and a world of drama, romance, and humor, all within a stone's throw of the school. By the time winter comes, you'll be nestled snugly into the warmth and wit of Fairacre and won't want to leave.","['Fiction', 'Historical Fiction', 'Classics', 'British Literature', 'Mystery', 'Historical', 'Cozy Mystery', 'Adult', 'Education', 'Novels']",https://i.gr-assets.com/images/S/compressed.photo.goodreads.com/books/1438605156l/611240._SY475_.jpg
Body of Evidence,Patricia Cornwell (Goodreads Author),"After months of menacing phone calls and feeling that her every move is being watched, successful writer Beryl Madison flees Key West when a terrifying message is scratched on her car. But the very night she returns to Richmond, she deactivates her burglar alarm and opens her door to someone who nearly decapitates her. Why did she let him in, wonders Chief Medical Examiner Dr. Kay Scarpetta? And, why is Beryl's latest manuscript missing? Persuing the answers involves Scarpetta in the murder of another writer - Beryl's jealous mentor. While she copes with a variety of personal and professional problems, Scarpetta's high-tech forensic skills enable her to collect a body of evidence - clues that would mean little without her intelligence, compassion, and imagination - that leads her directly into a nightmare all her own.","['Mystery', 'Crime', 'Fiction', 'Thriller', 'Mystery Thriller', 'Suspense', 'Murder Mystery', 'Detective', 'Adult', 'Audiobook']",https://i.gr-assets.com/images/S/compressed.photo.goodreads.com/books/1341835877l/132336.jpg
"A Coal Miner's Bride: The Diary of Anetka Kaminska, Lattimer, Pennsylvania, 1896",Susan Campbell Bartoletti,"A diary account of thirteen-year-old Anetka's life in Poland in 1896, immigration to America, marriage to a coal miner, widowhood, and happiness in finally finding her true love.","['Historical Fiction', 'Young Adult', 'Fiction', 'Historical', 'Childrens', 'Middle Grade', 'Romance', 'Diary', 'Juvenile', '19th Century']",https://i.gr-assets.com/images/S/compressed.photo.goodreads.com/books/1408926110l/570540.jpg
Partners in Crime,Agatha Christie,"Tommy and Tuppence Beresford were restless for adventure, so when they were asked to take over Blunt's International Detective Agency, they leapt at the chance. After their triumphant recovery of a pink pearl, intriguing cases kept on coming their way: a stabbing on Sunningdale golf course; cryptic messages in the personal columns of newspapers; and even a box of poisoned chocolates.","['Mystery', 'Fiction', 'Crime', 'Short Stories', 'Classics', 'Detective', 'British Literature', 'Mystery Thriller', 'Murder Mystery', 'Audiobook']",https://i.gr-assets.com/images/S/compressed.photo.goodreads.com/books/1309307059l/16325.jpg
My Lady of Cleves,Margaret Campbell Barnes,"Written by world-reknowned historical novelist Margaret Campbell Barnes, My Lady of Cleves gives readers an intimate portrait of the warm, unpretentious princess who never expected to become Queen of England. Knowing the king's ravenous desire for a son, and aware of the disastrous consequences of not bearing an heir, Anne of Cleves bravely took on the duty of weathering the Tudor King's temper, whims, arrogance, and irresponsible passions--and won the hearts of his subjects in the process.A treat for readers of Tudor fiction and those fascinated by the complex relationships of Henry VIII and his wives, My Lady of Cleves leads readers into a world of high drama and courtly elegance.","['Historical Fiction', 'Fiction', 'Historical', 'Tudor Period', 'British Literature', '16th Century', 'Historical Romance', 'Novels', 'European History', 'Adult']",https://i.gr-assets.com/images/S/compressed.photo.goodreads.com/books/1348171828l/3000014.jpg
Sagan om isfolket,Margit Sandemo,"The Legend of the Ice People (in Norwegian language Sagaen om Isfolket) is a 47-volume story of a family bloodline. The author of the series is Margit Sandemo. The novels are based in historical facts, mostly occurring in Scandinavia, but the fantastic is never far off. The series first began as a feuilletonin the Norwegian magazine Hjemmet. The first volume was released 1982, and the series became one of the best-selling series of novels in Scandinavia, with more than 25 million copies sold. The series has been published in at least Norwegian, Swedish, Danish, Icelandic, Finnish, Polish, Russian, Hungarian and most recently English.The story begins in Trondheim, Norway in 1581, with the story of Silje Arngrimsdotter, and how she comes into contact with Ice People, a community of people living in an isolated valley. From there on it follows Ice People through the centuries, with members of the clan migrating from Norway to Denmark and Sweden. Other members of the clan wind up in or visit various corners of Europe and Asia over the course of the series.Ice People are cursed with a terrible forefather, Tengel the Evil, whose actions resulted in at least one cursed individual being born in every generation. The cursed individuals were born with magical and mystical abilities, but also the potential for bottomless evil. They have also yellow eyes, malformed shoulder blades and Mongol features. Some cursed individuals fought their tendency to evil, whilst others embraced it.Each book tells a separate story, very often the story of one or a few individuals of the clan. Quite often the protagonist of each book is a female, sometimes of Ice People, but sometimes one who will marry into the clan. Many of the books also focus on the cursed individuals, their battle with their evil tendencies, and also how they utilise their powers, be it for good or evil.","['Fantasy', 'Romance', 'Historical', 'Historical Fiction', 'Supernatural', 'Modern Classics', 'Urban Fantasy', 'Mystery', 'Adventure']",https://i.gr-assets.com/images/S/compressed.photo.goodreads.com/books/1330541443l/11324664.jpg
The Genius of Dogs: How Dogs Are Smarter than You Think,"Brian Hare, Vanessa Woods (Goodreads Author)","The international bestseller that reveals the amazing mind of your favourite friendIs your dog purposefully disobeying you? Probably, and usually behind your back. Should you act like ‘top dog’ to maintain control? No, you’re better off displaying your friendliness – and not just to your dog. Which breed is the cleverest? That’s the wrong question to ask.These are just some of the extraordinary insights to be found in 'The Genius of Dogs' – the seminal book on how dogs evolved their unique intelligence by award-winning scientist Dr Brian Hare. He shares more than two decades of startling discoveries about the mysteries of the dog mind and how you can use his groundbreaking work to build a better relationship with your own dog.","['Nonfiction', 'Dogs', 'Animals', 'Science', 'Psychology', 'Nature', 'Biology', 'Audiobook', 'Anthropology', 'Reference']",https://i.gr-assets.com/images/S/compressed.photo.goodreads.com/books/1355820642l/15721051.jpg
The Gates,John Connolly (Goodreads Author),"Young Samuel Johnson and his dachshund, Boswell, are trying to show initiative by trick-or-treating a full three days before Halloween which is how they come to witness strange goings-on at 666 Crowley Road. The Abernathys don't mean any harm by their flirtation with the underworld, but when they unknowingly call forth Satan himself, they create a gap in the universe. A gap in which a pair of enormous gates is visible. The gates to Hell. And there are some pretty terrifying beings just itching to get out...Can one small boy defeat evil? Can he harness the power of science, faith, and love to save the world as we know it?Bursting with imagination, The Gates is about the pull between good and evil, physics and fantasy. It is about a quirky and eccentric boy who is impossible not to love, and the unlikely cast of characters who give him the strength to stand up to a demonic power.John Connolly manages to re-create the magical and scary world of childhood that we've all left behind but so love to visit. And for those of you who thought you knew everything you could about particle physics and the universe, think again. This novel makes anything seem possible.","['Fantasy', 'Fiction', 'Young Adult', 'Horror', 'Humor', 'Supernatural', 'Paranormal', 'Science Fiction', 'Demons', 'Urban Fantasy']",https://i.gr-assets.com/images/S/compressed.photo.goodreads.com/books/1348405681l/6411440.jpg
La Vérité sur l'affaire Harry Quebert,Joël Dicker,"À New York, au printemps 2008, alors que l’Amérique bruisse des prémices de l’élection présidentielle, Marcus Goldman, jeune écrivain à succès, est dans la tourmente : il est incapable d’écrire le nouveau roman qu’il doit remettre à son éditeur d’ici quelques mois. Le délai est près d’expirer quand soudain tout bascule pour lui : son ami et ancien professeur d’université, Harry Quebert, l’un des écrivains les plus respectés du pays, est rattrapé par son passé et se retrouve accusé d’avoir assassiné, en 1975, Nola Kellergan, une jeune fille de 15 ans, avec qui il aurait eu une liaison. Convaincu de l’innocence de Harry, Marcus abandonne tout pour se rendre dans le New Hampshire et mener son enquête. Il est rapidement dépassé par les événements : l’enquête s’enfonce et il fait l’objet de menaces. Pour innocenter Harry et sauver sa carrière d’écrivain, il doit absolument répondre à trois questions : Qui a tué Nola Kellergan? Que s’est-il passé dans le New Hampshire à l’été 1975? Et comment écrit-on un roman à succès?","['Fiction', 'Mystery', 'Thriller', 'Crime', 'France', 'Mystery Thriller', 'Contemporary', 'Suspense', 'Roman', 'Adult']",https://i.gr-assets.com/images/S/compressed.photo.goodreads.com/books/1347987605l/16033842.jpg
The False Peace,"Jude Watson (Goodreads Author), Alicia Buelow (Illustrator)","Two brilliant enemies plan an attack on the Galactic Senate. For Obi-Wan, this means facing an old adversary, while for Anakin, it means bending the rules of the Jedi to accomplish his goals--something he's forbidden to do.","['Star Wars', 'Science Fiction', 'Fiction', 'Young Adult', 'Childrens', 'Fantasy', 'Middle Grade', 'Juvenile', 'War', 'Novels']",https://i.gr-assets.com/images/S/compressed.photo.goodreads.com/books/1328869634l/359800.jpg
Confessions,"Jean-Jacques Rousseau, Patrick Coleman (Editor), Angela Scholar (Translator)","In his Confessions Jean-Jacques Rousseau tells the story of his life, from the formative experience of his humble childhood in Geneva, through the achievement of international fame as novelist and philosopher in Paris, to his wanderings as an exile, persecuted by governments and alienated from the world of modern civilization. In trying to explain who he was and how he came to be the object of others' admiration and abuse, Rousseau analyses with unique insight the relationship between an elusive but essential inner self and the variety of social identities he was led to adopt. The book vividly illustrates the mixture of moods and motives that underlie the writing of autobiography: defiance and vulnerability, self-exploration and denial, passion, puzzlement, and detachment. Above all, Confessions is Rousseau's search, through every resource of language, to convey what he despairs of putting into words: the personal quality of one's own existence.","['Philosophy', 'Classics', 'Biography', 'Nonfiction', 'France', 'Memoir', 'Autobiography', 'French Literature', '18th Century', 'History']",https://i.gr-assets.com/images/S/compressed.photo.goodreads.com/books/1388293814l/12649.jpg
Dream Warrior,Sherrilyn Kenyon (Goodreads Author),"We are the Dolophoni. Diligent. Vigilant. Fierce and inescapable. Servants of the Furies, we are the right hand of justice and no one stands before us.The son of Warcraft and Hate, Cratus spent eternity battling for the ancient gods who birthed him. He was death to any who crossed him. Until the day he laid down his arms and was banished into exile.Now an ancient enemy has been unleashed and our dreams are his chosen battlefield. The only hope we have is the one god who swears he will never fight again.As a Dream-Hunter, Delphine has spent eternity protecting mankind from the predators who prey on our unconscious state. But now that her allies have been turned, she knows in order to survive, the Dream-Hunters need a new leader. Someone who can train them to fight their new enemies. Cratus is her only hope. But she is a bitter reminder of why he chose to lay down his arms.Time is running out and if she can’t win him to her cause, mankind will be slaughtered and the world we know will soon cease to exist.","['Paranormal Romance', 'Paranormal', 'Romance', 'Fantasy', 'Vampires', 'Urban Fantasy', 'Mythology', 'Adult', 'Demons', 'Supernatural']",https://i.gr-assets.com/images/S/compressed.photo.goodreads.com/books/1402147285l/3992020.jpg
Dave Ramsey's Financial Peace University,Dave Ramsey,"This author encourages you to stop living with guilt, frustrations and headaches that come with trying to manage your personal finances. You owe it to yourself and those you love to find what thousands already have: Financial Peace!","['Finance', 'Nonfiction', 'Self Help', 'Money', 'Business', 'Personal Finance', 'Christian', 'Personal Development', 'Economics', 'Reference']",https://i.gr-assets.com/images/S/compressed.photo.goodreads.com/books/1266666090l/295685.jpg
Three Novels of Old New York: The House of Mirth; The Custom of the Country; The Age of Innocence,Edith Wharton,"Edith Wharton made the world of Old New York her own, the wealthy high society so powerfully depicted in these three elegantly ironic novels. Revolving around the marriage question, they explore the dilemma of women and men held within the rigid bounds of social convention. Thus in The House of Mirth, the novel that first brought Edith Wharton to fame, the complex, poignant heroine Lily Bart must either break away and find a more meaningful existence, or become a part of the superficial values of the nouveaux riches; in The Custom of the Country, the energetic and ambitious Undine Spragg works her way to wealth anti power through a succession of marriages; while Newland Archer in The Age of Innocence is caught in an agony of indecision: whether he should choose the duty of a socially approved marriage, or the love of a woman frowned upon by 'decent' society.","['Classics', 'Fiction', 'Historical Fiction', 'New York', 'The United States Of America', 'Classic Literature', 'Novels', 'American', 'Historical', 'Literary Fiction']",https://i.gr-assets.com/images/S/compressed.photo.goodreads.com/books/1389972905l/26948.jpg
Insane Clown President: Dispatches from the 2016 Circus,"Matt Taibbi, Victor Juhasz (Illustrations)","NEW YORK TIMES BESTSELLER - Dispatches from the 2016 election that provide an eerily prescient take on our democracy's uncertain future, by the country's most perceptive and fearless political journalist.In twenty-five pieces from Rolling Stone--plus two original essays--Matt Taibbi tells the story of Western civilization's very own train wreck, from its tragicomic beginnings to its apocalyptic conclusion. Years before the clown car of candidates was fully loaded, Taibbi grasped the essential themes of the story: the power of spectacle over substance, or even truth; the absence of a shared reality; the nihilistic rebellion of the white working class; the death of the political establishment; and the emergence of a new, explicit form of white nationalism that would destroy what was left of the Kingian dream of a successful pluralistic society.Taibbi captures, with dead-on, real-time analysis, the failures of the right and the left, from the thwarted Bernie Sanders insurgency to the flawed and aimless Hillary Clinton campaign; the rise of the ""dangerously bright"" alt-right with its wall-loving identity politics and its rapturous view of the ""Racial Holy War"" to come; and the giant fail of a flailing, reactive political media that fed a ravenous news cycle not with reporting on political ideology, but with undigested propaganda served straight from the campaign bubble. At the center of it all stands Donald J. Trump, leading a historic revolt against his own party, ""bloviating and farting his way"" through the campaign, ""saying outrageous things, acting like Hitler one minute and Andrew Dice Clay the next."" For Taibbi, the stunning rise of Trump marks the apotheosis of the new postfactual movement.Taibbi frames the reporting with original essays that explore the seismic shift in how we perceive our national institutions, the democratic process, and the future of the country. Insane Clown President is not just a postmortem on the collapse and failure of American democracy. It offers the riveting, surreal, unique, and essential experience of seeing the future in hindsight.""Scathing . . . What keeps the pages turning in this so freshly familiar story line is the vivid observation and original turns of phrase.""--San Francisco Chronicle","['Politics', 'Nonfiction', 'History', 'Journalism', 'Essays', 'Audiobook', 'Presidents', 'American History', 'American', 'Humor']",https://i.gr-assets.com/images/S/compressed.photo.goodreads.com/books/1482944239l/33516776.jpg
Lila: An Inquiry Into Morals,Robert M. Pirsig,"In this best-selling new book, his first in seventeen years, Robert M. Pirsig, author of Zen and the Art of Motorcycle Maintenance, takes us on a poignant and passionate journey as mysterious and compelling as his first life-changing work. Instead of a motorcycle, a sailboat carries his philosopher-narrator Phaedrus down the Hudson River as winter closes in. Along the way he picks up a most unlikely traveling companion: a woman named Lila who in her desperate sexuality, hostility, and oncoming madness threatens to disrupt his life.In Lila Robert M. Pirsig has crafted a unique work of adventure and ideas that examines the essential issues of the nineties as his previous classic did the seventies.","['Philosophy', 'Fiction', 'Literature', 'Novels', 'Spirituality', 'Psychology', 'American', 'Classics', 'Metaphysics', 'Contemporary']",https://i.gr-assets.com/images/S/compressed.photo.goodreads.com/books/1346459192l/31093.jpg
Hunting and Gathering,"Anna Gavalda, Alison Anderson (Goodreads Author) (Translator)","Camille is doing her best to disappear. She barely eats, works at night as a cleaner and lives in a tiny attic room. Downstairs in a beautiful, ornate apartment, lives Philibert Marquet de la Durbellière, a shy, erudite, upper-class man with an unlikely flatmate in the shape of the foul-mouthed but talented chef, Franck. One freezing evening Philibert overcomes his excruciating reticence to rescue Camille, unconscious, from her garret and bring her into his home.As she recovers Camille learns more about Philibert; about Franck and his guilt for his beloved but fragile grandmother Paulette, who is all he has left in the world; and about herself. And slowly, this curious quartet of misfits all discover the importance of food, friendship and love.","['Fiction', 'France', 'Contemporary', 'Romance', 'Roman', 'Novels', 'French Literature', 'Literary Fiction', 'Adult', 'Chick Lit']",https://i.gr-assets.com/images/S/compressed.photo.goodreads.com/books/1327865734l/47780.jpg
Keeper of the Lost Cities Set,Shannon Messenger (Goodreads Author),"From Book 1: In this riveting debut, a telepathic girl must figure out why she is the key to her brand-new world—before the wrong person finds the answer first.Twelve-year-old Sophie has never quite fit into her life. She’s skipped multiple grades and doesn’t really connect with the older kids at school, but she’s not comfortable with her family, either. The reason? Sophie’s a Telepath, someone who can read minds. No one knows her secret—at least, that’s what she thinks… But the day Sophie meets Fitz, a mysterious (and adorable) boy, she learns she’s not alone. He’s a Telepath too, and it turns out the reason she has never felt at home is that, well…she isn’t. Fitz opens Sophie’s eyes to a shocking truth, and she is forced to leave behind her family for a new life in a place that is vastly different from what she has ever known. But Sophie still has secrets, and they’re buried deep in her memory for good reason: The answers are dangerous and in high-demand. What is her true identity, and why was she hidden among humans? The truth could mean life or death—and time is running out.",['Fantasy'],https://i.gr-assets.com/images/S/compressed.photo.goodreads.com/books/1485207952l/33649894.jpg
Godless: How an Evangelical Preacher Became One of America's Leading Atheists,"Dan Barker, Richard Dawkins (Goodreads Author) (Foreword)","ADVANCE PRAISE FOR GODLESS“Valuable in the human story are the reflections of intelligent and ethical people who listen to the voice of reason and who allow it to vanquish bigotry and superstition. This book is a classic example.”—CHRISTOPHER HITCHENS author of God is Not Great“The most eloquent witness of internal delusion that I know—a triumphantly smiling refugee from the zany, surreal world of American fundamentalist Protestantism—is Dan Barker.”—RICHARD DAWKINS author of The God Delusion“Godless was a revelation to me. I don’t think anyone can match the (devastating!) clarity, intensity, and honesty which Dan Barker brings to the journey—faith to reason, childhood to growing up, fantasy to reality, intoxication to sobriety.”—OLIVER SACKS authors of MusicophiliaIn Godless, Barker recounts his journey from evangelical preacher to atheist activist, and along the way explains precisely why it is not only okay to be an atheist, it is something in which to be proud.”—MICHAEL SHERMER publisher of Skeptic Magazine“Godless is a fascinating memoir and a handbook for debunking theism. But most of all, it is a moving testimonial to one man’s emotional and intellectual rigor in acclaiming critical thinking.”—ROBERT SAPOLSKY author of Why Zebras Don’t Get Ulcers","['Religion', 'Atheism', 'Nonfiction', 'Philosophy', 'Biography', 'Memoir', 'Science', 'Spirituality', 'Christianity', 'Skepticism']",https://i.gr-assets.com/images/S/compressed.photo.goodreads.com/books/1328751710l/3468711.jpg
Miss Peregrine's Home for Peculiar Children: The Graphic Novel,"Ransom Riggs, Cassandra Jean (Goodreads Author)","When Jacob Portman was a boy, his grandfather regaled him with stories of his fantastic life at Miss Peregrine's home during the Second World War, even sharing photos of the remarkable children with whom he resided. As Jacob grew up, though, he decided that these photos were obvious fakes, simple forgeries designed to stir his youthful imagination. Or were they...?Following his grandfather's death - a scene Jacob literally couldn't believe with his own eyes - the sixteen-year-old boy embarks on a mission to disentangle fact from fiction in his grandfather's tall tales. But even his grandfather's elaborate yarns couldn't prepare Jacob for the eccentricities he will discover at Miss Peregrine's Home for Peculiar Children!","['Graphic Novels', 'Fantasy', 'Young Adult', 'Comics', 'Fiction', 'Paranormal', 'Graphic Novels Comics', 'Horror', 'Time Travel', 'Manga']",https://i.gr-assets.com/images/S/compressed.photo.goodreads.com/books/1487624874l/17333322._SX318_.jpg
The American Zone,L. Neil Smith,"In the North American Confederacy . . . People are free--really free. Free to do as they please, whether it be starting a business, running for elected office, or taking target practice in the back forty. There's not a whole lot of government, nor is there a lot of crime, because everyone who wants to carries a gun, and isn't afraid to use it.But someone has bombed the Endicott Building, killing hundreds of people, and Win Bear, the only licensed detective in the confederacy, has to find out who did this dastardly deed, and why. Because whoever did it has already shown their willingness to commit more terrorist acts, no matter how many people are hurt.And that can't go on, or soon the confederacy will be just as the bad old United States--and that is something they want to avoid at all costs.","['Science Fiction', 'Fiction', 'Alternate History']",https://i.gr-assets.com/images/S/compressed.photo.goodreads.com/books/1312041071l/1127035.jpg
Stranger in the Forest: On Foot Across Borneo,Eric Hansen,"Eric Hansen was the first westerner ever to walk across the island of Borneo. Completely cut off from the outside world for seven months, he traveled nearly 1,500 miles with small bands of nomadic hunters known as Penan. Beneath the rain forest canopy, they trekked through a hauntingly beautiful jungle where snakes and frogs fly, pigs climb trees, giant carnivorous plants eat mice, and mushrooms glow at night. At once a modern classic of travel literature and a gripping adventure story, Stranger in the Forest provides a rare and intimate look at the vanishing way of life of one of the last surviving groups of rain forest dwellers. Hansen's absorbing, and often chilling, account of his exploits is tempered with the humor and humanity that prompted the Penan to take him into their world and to share their secrets.","['Travel', 'Nonfiction', 'Adventure', 'Memoir', 'Asia', 'Biography', 'Nature', 'Anthropology', 'Travelogue', 'Biography Memoir']",https://i.gr-assets.com/images/S/compressed.photo.goodreads.com/books/1403183182l/15667.jpg
She Who Remembers,Linda Lay Shuler,"Kwani. A beautiful woman born in the American southwest into the long extinct Anasazi tribe, long before Columbus...whose blue eyes marked her as a witch and set her apart from the Indian tribe that raised her.Following her path of destiny in a vanished world of great stone cities and trackless wilderness warring tribes and mysterious trabelers from other lands, Kwani found love with Kokopelli, the Toltec magician, who rescued her from death and took her to the Place of the Eagle Clan. There she was transformed from an outcast to the Chosen of the Gods, where she became She Who Remembers and taught young girls the ancient secrets only women know...secrets that provided her with inner power to overcome and triumph--and change her life forever.","['Historical Fiction', 'Fiction', 'Historical', 'Fantasy', 'Prehistoric', 'Romance', 'Adult', 'Prehistory', 'Native Americans', 'Adventure']",https://i.gr-assets.com/images/S/compressed.photo.goodreads.com/books/1168587562l/35349._SY475_.jpg
Love & the Zombie Apocalypse,"Chelsea Luna (Goodreads Author), Chelsea Bellingeri","Seventeen-year-old Rachel Cole was ecstatic when her little sister Morgan left for science camp at the University of Michigan – anything that would get Morgan out of their horrible foster home for a few weeks. Little did Rachel know that life as she knew it was about to change forever.A suspected biological terror attack has spread over the northern half of the country causing the dead to reanimate and attack the living. The sudden attacks have catapulted Middle America into an all-out war zone. Zombies have swarmed the City of Flint and Rachel must battle through the infected streets to rescue Morgan.Along the way, Rachel meets Cage Vance – the local star quarterback dealing with his own personal demons. Rachel is immediately attracted to Cage, but who has time for love during the zombie apocalypse? Can Rachel and Cage’s small group of friends survive the journey to Ann Arbor and rescue Morgan? Or are they already too late?","['Zombies', 'Horror', 'Young Adult', 'Romance', 'Apocalyptic', 'Dystopia', 'Science Fiction', 'Post Apocalyptic', 'Fantasy', 'Humor']",https://i.gr-assets.com/images/S/compressed.photo.goodreads.com/books/1382793293l/18718218.jpg
Lord Foul's Bane,Stephen R. Donaldson,"He called himself Thomas Covenant the Unbeliever because he dared not believe in the strange alternate world in which he suddenly found himself.Yet the Land tempted him. He had been sick; now he seemed better than ever before. Through no fault of his own, he had been outcast, unclean, a pariah. Now he was regarded as a reincarnation of the Land's greatest hero--Berek Halfhand--armed with the mystic power of White Gold. That power alone could protect the Lords of the Land from the ancient evil of Despiser, Lord Foul. Only...Covenant had no idea of how the power could be used!Thus begins one of the most remarkable epic fantasies ever written...","['Fantasy', 'Fiction', 'Science Fiction Fantasy', 'Epic Fantasy', 'Science Fiction', 'Adventure', 'High Fantasy', 'Epic', 'Unfinished', 'Young Adult']",https://i.gr-assets.com/images/S/compressed.photo.goodreads.com/books/1333217655l/219205.jpg
Singularity,William Sleator,"Barry and Harry Krasner are identical twins, but that's where the resemblance stops. Barry's more athletic, more aggressive - and he's the one who suggests that they house-sit their great-uncle's farm. Harry hopes that it will bring the two of them closer. And it does - because there's something chilling about the farmhouse, something that makes the locals stay far away. The twins are sure that the locked shed on the property is the reason why - but what they find inside is far more horrible than their worst nightmare.","['Young Adult', 'Science Fiction', 'Fiction', 'Teen', 'Fantasy', 'Speculative Fiction', 'Time Travel', 'Science Fiction Fantasy', 'Childrens', 'Novels']",https://i.gr-assets.com/images/S/compressed.photo.goodreads.com/books/1167544537l/24876.jpg
The Book on the Taboo Against Knowing Who You Are,Alan W. Watts,"Alan Watts asks what is the cause of the illusion that the self is a separate ego, housed in a bag of skin, and which confronts a universe of physical objects that are alien to it. Rather a person's identity (their ego) binds them to the physical universe, creating a relationship with their environment and other people. The separation of the self and the physical world leads to the misuse of technology and the attempt to violently subjugate man's natural environment, leading to its destruction.Explaining man's role in the universe as a unique expression of the total universe, and interdependent on it, Alan Watts offers a new understanding of personal identity. It reveals the mystery of existence, presenting and alternative to the feelings of alienation that is prevalent in Western society, and a vision of how we can come to understand the cosmic self that is within every living thing.","['Philosophy', 'Nonfiction', 'Spirituality', 'Psychology', 'Religion', 'Self Help', 'Buddhism', 'Zen', 'Personal Development', 'Eastern Philosophy']",https://i.gr-assets.com/images/S/compressed.photo.goodreads.com/books/1403166178l/60551.jpg
A Three Dog Life,Abigail Thomas,"When Abigail Thomas’s husband, Rich, was hit by a car, his brain shattered. Subject to rages, terrors, and hallucinations, he must live the rest of his life in an institu­tion. He has no memory of what he did the hour, the day, the year before. This tragedy is the ground on which Abigail had to build a new life. How she built that life is a story of great courage and great change, of moving to a small country town, of a new family composed of three dogs, knitting, and friendship, of facing down guilt and discovering gratitude. It is also about her relationship with Rich, a man who lives in the eternal present, and the eerie poetry of his often uncanny perceptions. This wise, plainspoken, beautiful book enacts the truth Abigail discovered in the five years since the acci­dent: You might not find meaning in disaster, but you might, with effort, make something useful of it.","['Memoir', 'Nonfiction', 'Dogs', 'Animals', 'Biography', 'Biography Memoir', 'Autobiography', 'Medical', 'Family', 'Relationships']",https://i.gr-assets.com/images/S/compressed.photo.goodreads.com/books/1173149715l/251789._SX318_.jpg
Brooding YA Hero: Becoming a Main Character (Almost) as Awesome as Me,"Carrie Ann DiRisio (Goodreads Author), Linnea Gear (Illustrator)","Have you ever wished you could receive a little guidance from your favorite book boyfriend? Ever dreamed of being the Chosen One in a YA novel? Want to know all the secrets of surviving the dreaded plot twist?Or maybe you're just really confused about what ""opal-tinted, luminous cerulean orbs"" actually are?Well, popular Twitter personality @broodingYAhero is here to help as he tackles the final frontier in his media dominance: writing a book. Join Broody McHottiepants as he attempts to pen Brooding YA Hero: Becoming a Main Character (Almost) as Awesome as Me, a ""self-help"" guide (with activities--you always need activities) that lovingly pokes fun at the YA tropes that we roll our eyes at, but secretly love. As his nefarious ex, Blondie DeMeani, attempts to thwart him at every turn, Broody overcomes to detail, among other topics, how to choose your genre, how to keep your love interest engaged (while maintaining lead character status), his secret formula for guaranteed love triangle success, and how to make sure you secure that sequel, all while keeping his hair perfectly coiffed and never breaking a sweat.","['Young Adult', 'Humor', 'Contemporary', 'Fiction', 'Writing', 'Teen', 'Books About Books', 'Romance', 'Young Adult Contemporary', 'Fantasy']",https://i.gr-assets.com/images/S/compressed.photo.goodreads.com/books/1500666433l/33799449._SY475_.jpg
Jangan Main-Main (dengan Kelaminmu),Djenar Maesa Ayu,"SINOPSISSaya heran, selama lima tahun kami menjalin hubungan, tidak sekali pun terlintas di kepala saya tentang pernikahan. Tapi jika dikatakan hubungan kami ini hanya main-main, apalagi hanya sebatas hasrat seksual, dengan tegas saya akan menolak. Saya sangat tahu aturan main. Bagi pria semapan saya, hanya dibutuhkan beberapa jam untuk main-main, mulai main mata hingga main kelamin. Bayangkan! Berapa banyak main-main yang bisa saya lakukan dalam lima tahun?INI TIDAK MAIN-MAIN!","['Fiction', 'Novels', 'Indonesian Literature', 'Adult', 'Short Stories', 'Feminism', 'Literature', 'Anthologies']",https://i.gr-assets.com/images/S/compressed.photo.goodreads.com/books/1359885314l/17316196.jpg
Lost in the Funhouse,John Barth,"Barth's lively, highly original collection of short pieces is a major landmark of experimental fiction. Though many of the stories gathered here were published separately, there are several themes common to them all, giving them new meaning in the context of this collection.","['Short Stories', 'Fiction', 'Literature', 'American', 'Classics', 'Literary Fiction', '20th Century', 'Novels', 'Contemporary', 'United States']",https://i.gr-assets.com/images/S/compressed.photo.goodreads.com/books/1327139002l/12885.jpg
Ticăloși fără glorie,Quentin Tarantino,"Literatura in toata regula, Ticalosi fara glorie cuprinde o serie de scene care nu se regasesc in cele aproape trei ore ale filmului, oferind cititorului un plus de Tarantino.Considerat de cea mai mare parte a criticii drept cel mai bun film din 2009, Ticalosi fara glorie este, dupa cum o spune si Tarantino, capodopera sa cinematografica. Fapt sustinut de numeroasele nominalizari si premii primite pana acum. Lasand cifrele sa vorbeasca de la sine, filmul care ii are in rolurile principale pe Brad Pitt si pe Cristoph Waltz a primit 54 de nominalizari si 56 de premii. Printre prestigioasele distinctii se numara Premiul pentru Cel mai bun Actor, care i-a revenit lui Cristoph Waltz la Festivalul de la Cannes din 2009, un Glob de Aur care i-a revenit tot lui Waltz, actor care a mai incasat un Premiu BAFTA si un Oscar pentru acest rol. in cadrul Galei Best Film Fest, derulate anul trecut in Capitala, nonconformista pelicula de razboi a lui Tarantino a fost desemnata drept „Cel mai bun film strain care a rulat in Romania in 2009"".Deopotriva scenarist si regizor, Tarantino si-a obisnuit nu doar fanii, ci si publicul larg, cu publicarea scenariilor sale, considerate o adevarata bijuterie cinematografica. Literatura in toata regula, Ticalosi fara gloriecuprinde o serie de scene care nu se regasesc in cele aproape trei ore ale filmului, oferind cititorului un plus de Tarantino.","['Historical Fiction', 'Film', 'Fiction', 'Media Tie In', 'War', 'World War II', 'Plays', 'Thriller', 'Alternate History', '21st Century']",https://i.gr-assets.com/images/S/compressed.photo.goodreads.com/books/1403631848l/22584198.jpg
The Lady Series,Denise Domning (Goodreads Author),"Includes:Lady in WaitingCommanded by her grandfather to snare a wealthy husband, Anne Blanchemain enters the lavish court of Queen Elizabeth. She never suspects that handsome courtier Christopher Hollier has been sent to ruin her, not wed her. Christopher's desire for Anne soon sweeps them both toward betrayal and into a dangerous game that could change the fate of the queen herself.Lady in WhiteA widow is forced to remarry and her betrothed is a mysterious recluse who conducts all business through his handsome agent. Suspicious and protective at first, the agent eventually falls in love with the spirited, courageous lady.","['Historical Romance', 'Romance', 'Historical Fiction', 'Historical', 'Medieval', 'Fiction', 'Anthologies']",https://i.gr-assets.com/images/S/compressed.photo.goodreads.com/books/1360567361l/17204614.jpg
So Long a Letter,"Mariama Bâ, Modupé Bodé-Thomas (Translator)","This novel is in the form of a letter, written by the widowed Ramatoulaye and describing her struggle for survival. It is the winner of the Noma Award.","['Fiction', 'Africa', 'Senegal', 'African Literature', 'Feminism', 'France', 'Classics', 'Literature', 'Novels', '20th Century']",https://i.gr-assets.com/images/S/compressed.photo.goodreads.com/books/1394825021l/151374.jpg
50 Philosophy Ideas You Really Need to Know,Ben Dupré,"Have you ever lain awake at night fretting over how we can be sure of the reality of the external world? Perhaps we are in fact disembodied brains, floating in vats at the whim of some deranged puppet-master? If so, you are not alone - and what's more, you are in exalted company. For this question and other ones like it have been the stuff of philosophical rumination from Plato to Popper. In a series of accessible and engagingly written essays, ""50 Philosophy Ideas You Really Need to Know"" introduces and explains the problems of knowledge, consciousness, identity, ethics, belief, justice and aesthetics that have engaged the attention of thinkers from the era of the ancient Greeks to the present day.","['Philosophy', 'Nonfiction', 'Reference', 'Science', 'History', 'Psychology', 'Education', 'Audiobook', 'Self Help', 'Unfinished']",https://i.gr-assets.com/images/S/compressed.photo.goodreads.com/books/1347233860l/2142887.jpg
The Procrastination Equation: How to Stop Putting Things Off and Start Getting Stuff Done,Piers Steel (Goodreads Author),"DON'T WAIT TO READ THIS BOOK: The world's leading expert on procrastination uses his groundbreaking research to offer understanding on a matter that bedevils us all. Writing with humour, humanity and solid scientific information reminiscent of Stumbling on Happiness and Freakonomics, Piers Steel explains why we knowingly and willingly put off a course of action despite recognizing we'll be worse off for it.For those who surf the Web instead of finishing overdue assignments, who always say diets start tomorrow, who stay up late watching TV to put off going to sleep, The Procrastination Equation explains why we do what we do — or in this case don't — and why in Western societies we're in the midst of an escalating procrastination epidemic.Dr. Piers Steel takes on the myths and misunderstandings behind procrastination and motivation — showing us how procrastination affects our lives, health, careers and happiness and what we can do about it. With accessible prose and the benefits of new scientific research, he provides insight into why we procrastinate even though the result is that we are less happy, healthy, even wealthy. Who procrastinates and why? How many ways, big and small, do we procrastinate? How can we stop doing it? The reasons are part cultural, part psychological, part biological. And, with a million new ways to distract ourselves in the digitized world — all of which feed on our built-in impulsiveness — more of us are potentially damaging ourselves by putting things off. But Steel not only analyzes the factors that weigh us down but the things that motivate us — including understanding the value of procrastination.","['Nonfiction', 'Self Help', 'Psychology', 'Productivity', 'Personal Development', 'Business', 'Science', 'Reference', 'Health', 'Audiobook']",https://i.gr-assets.com/images/S/compressed.photo.goodreads.com/books/1320405262l/9514605.jpg
Ojos de perro azul,Gabriel García Márquez,"Estos relatos tempranos de Gabriel García Márquez fueron escritos y publicados entre 1947 y 1955, aunque, como libro, Ojos de perro azul no aparecería hasta 1974 cuando el escritor ya había publicado otros dos libros de relatos y cuatro novelas, de las que la última, ""Cien años de soledad"", le proporcionaría su primer gran éxito internacional. En este libro se incluye su primer cuento célebre, el ""Monólogo de Isabel viendo llover en Macondo"", escenario de sus obras posteriores. El personaje de Isabel reaparecerá en su primera novela, y el tema de la lluvia cayendo interminablemente, en su personal versión del diluvio universal, acabaría integrándose suave y flexiblemente en ""Cien años de soledad"". Este relato, incluido en todas las antologías del cuento latinoamericano de nuestros días, fue la primera piedra de ese gigantesco edificio, tan imaginario como real, que terminaría fundando el espacio literario más poderoso de las letras universales de nuestro tiempo: Macondo.","['Short Stories', 'Fiction', 'Magical Realism', 'Spanish Literature', 'Latin American', 'Latin American Literature', 'Classics', 'Literature', 'Nobel Prize', 'Novels']",https://i.gr-assets.com/images/S/compressed.photo.goodreads.com/books/1347357145l/23882.jpg
The Extended Phenotype: The Long Reach of the Gene,"Richard Dawkins (Goodreads Author), Daniel C. Dennett (Contributor)","People commonly view evolution as a process of competition between individuals—known as “survival of the fittest”—with the individual representing the “unit of selection.” Richard Dawkins offers a controversial reinterpretation of that idea in The Extended Phenotype, now being reissued to coincide with the publication of the second edition of his highly-acclaimed The Selfish Gene. He proposes that we look at evolution as a battle between genes instead of between whole organisms. We can then view changes in phenotypes—the end products of genes, like eye color or leaf shape, which are usually considered to increase the fitness of an individual—as serving the evolutionary interests of genes.Dawkins makes a convincing case that considering one’s body, personality, and environment as a field of combat in a kind of “arms race” between genes fighting to express themselves on a strand of DNA can clarify and extend the idea of survival of the fittest. This influential and controversial book illuminates the complex world of genetics in an engaging, lively manner.","['Science', 'Nonfiction', 'Biology', 'Evolution', 'Genetics', 'Popular Science', 'Philosophy', 'Atheism', 'Psychology', 'Anthropology']",https://i.gr-assets.com/images/S/compressed.photo.goodreads.com/books/1336065913l/61538.jpg
A Very Large Expanse of Sea,Tahereh Mafi,"It’s 2002, a year after 9/11. It’s an extremely turbulent time politically, but especially so for someone like Shirin, a sixteen-year-old Muslim girl who’s tired of being stereotyped.Shirin is never surprised by how horrible people can be. She’s tired of the rude stares, the degrading comments - even the physical violence - she endures as a result of her race, her religion, and the hijab she wears every day. So she’s built up protective walls and refuses to let anyone close enough to hurt her. Instead, she drowns her frustrations in music and spends her afternoons break-dancing with her brother.But then she meets Ocean James. He’s the first person in forever who really seems to want to get to know Shirin. It terrifies her - they seem to come from two irreconcilable worlds - and Shirin has had her guard up for so long that she’s not sure she’ll ever be able to let it down.","['Young Adult', 'Contemporary', 'Romance', 'Fiction', 'Audiobook', 'Realistic Fiction', 'Young Adult Contemporary', 'Historical Fiction', 'Teen', 'High School']",https://i.gr-assets.com/images/S/compressed.photo.goodreads.com/books/1558453377l/38720939._SY475_.jpg
Bite-Sized Magic,Kathryn Littlewood,"Scrittrice e buongustaia, Kathryn Littlewood vive a New York, dove ci sono moltissime pasticcerie davvero straordinarie, ma non ne ha ancora trovata una magica come la Bliss Bakery. Con le fantastiche ricette che ha presentato al Campionato Mondiale di Pasticceria di Parigi, Rose ha sconfitto la perfida zia Lily e ha riconquistato il preziosissimo Magiricettario della famiglia Bliss. Ma non basta. La pasticcera tredicenne è diventata così famosa che il potente signor Butter decide di assumerla alle Industrie Dolciarie Mostess, la sua multinazionale di merendine e snack. Grazie alla magia della giovane Bliss, Butter progetta di invadere il pianeta con i suoi dolcissimi, ipnotici Fluo-Ciok. Ben presto, però, Rose non sente più profumo di torta, ma puzza di bruciato, e insieme ai suoi fratelli, a Gus il gatto parlante e a Jacques il topo dall'accento francese decide di bloccare i piani di conquista dell'untuoso signor Butter.","['Fantasy', 'Middle Grade', 'Fiction', 'Childrens', 'Magic', 'Family', 'Young Adult', 'Adventure', 'Novels', 'Indonesian Literature']",https://i.gr-assets.com/images/S/compressed.photo.goodreads.com/books/1386278172l/18052851.jpg
Emma,Ashley Merrick,"Emma Byrne grew up in a Catholic orphanage in Boston, and her prospects are limited. She and her group of girlfriends, who all met in the orphanage, are barely getting by, working as nannies, cooks, and live-in maids for rich families. When Emma's employer, Gerald, threatens her with losing her job if she doesn't submit to his very unwanted advances, she stumbles onto an opportunity to be a mail-order bride and decides that couldn't possibly be worse.  Except that the groom in question had no idea that his brother sent for a wife. When Emma shows up, at the train station in Bozeman, MT, it's her groom's brother, Joshua that is there to greet her. As it turns out, Ethan is furious that his brother went behind his back and sent for a wife. He's still grieving from the unexpected death of his wife Allison only a year earlier, and spends all his time when he's not working, being a good dad to his only child, Emily, who is three.  Montana is hugely different from Boston, and Emma is surprised that she immediately falls in love with the area. Though taken aback at first to discover that Ethan wasn't aware that she was coming, she's secretly relieved to have a little time to get to know him and her new home. She is also quite fascinated by his family. Ethan is the oldest of ten, and eight of them are brothers, and except for Joshua, all are single. Emma has an urge to play matchmaker, and in book two, her best friend, Julia comes West to meet the brothers.","['Romance', 'Westerns', 'Historical Romance', 'Historical', 'Historical Fiction', 'Mail Order Brides', 'Western Historical Romance', 'Amazon', 'Fiction', 'Short Stories']",https://i.gr-assets.com/images/S/compressed.photo.goodreads.com/books/1428941361l/23388988.jpg
A Betrayal in Winter,Daniel Abraham,"Daniel Abraham delighted fantasy readers with his brilliant, original, and engaging first novel, A Shadow in Summer. Now he has produced an even more powerful sequel, a tragedy as darkly personal and violent as Shakespeare's Macbeth. As a boy, Otah Machi was exiled from his family, Machi's ruling house. Decades later, he has witnessed and been part of world-changing events. Yet he has never returned to Machi. Now his father--the Khai, or ruler, of Machi--is dying and his eldest brother Biitrah has been assassinated, Otah realizes that he must return to Machi, for reasons not even he understands. Tradition dictates that the sons of a dying Khai fall upon each other until only one remains to succeed his father. But something even worse is occurring in Machi. The Galts, an expansive empire, has allied with someone in Machi to bring down the ruling house. Otah is accused, the long-missing brother with an all-too-obvious motive for murder. With the subtlety and wonderful storytelling skill of his first novel, Abraham has created a masterful drama filled with a unique magic, a suspenseful thriller of sexual betrayal, and Machiavellian politics.","['Fantasy', 'Fiction', 'Epic Fantasy', 'High Fantasy', 'Science Fiction Fantasy', 'Speculative Fiction', 'Science Fiction', 'Audiobook', 'Magic', 'Politics']",https://i.gr-assets.com/images/S/compressed.photo.goodreads.com/books/1393279525l/811161.jpg
Enséñame,Celia May Hart,"Ella tenía curiosidad… La biblioteca de los Barrington es única… Y la señorita Portia Carew sólo curioseaba una historia tentadora de deseo, un deseo prohibido, lleno de lujuria y desesperadamente erótico. Pero ella quiere más. Mucho más.Es una suerte que esté sola y escondida… Bueno, casi escondida; ese atractivo canalla de Mark Knightson ha presenciado la sesión de su placer secreto y sabe que ella está preparada para experimentar lo que solamente él puede darle. Un placer delicioso, tabú, carnal…","['Erotica', 'Historical', 'Romance', 'Historical Romance', 'Erotic Romance', 'Regency']",https://i.gr-assets.com/images/S/compressed.photo.goodreads.com/books/1300455772l/10813206.jpg
Suicide,Édouard Levé,"«Expliquer ton suicide? Personne ne s'y est risqué. Tu ne craignais pas la mort. Tu l'as devancée, mais sans vraiment la désirer : comment désirer ce que l'on ne connaît pas? Tu n'as pas nié la vie, mais affirmé ton goût pour l'inconnu en pariant que si, de l'autre côté, quelque chose existait, ce serait mieux qu'ici.» Dans Suicide, le narrateur s'adresse à un ami qui s'est tué d'un coup de fusil. Apparaît peu à peu l'image d'un homme stoïque, délicat et sensible, qui ressemble à l'auteur. Édouard Levé s'est suicidé dix jours après avoir remis son manuscrit à son éditeur.","['Fiction', 'France', 'Literature', 'French Literature', 'Novels', 'Death', 'Mental Health', 'Psychology', 'Literary Fiction', '21st Century']",https://i.gr-assets.com/images/S/compressed.photo.goodreads.com/books/1356083980l/7712622.jpg
Sombras de Morte,"Susana Almeida (Goodreads Author), Pedro Pires (Illustrator)","Num Império onde as avatares da Senhora da Sabedoria são tão respeitadas como o próprio Rei e os cavaleiros são admirados pela sua bravura e honra, a paz prospera nas terras do Império dos Homens. Aheik, um jovem cavaleiro, tem sonhos que o levam para outra era, onde o seu nome é Eogan, marido da guardiã da Estrela de Narien. A Estrela de Narien é um artefacto que se julga perdido e cujo poder não tem limites. Se de facto existir e cair nas mãos erradas, poderá até destruir o mundo. Atormentado, Aheik procura compreender significado dos sonhos. Do outro lado do Império, Étaín, uma elfo enlouquecida pelo desejo de possuir a Estrela, cria uma aliança com o povo bárbaro das Terras da Perdição. E a partir desse a guerra ameaça todo o Império, devastado por sangrentas batalhas contra um povo mata por matar e destrói por prazer. Mas Aheik não está sozinho. O destino reserva-lhe as maiores surpresas: o amor, traição a amizade... Todo o Império depende de uns poucos heróis, e Aheik tem a sua própria cruzada pessoal.","['Fantasy', 'Romance']",https://i.gr-assets.com/images/S/compressed.photo.goodreads.com/books/1276524277l/8456930.jpg
Svenne,Per Nilsson,"Svenne är en vanlig sjuttonåring från en liten by i södra Sverige. Bara på grund av sitt namn dras han in i ett politiskt spel som varken han eller någon annan riktigt förstår. Ett nytt nationellt parti med en karismatisk partiledare växer sig starkt, och efter ett halvår är Sverige förändrat.Men allt får sin ände under några dagar av kaos och upplopp. Efter det måste Svenne fly för livet. Han misstänks vara ansvarig för hämndaktioner, mord, misshandel och straffläger. Nu gömmer han sig undan polisen och alla som vill hämnas. Det här är hans berättelse.","['Young Adult', 'Swedish Literature', 'Scandinavian Literature', 'Contemporary']",https://i.gr-assets.com/images/S/compressed.photo.goodreads.com/books/1367915765l/2244182.jpg
Thief's Magic,Trudi Canavan,"In a world where an industrial revolution is powered by magic, Tyen, a student of archaeology, unearths a sentient book called Vella. Once a young sorcerer-bookbinder, Vella was transformed into a useful tool by one of the greatest sorcerers of history. Since then she has been collecting information, including a vital clue to the disaster Tyen's world faces. Elsewhere, in an land ruled by the priests, Rielle the dyer's daughter has been taught that to use magic is to steal from the Angels. Yet she knows she has a talent for it, and that there is a corrupter in the city willing to teach her how to use it -- should she dare to risk the Angels' wrath.But not everything is as Tyen and Rielle have been raised to believe. Not the nature of magic, nor the laws of their lands... and not even the people they trust. ","['Fantasy', 'Magic', 'Fiction', 'High Fantasy', 'Young Adult', 'Epic Fantasy', 'Steampunk', 'Audiobook', 'Adventure', 'Angels']",https://i.gr-assets.com/images/S/compressed.photo.goodreads.com/books/1388469030l/17302559.jpg
While Passion Sleeps,Shirlee Busbee,"THE LADY: Beth Ridgeway was a violet-eyed platinum beauty -- the kind of woman who made men burn with desire. Yet her husband Nathan didn't want her... THE ROGUE: Rafael Santana, the darkly handsome and arrogant son of a wealthy Texas family, had been kidnapped by the Comanches and raised as a warrior. Even now, all his gentleman's breeding couldn't conceal the savage strength beneath his aristocraic bearing. THE FURY: Beth thought he was cruel and insensitive, a man who used women only for his selfish pleasure and then tossed them away. Rafael thought she was a common wench -- flirtatious and unfaithful -- who took pride in breaking men's hearts. THE FIRE: Yet something had happened when their eyes first met at a dazzling New Orleans ball. Something their hearts could not deny, something neither the years nor the violent misunderstandings could diminish. Because for the first time, both Beth and Rafael were awakening to the magnificent passions of love.","['Historical Romance', 'Romance', 'Historical', 'Westerns', 'Historical Fiction', 'Fiction', 'Western Romance', 'British Literature']",https://i.gr-assets.com/images/S/compressed.photo.goodreads.com/books/1387745925l/466223.jpg
The Girl Savage,Katherine Rundell,"Even a life on the untamed plains of Africa can’t prepare Wilhelmina for the wilds of an English boarding school in this lovely and lyrical novel from the author of Rooftoppers, which Booklist called “a glorious adventure.”Wilhelmina Silver’s world is golden. Living half-wild on an African farm with her horse, her monkey, and her best friend, every day is beautiful. But when her home is sold and Will is sent away to boarding school in England, the world becomes impossibly difficult. Lions and hyenas are nothing compared to packs of vicious schoolgirls. Where can a girl run to in London? And will she have the courage to survive?From the author of the “witty, inventively poetic” Rooftoppers comes an utterly beautiful story that’s sure to be treasured.","['Middle Grade', 'Fiction', 'Realistic Fiction', 'Africa', 'Adventure', 'Childrens', 'Young Adult', 'Juvenile', 'Family', 'Cultural']",https://i.gr-assets.com/images/S/compressed.photo.goodreads.com/books/1353171405l/9912400.jpg
"In Search of Lost Time, Vol. 3: Sodom and Gomorrah & The Captive","Marcel Proust, C.K. Scott Moncrieff (Translator), Terence Kilmartin (Translator)","Sodom and Gomorrah opens a new phase of In Search of Lost Time. While watching the pollination of the Duchess de Guermantes’s orchid, the narrator secretly observes a sexual encounter between two men. “Flower and plant have no conscious will,” Samuel Beckett wrote of Proust’s representation of sexuality. “They are shameless, exposing their genitals. And so in a sense are Proust’s men and women . . . shameless. There is no question of right and wrong.”","['Fiction', 'Classics', 'Literature', 'France', 'Novels']",https://i.gr-assets.com/images/S/compressed.photo.goodreads.com/books/1327341227l/124084.jpg
Songs of Earth and Power,Greg Bear,"The Song of Power opened the gateway to the Realm of the Sidhe, allowing young Michael Perrin to slip through. Now Michael faces years of captivity and deadly struggles for the future of the Realm and of Earth--leading finally to a terrible confrontation on the streets of Los Angeles, with the soul of humanity at stake.Weaving the power of music, poetry, and myth into a headlong narrative of nearly overwhelming intensity, Song of Earth and Power is one of the most original fantasy epics of our time, a vast tapestry of relentless suspense, terrible beauty, and brilliant imagination. Originally published years ago in two parts, it now returns in a new edition rewritten by the author and published in a single volume as he originally intended. Wrote Analog on its original appearance: ""A delight....A vision of Faery that may owe a bit to a wish to do it right. Read it.""","['Fantasy', 'Science Fiction', 'Fiction', 'Science Fiction Fantasy', 'Urban Fantasy', '20th Century', 'Sci Fi Fantasy', 'Dark Fantasy']",https://i.gr-assets.com/images/S/compressed.photo.goodreads.com/books/1312049376l/172740.jpg
Winnetou I: Kepala Suku Apache,"Karl May, Primardiana H. Wijayati (Translator), Pandu Ganesa (Editor), Samuel Limahekin (Translator), Sawitri Retnantiti (Translator), Dewi Kartika (Translator), Rosyidah (Translator), Rizman Usman (Translator), more…","'Charley, seorang pemuda ingusan alias greenhorn dari Jerman yang menjadi narator trilogi petualangan ini bermaksud ingin melihat dunia. Maka merantaulah dia ke Amerika. Setibanya di St Louis, walau tidak berkekurangan secara materi, dia hanya bisa bekerja sebagai seorang guru privat saja. Untunglah, atas bantuan seorang pembuat senapan yang. bernama Mr Henry, tercapailah impiannya untuk berkunjung ke daerah Wild West dengan bekerja sebagai seorang surveyor perusahaan pembuatan jalan kereta yang membelah jantung Amerika Serikat.Dengan dibimbing oleh Sam Hawkens, Charley akhirnya sedikit demi sedikit belajar menjadi seorang westman. Tapi pengalamannya itu benar-benar tidak acta artinya ketika kemudian pada suatu hari dia berjumpa dengan Winnetou, putra seorang kepala suku Apache. Dari Winnetou-lah, Charley, seorang pemuda dari dunia modern itu harus belajar dari seorang Indian yang dikatakan liar.Charley yang kemudian bergelar Old Shatterhand juga terbukakan matanya, bahwa ternyata jalan kereta yang dibuat itu belum mendapatkan izin dari pemilik tanahnya yang syah, orang-orang Apache.Inilah novel utama dari Karl May (1842-1912) yang merupakan buku pertama dari sebuah trilogi, yang mengangkat namanya menjadi salah satu penulis kisah perjalanan yang terdepan di dunia. Buku ini mengungkap juga tentang kepunahan fauna Amerika, bison dan mustang, dan yang penting perjuangan sang tokoh untuk membela orang-orang Indian yang menjelang punah. Buku tentang kemanusiaan ini berisikan ide tentang persahabatan antar ras, suku, pemeluk agama. Aktifis lingkungan hidup dan pembela warga yang tertindas hak-haknya kiranya perlu membaca buku ini.'","['Fiction', 'Classics', 'Adventure', 'Westerns', 'German Literature', 'Novels', 'Historical Fiction', 'Historical', 'Childrens', 'Indonesian Literature']",https://i.gr-assets.com/images/S/compressed.photo.goodreads.com/books/1569756826l/1612379.jpg
Cast in Shadow,"Michelle Sagara, Michelle Sagara West","Seven years ago Kaylin fled the crime-riddled streets of Nightshade, knowing that something was after her. Children were being murdered — and all had the same odd markings that mysteriously appeared on her own skin...Since then, she's learned to read, she's learned to fight and she's become one of the vaunted Hawks who patrol and police the City of Elantra. Alongside the winged Aerians and immortal Barrani, she's made a place for herself, far from the mean streets of her birth.But children are once again dying, and a dark and familiar pattern is emerging, Kaylin is ordered back into Nightshade with a partner she knows she can't trust, a Dragon lord for a companion and a device to contain her powers — powers that no other human has. Her task is simple — find the killer, stop the murders... and survive the attentions of those who claim to be her allies!","['Fantasy', 'Urban Fantasy', 'Magic', 'Dragons', 'Paranormal', 'Fiction', 'Mystery', 'Romance', 'Adult', 'Young Adult']",https://i.gr-assets.com/images/S/compressed.photo.goodreads.com/books/1427446538l/9542.jpg
Confessions of a Crap Artist,Philip K. Dick,"Confessions of a Crap Artist is one of Philip K. Dick's weirdest and most accomplished novels. Jack Isidore is a crap artist -- a collector of crackpot ideas (among other things, he believes that the earth is hollow and that sunlight has weight) and worthless objects, a man so grossly unequipped for real life that his sister and brother-in-law feel compelled to rescue him from it. But seen through Jack's murderously innocent gaze, Charlie and Juddy Hume prove to be just as sealed off from reality, in thrall to obsessions that are slightly more acceptable than Jack's, but a great deal uglier.","['Fiction', 'Science Fiction', 'Novels', 'Literature', 'American', '20th Century', 'Speculative Fiction', 'Fantasy', 'Romance', 'Contemporary']",https://i.gr-assets.com/images/S/compressed.photo.goodreads.com/books/1350977744l/65030.jpg
ile,Oruç Aruoba,"En başta zorunlu olan, yaşamdır: üslup yaşamalıdır. Üslup, her seferinde, senin kendinle ilgili bildirimde bulunmak istediğin çok belirgin bir kişi bakımından, sana, uygun olmalıdır. Yazmaya kalkışmadan önce, şunu tam olarak bilmelidir. ""Bunu söylüyor olsaydım, söyle konuşurdum"". Yazmak yalnızca bir benzetilme olmalıdır.","['Turkish Literature', 'Poetry', 'Literature', 'Philosophy', 'Turkish']",https://i.gr-assets.com/images/S/compressed.photo.goodreads.com/books/1438757829l/7151711._SX318_.jpg
Undead and Unwed,MaryJanice Davidson (Goodreads Author),"It'a been a helluva week for Betsy Taylor. First, she loses her job. Then, to top things off, she's killed in a car accident. But what really bites (besides waking up in the morgue dressed in a pink suit and cheap shoes courtesy of her stepmother) is that she can't seem to stay dead. Every night she rises with a horrible craving for blood. She's not taking too well to a liquid diet.Worst of all, her new friends have the ridiculous idea that Betsy is the prophesied vampire queen, and they want her help in overthrowing the most obnoxious, power-hungry vampire in five centuries - a badly dressed Bela Lugosi wannabe, natch. Frankly, Betsy couldn't care less about vamp politics, but they have a powerful weapon of persuasion: designer shoes. How can any self-respecting girl say no? But a collection of Ferragamos isn't the only temptation for Betsy. It's just a lot safer than the scrumptious Sinclair - a seductive bloodsucker whose sexy gaze seems as dangerous as a stake through the heart...","['Vampires', 'Paranormal', 'Romance', 'Fantasy', 'Paranormal Romance', 'Urban Fantasy', 'Chick Lit', 'Humor', 'Fiction', 'Supernatural']",https://i.gr-assets.com/images/S/compressed.photo.goodreads.com/books/1298768655l/421129.jpg
Mist,Kathryn James,"Midnight: a mist-haunted wood with a bad reputation. A sweet 16 party, and 13-year-old Nell is trying to keep her sister, spoilt birthday-girl Gwen, out of trouble. No chance. Trouble finds Gwen and drags her through the mist. Only Nell guesses who's behind the kidnap - the boy she hoped was her friend, the mysterious Evan River.","['Fantasy', 'Young Adult', 'Paranormal', 'Romance', 'Fae', 'Fairies', 'Adventure', 'Fairy Tales', 'Middle Grade', 'Teen']",https://i.gr-assets.com/images/S/compressed.photo.goodreads.com/books/1327227000l/10321640.jpg
The Good Body,Eve Ensler,"Botox, bulimia, breast implants: Eve Ensler, author of the international sensation The Vagina Monologues, is back, this time to rock our view of what it means to have a “good body.” “In the 1950s,” Eve writes, girls were “pretty, perky. They had a blond Clairol wave in their hair. They wore girdles and waist-pinchers. . . . In recent years good girls join the army. They climb the corporate ladder. They go to the gym. . . . They wear painful pointy shoes. They don’t eat too much. They . . . don’t eat at all. They stay perfect. They stay thin. I could never be good.”The Good Body starts with Eve’s tortured relationship with her own “post-forties” stomach and her skirmishes with everything from Ab Rollers to fad diets and fascistic trainers in an attempt get the “flabby badness” out. As Eve hungrily seeks self-acceptance, she is joined by the voices of women from L.A. to Kabul, whose obsessions are also laid bare: A young Latina candidly critiques her humiliating “spread,” a stubborn layer of fat that she calls “a second pair of thighs.” The wife of a plastic surgeon recounts being systematically reconstructed–inch by inch–by her “perfectionist” husband. An aging magazine executive, still haunted by her mother’s long-ago criticism, describes her desperate pursuit of youth as she relentlessly does sit-ups.Along the way, Eve also introduces us to women who have found a hard-won peace with their bodies: an African mother who celebrates each individual body as signs of nature’s diversity; an Indian woman who transcends “treadmill mania” and delights in her plump cheeks and curves; and a veiled Afghani woman who is willing to risk imprisonment for a taste of ice cream. These are just a few of the inspiring stories woven through Eve’s global journey from obsession to enlightenment. Ultimately, these monologues become a personal wake-up call from Eve to love the “good bodies” we inhabit.From the Hardcover edition.","['Feminism', 'Nonfiction', 'Plays', 'Womens', 'Drama', 'Gender Studies', 'Essays', 'Memoir', 'Womens Studies', 'Theatre']",https://i.gr-assets.com/images/S/compressed.photo.goodreads.com/books/1428178281l/531495.jpg
In the Night Garden,"Catherynne M. Valente (Goodreads Author), Michael William Kaluta (Illustrator)","A Book of Wonders for Grown-Up ReadersEvery once in a great while a book comes along that reminds us of the magic spell that stories can cast over us to dazzle, entertain, and enlighten. Welcome to the Arabian Nights for our time a lush and fantastical epic guaranteed to spirit you away from the very first page.Secreted away in a garden, a lonely girl spins stories to warm a curious prince: peculiar feats and unspeakable fates that loop through each other and back again to meet in the tapestry of her voice. Inked on her eyelids, each twisting, tattooed tale is a piece in the puzzle of the girl's own hidden history. And what tales she tells! Tales of shape-shifting witches and wild horsewomen, heron kings and beast princesses, snake gods, dog monks, and living stars each story more strange and fantastic than the one that came before. From ill-tempered mermaid to fastidious Beast, nothing is ever quite what it seems in these ever-shifting tales even, and especially, their teller. Adorned with illustrations by the legendary Michael Kaluta, Valente's enchanting lyrical fantasy offers a breathtaking reinvention of the untold myths and dark fairy tales that shape our dreams. And just when you think you've come to the end, you realize the adventure has only begun.","['Fantasy', 'Fiction', 'Fairy Tales', 'Short Stories', 'Young Adult', 'Magic', 'Science Fiction Fantasy', 'Mythology', 'Speculative Fiction', 'Retellings']",https://i.gr-assets.com/images/S/compressed.photo.goodreads.com/books/1320548374l/202769.jpg
The Book of Love: Poems of Ecstasy and Longing,"Rumi, Coleman Barks (Translator)","Now in paperback, this is the definitive collection of America′s bestselling poet Rumi′s finest poems of love and lovers. In Coleman Barks′ delightful and wise renderings, these poems will open your heart and soul to the lover inside and out.′There are lovers content with longing.I′m not one of them.′Rumi is best known for his poems expressing the ecstasies and mysteries of love of all kinds - erotic, divine, friendship -and Coleman Barks collects here the best of those poems, ranging from the ′wholeness′ one experiences with a true lover, to the grief of a lover′s loss, and all the states in between: from the madness of sudden love to the shifting of a romance to deep friendship - these poems cover all ′the magnificent regions of the heart′.","['Poetry', 'Classics', 'Spirituality', 'Philosophy', 'Romance', 'Religion', 'Love', 'Fiction', 'Islam', 'Mysticism']",https://i.gr-assets.com/images/S/compressed.photo.goodreads.com/books/1409291679l/67376.jpg
Der große Roman der Mathematik: Von den Anfängen bis heute,"Mickaël Launay, Jens Hagestedt (Translator), Ursula Held (Translator)","Barrierefrei und unterhaltsam erzählt Frankreichs junger Starmathematiker und Youtuber Mickaël Launay die Geschichte der Mathematik. Sein Bestseller ist zugleich eine Entwicklungsgeschichte des mathematischen Denkens. Der Leser beginnt buchstäblich bei null und wird Schritt für Schritt in die Welt der Zahlen eingeführt, bis hin zu so komplizierten Dingen wie Wahrscheinlichkeitsrechnung und Digitalisierung. Die meisten Menschen halten die Mathematik für eine abstrakte Wissenschaft. Dabei wurde sie entwickelt, um unser Verständnis der Welt zu vereinfachen. Schon 8000 Jahre vor unserer Zeitrechnung finden wir in Mesopotamien geniale geometrische Muster, die auf Symmetrien und Rotationen basieren. Später, um die Zahl der Tiere einer Herde zu bestimmen oder die Grenzen eines Grundstücks zu ziehen, mussten die Menschen Zählen und Messen lernen, also Arithmetik und Geometrie erfinden. Wie sie das machten, erzählt dieses Buch. Von der Schönheit der Zahl Pi bis hin zu Theoremen, die noch zu entdecken sind, nimmt uns Mickaël Launay mit auf eine abenteuerliche Reise, auf der wir verstehen lernen, wie die Mathematik zu uns kam und was wir mit ihr anfangen können.","['Nonfiction', 'Science', 'Mathematics', 'History', 'France', 'Popular Science', 'Historical']",https://i.gr-assets.com/images/S/compressed.photo.goodreads.com/books/1521088360l/39286012._SY475_.jpg
Understanding,Timothy M. Nugent,,"['Drama', 'Fiction', 'Contemporary', 'Novels']",https://i.gr-assets.com/images/S/compressed.photo.goodreads.com/books/1510017659l/26622595.jpg
The Passage,"Justin Cronin (Goodreads Author), Dominique Haas (Traduction)","IT HAPPENED FAST.THIRTY-TWO MINUTES FOR ONE WORLD TO DIE, ANOTHER TO BE BORN.First, the unthinkable: a security breach at a secret U.S. government facility unleashes the monstrous product of a chilling military experiment. Then, the unspeakable: a night of chaos and carnage gives way to sunrise on a nation, and ultimately a world, forever altered. All that remains for the stunned survivors is the long fight ahead and a future ruled by fear--of darkness, of death, of a fate far worse.As civilization swiftly crumbles into a primal landscape of predators and prey, two people flee in search of sanctuary. FBI agent Brad Wolgast is a good man haunted by what he's done in the line of duty. Six-year-old orphan Amy Harper Bellafonte is a refugee from the doomed scientific project that has triggered apocalypse. Wolgast is determined to protect her from the horror set loose by her captors, but for Amy, escaping the bloody fallout is only the beginning of a much longer odyssey--spanning miles and decades--toward the time an place where she must finish what should never have begun.With The Passage, award-winning author Justin Cronin has written both a relentlessly suspenseful adventure and an epic chronicle of human endurance in the face of unprecedented catastrophe and unimaginable danger. Its inventive storytelling, masterly prose, and depth of human insight mark it as a crucial and transcendent work of modern fiction.(front flap)","['Horror', 'Fiction', 'Science Fiction', 'Fantasy', 'Post Apocalyptic', 'Vampires', 'Dystopia', 'Thriller', 'Apocalyptic', 'Paranormal']",https://i.gr-assets.com/images/S/compressed.photo.goodreads.com/books/1327874267l/6690798.jpg
Spectre Specter Blue Ravine,N.L. Shompole (Goodreads Author),"A contemplation of loss,& phantoms as euphemisms fordisaster.",['Poetry'],https://i.gr-assets.com/images/S/compressed.photo.goodreads.com/books/1444688086l/27157217._SY475_.jpg
Immediatism,"Peter Lamborn Wilson, Freddie Baer (Illustrator), Hakim Bey (pseud.)","An irresistible tome from the insurrectionist theoretician, Hakim Bey. His incendiary words are beautifully illustrated by the renowned collage artist Freddie Baer. The result is a delightful compilation by two talented artists. A must read for those who have followed their work for years. In this collection of essays, Bey expounds upon his ideas concerning radical social reorganization and the liberation of desire. Immediatism is another lyrical romp through intellectual corridors of spirituality and politics originally set forth in his groundbreaking book, TAZ. A stunning achievement from this prodigious author and scholar.""A Blake Angel on Acid.""—Robert Anton Wilson""Fascinating...""—William S. Burroughs""Exquisite...""—Allen Ginsberg","['Philosophy', 'Politics', 'Nonfiction', 'Essays', 'Theory']",https://i.gr-assets.com/images/S/compressed.photo.goodreads.com/books/1328700238l/189937.jpg
Think BIG and Kick Ass in Business and Life,"Donald J. Trump, Bill Zanker","Donald J. Trump is an icon: the very definition of the American success story. President-elect, reality-television star, and developer of some of the planet's most prestigious real estate, he's also become one of the world's wealthiest men.Trump is a living example of how thinking BIG and knowing when to back up your opinions aggressively—regardless of what your critics or opponents might say—can help you maximize your personal and professional achievements. In his first political campaign, Trump defeated his opponents by rallying voters nationwide to ""Make America Great Again."" For the first time ever, you too can learn Trump’s secrets to thinking BIG and kicking ass! Learn:Momentum: the Big Mo. How to get it and how to get it back.Revenge: how and when to get it (and why it's so sweet).""I love you, now sign this!"" Why contracts in business and personal life are so important.Real-life stories from people who've applied the think BIG formula in their own lives.These strategies are proven and attested to by those who've learned to think BIG from Donald Trump and found success in their own lives even when the world seems to be against them. Co-authored with Bill Zanker, an entrepreneur who learned these tactics firsthand from Trump, Think BIG and Kick Ass shows you how to bring a winning attitude to everything you do.  ","['Business', 'Self Help', 'Nonfiction', 'Personal Development', 'Biography', 'Money', 'Leadership', 'Buisness', 'Inspirational', 'Management']",https://i.gr-assets.com/images/S/compressed.photo.goodreads.com/books/1348751501l/1870244.jpg
Patrick O'Brian's Navy,"Richard O'Neill, David Miller, Christopher Chant, Clive Wilkinson, Hardlines Staff (Illustrator)","From the moment that Master and Commander, the first of Patrick O'Brian's sequence of 20 novels about the 19th century British Royal Navy officer Jack Aubrey and his surgeon colleague Stephen Maturin, was published in 1970, critics hailed his work as a masterpiece of historical recreation. Called ""the best historical novels ever written"" by the New York Times, the books have sold millions of copies. This first full-color illustrated companion to the Aubrey-Maturin series, timed to coincide with the release of the blockbuster Twentieth-Century Fox film adaptation starring Russell Crowe, explains the fascinating physical details of Jack Aubrey's fictional world. An in-depth historical reference, it brings to life the political, cultural, and physical setting of O'Brian's novels. Annotated drawings, paintings, and diagrams reveal the complex parts of a ship and its rigging, weaponry, crew quarters and duties, below-deck conditions, and fighting tactics, while maps illustrate the location featured in each novel.","['History', 'Nonfiction', 'Reference', 'Military Fiction', 'Historical', 'Maritime', 'Naval History', 'Military History', '19th Century']",https://i.gr-assets.com/images/S/compressed.photo.goodreads.com/books/1388184239l/24519.jpg
"Annie's Baby: The Diary of Anonymous, A Pregnant Teenager",Beatrice Sparks,"When Annie discovers she's pregnant by her boyfriend, she's devastated. She has never felt so alone. With no one she can talk to, she pours her heart out to her diary, confiding her feelings of panic, self-doubt, and the desperate hope that some day she can turn her life around. She decides she wants to keep her baby and dreams of loving and caring for this little person. But after the baby is born, it's in her diary that she faces the agonizing question: Can she really raise this child on her own?","['Young Adult', 'Realistic Fiction', 'Fiction', 'Teen', 'Diary', 'Middle Grade', 'Contemporary', 'Romance', 'Abuse', 'Drama']",https://i.gr-assets.com/images/S/compressed.photo.goodreads.com/books/1432358012l/279642._SY475_.jpg
The Dress Lodger,Sheri Holman,"In Sunderland, England, a city quarantined by the cholera epidemic of 1831, a defiant, fifteen-year old beauty in an elegant blue dress makes her way between shadow and lamp light. A potter's assistant by day and dress lodger by night, Gustine sells herself for necessity in a rented gown, scrimping to feed and protect her only love: her fragile baby boy. She holds a glimmer of hope after meeting Dr. Henry Chiver, a prisoner of his own dark past. But in a world where suspicion of medicine runs rampant like a fever, these two lost souls will become irrevocably linked, as each crosses lines between rich and destitute, decorum and abandon, damnation and salvation. By turns tender and horrifying, The Dress Lodger is a captivating historical thriller charged with a distinctly modern voice. . . .","['Historical Fiction', 'Fiction', 'Historical', 'British Literature', '19th Century', 'Mystery', 'Adult', 'Novels', 'Victorian', 'Medicine']",https://i.gr-assets.com/images/S/compressed.photo.goodreads.com/books/1388972247l/15807.jpg
Great Tales and Poems,Edgar Allan Poe,"Born to an unfortunate heritage, orphaned, unsympathetically raised, and then abandoned, Edgar Allan Poe struggled for greatness in an adverse social and economic climate -- a setting not improved by his fiery temperament and caustic criticism of others. Poe's melancholy brilliance, his passionate lyricism, and his tormented soul would make him one of the most widely read and original writers in American literature. Here, in one volume, are his classic short works: masterpieces of horror, terror, humor, and adventure -- and the finest lyric and narrative poetry of this ill-fated genius whose influence on both prose and verse continues to this day.  Pocket Books' Enriched Classics present the great works of world literature enhanced for the contemporary reader. This edition of Great Tales And Poems Of Edgar Allan Poe contains the original Pocket Books introduction, first published in 1951, along with an updated selection of critical excerpts, and suggestions for further readings.","['Poetry', 'Classics', 'Fiction', 'Horror', 'Short Stories', 'Mystery', 'Literature', 'Gothic', 'Fantasy', 'American']",https://i.gr-assets.com/images/S/compressed.photo.goodreads.com/books/1170838216l/73449._SY475_.jpg
The Listing Attic,Edward Gorey,,"['Poetry', 'Humor', 'Graphic Novels', 'Art', 'Comics', 'Picture Books', 'Fiction', 'Horror', '20th Century']",https://i.gr-assets.com/images/S/compressed.photo.goodreads.com/books/1247946654l/2432721.jpg
Night's Child,Cate Tiernan,"Morgan's saga continues in this double-length, stand alone SWEEP book. Moira's Story will shoot readers forward through time, where we will meet Morgan's daughter-raised as a blood witch-and follow her adventures as the progeny of one of the most powerful blood witches the Seven Great Clans have ever known.","['Young Adult', 'Fantasy', 'Witches', 'Paranormal', 'Magic', 'Romance', 'Fiction', 'Wicca', 'Supernatural', 'Urban Fantasy']",https://i.gr-assets.com/images/S/compressed.photo.goodreads.com/books/1389627213l/734199.jpg
"Scripture Alone: Exploring the Bible's Accuracy, Authority, and Authenticity",James R. White,"A denial of the sufficiency of Scripture is at the core of almost every form of opposition to the Christian faith today. Scripture Alone is written to instill a passionate love for and understanding of the Bible. In this defense of God's inspired Word, readers will comprehend what ""God's Word""is, the nature of Scripture, the relationship of the Bible to tradition, how to apply Scripture to today's issues, and much more. Included is a faith-inspiring study of the canon--what it is and where it came from.","['Theology', 'Christian', 'Scripture', 'Christianity', 'Nonfiction', 'Reference', 'Religion']",https://i.gr-assets.com/images/S/compressed.photo.goodreads.com/books/1347353045l/318394.jpg
The Last Day of a Condemned Man,"Victor Hugo, Geoff Woollen (Translator), LibPurves (Foreword by)","Deeply shocking in its time, The Last Day of a Condemned Man is a profound and moving tale and a vital work of social commentary. A man vilified by society and condemned to death for his crime wakes every morning knowing that this day might be his last. With the hope for release his only comfort, he spends his hours recounting his life and the time before his imprisonment. But as the hours pass, he knows that he is powerless to change his fate. He must follow the path so many have trod before him—the path that leads to the guillotine.","['Classics', 'Fiction', 'France', 'French Literature', '19th Century', 'Literature', 'Historical Fiction', 'Novels', 'Roman', 'School']",https://i.gr-assets.com/images/S/compressed.photo.goodreads.com/books/1328728909l/63040.jpg
A Decent Ride,Irvine Welsh,"Shortlisted for the 2015 Bollinger Everyman Wodehouse prize for comic fictionA rampaging force of nature is wreaking havoc on the streets of Edinburgh, but has top shagger, drug-dealer, gonzo-porn-star and taxi-driver, ‘Juice’ Terry Lawson, finally met his match in Hurricane ‘Bawbag’?Can Terry discover the fate of the missing beauty, Jinty Magdalen, and keep her idiot-savant lover, the man-child Wee Jonty, out of prison?Will he find out the real motives of unscrupulous American businessman and reality-TV star, Ronald Checker?And, crucially, will Terry be able to negotiate life after a terrible event robs him of his sexual virility, and can a new fascination for the game of golf help him to live without… A DECENT RIDE?A Decent Ride sees Irvine Welsh back on home turf, leaving us in the capable hands of one of his most compelling and popular characters, ‘Juice’ Terry Lawson, and introducing another bound for cult status, Wee Jonty MacKay: a man with the genitals and brain of a donkey.In his funniest, filthiest book yet, Irvine Welsh celebrates an un-reconstructed misogynist hustler – a central character who is shameless but also, oddly, decent –and finds new ways of making wild comedy out of fantastically dark material, taking on some of the last taboos. So fasten your seatbelts, because this is one ride that could certainly get a little bumpy…","['Fiction', 'Novels', 'Contemporary', 'Scotland', 'Humor', 'Comedy', 'Audiobook', 'Crime', 'Modern', 'Thriller']",https://i.gr-assets.com/images/S/compressed.photo.goodreads.com/books/1424963847l/23346757.jpg
The Climb: Tragic Ambitions on Everest,"Anatoli Boukreev, G. Weston DeWalt","The Climb: Tragic Ambitions on Everest by Anatoli Boukreev. St Martin's Pr,1998","['Nonfiction', 'Adventure', 'Mountaineering', 'Travel', 'Memoir', 'Climbing', 'Survival', 'Biography', 'History', 'Outdoors']",https://i.gr-assets.com/images/S/compressed.photo.goodreads.com/books/1311995989l/925367.jpg
Julian,Gore Vidal,"The remarkable bestseller about the fourth-century Roman emperor who famously tried to halt the spread of Christianity, Julian is widely regarded as one of Gore Vidal’s finest historical novels.Julian the Apostate, nephew of Constantine the Great, was one of the brightest yet briefest lights in the history of the Roman Empire. A military genius on the level of Julius Caesar and Alexander the Great, a graceful and persuasive essayist, and a philosopher devoted to worshiping the gods of Hellenism, he became embroiled in a fierce intellectual war with Christianity that provoked his murder at the age of thirty-two, only four years into his brilliantly humane and compassionate reign. A marvelously imaginative and insightful novel of classical antiquity, Julian captures the religious and political ferment of a desperate age and restores with blazing wit and vigor the legacy of an impassioned ruler.","['Historical Fiction', 'Fiction', 'Historical', 'Literature', 'Religion', 'Novels', 'Italy', 'American', 'Roman', 'Ancient']",https://i.gr-assets.com/images/S/compressed.photo.goodreads.com/books/1414617981l/8719.jpg
Who Was Rosa Parks?,"Yona Zeldis McDonough (Goodreads Author), Nancy Harrison (Illustrator), Stephen Marchesi (Illustrator)","In 1955, Rosa Parks refused to give her bus seat to a white passenger in Montgomery, Alabama. This seemingly small act triggered civil rights protests across America and earned Rosa Parks the title ""Mother of the Civil Rights Movement."" This biography has black-and-white illustrations throughout.","['Biography', 'Nonfiction', 'History', 'Childrens', 'Chapter Books', 'American History', 'African American', 'Middle Grade', 'Feminism', 'School']",https://i.gr-assets.com/images/S/compressed.photo.goodreads.com/books/1348193719l/9548739.jpg
The Sirian Experiments,Doris Lessing,"The third in Doris Lessing's visionary novel cycle ""Canopus in Argos: Archives"". It is a mix of fable, futuristic fantasy and pseudo-documentary accounts of 20th-century history.","['Science Fiction', 'Fiction', 'British Literature', 'Nobel Prize', 'Fantasy', 'Literature', '20th Century', 'Novels', 'Science Fiction Fantasy', 'Zimbabwe']",https://i.gr-assets.com/images/S/compressed.photo.goodreads.com/books/1387738504l/667196.jpg
People of the Owl,"Kathleen O'Neal Gear (Goodreads Author), W. Michael Gear","New York Times and USA Today bestselling authors W. Michael Gear and Kathleen O'Neal Gear are famous for writing novels about prehistoric America that are fast-paced, steeped in cultural detail, and smart. In People of the Owl they combine their distinctive trademark of high action with a rich psychological drama.Four thousand years ago, in what centuries later will be the southern part of the United States, a boy is thrust into manhood long before he's ready. Young Salamander would much rather catch crickets and watch blue herons fish than dabble in the politics of his clan. But when his heroic brother is killed, Salamander becomes the leader of America's first city. He inherits his brother's two wives, who despise him, and is forced to marry his mortal enemy's daughter to forge an alliance for the trade goods his people desperately need.Cast adrift in a stark wilderness of political intrigue where assassins are everywhere, young Salamander has no choice but to become a man-and quickly.","['Historical Fiction', 'Fiction', 'Historical', 'Fantasy', 'Prehistoric', 'Native Americans', 'Prehistory', 'Canon', 'Adult', 'Historical Romance']",https://i.gr-assets.com/images/S/compressed.photo.goodreads.com/books/1403430178l/115610.jpg
Mystery of the Tolling Bell,Carolyn Keene,"While vacationing in a seaside town, Nancy learns her father has been kidnapped. She and Ned rescue Carson Drew and help him investigate a cosmetic company’s suspicious operations. Meanwhile, the girl sleuth is captivated by another mystery. Stories about the eerie moans from a cave carved in the jagged wall of the bluff compel her to explore. Several frightened townspeople claim to have seen a ghost, accompanied by the mournful sound of a tolling bell just before water rushes from the cave. During her searches, Nancy discovers the true cause and reasons behind these mysterious occurrences! This book is the revised text. The plot of the original story (©1946) is similar with minor revisions.","['Mystery', 'Fiction', 'Young Adult', 'Childrens', 'Classics', 'Middle Grade', 'Juvenile', 'Mystery Thriller', 'Adventure', 'Cozy Mystery']",https://i.gr-assets.com/images/S/compressed.photo.goodreads.com/books/1595520221l/861991.jpg
It Had to Be You,Sabrina Jordan,"As the new, secret (""shhh!!!"") Dear Daisy, I must be an expert on romance, right? Wrong. Here I am living next door to Kyle, who is friendly, polite, and devastatingly cute in his board shorts--yet I act like a drama queen every time we talk. That's not me, really! How can I (as Daisy) give love advice to someone called ""Romeo14"" if I can't even get Kyle to ask me out? But I've got to keep trying.Because what if he's ""the one""?","['Romance', 'Young Adult', 'Contemporary', 'Chick Lit', 'High School', 'Young Adult Romance', 'Humor', 'Modern', 'Teen', 'Fiction']",https://i.gr-assets.com/images/S/compressed.photo.goodreads.com/books/1180803702l/1078638.jpg
The White Darkness,Geraldine McCaughrean,"I have been in love with Titus Oates for quite a while now--which is ridiculous, since he's been dead for ninety years. But look at it this way. In ninety years I'll be dead, too, and the age difference won't matter.Sym is not your average teenage girl. She is obsessed with the Antarctic and the brave, romantic figure of Captain Oates from Scott's doomed expedition to the South Pole. In fact, Oates is the secret confidant to whom she spills all her hopes and fears.But Sym's uncle Victor is even more obsessed--and when he takes her on a dream trip into the bleak Antarctic wilderness, it turns into a nightmarish struggle for survival that will challenge everything she knows and loves.In her first contemporary young adult novel, Carnegie Medalist and three-time Whitbread Award winner Geraldine McCaughrean delivers a spellbinding journey into the frozen heart of darkness.","['Young Adult', 'Adventure', 'Fiction', 'Teen', 'Survival', 'Realistic Fiction', 'Contemporary', 'Mystery', 'Thriller', 'Fantasy']",https://i.gr-assets.com/images/S/compressed.photo.goodreads.com/books/1442263715l/709054._SX318_.jpg
The Twilight Collection,Stephenie Meyer,"Deeply romantic and extraordinarily suspenseful,Twilight,New Moon, andEclipsecapture the struggle between defying our instincts and satisfying our desires. This stunning set includes three hardcover books, two full-color posters and exclusive tattoos, and makes the perfect gift for fans of this bestselling vampire love story.","['Young Adult', 'Fantasy', 'Vampires', 'Romance', 'Paranormal', 'Fiction', 'Paranormal Romance', 'Supernatural', 'Teen', 'Urban Fantasy']",https://i.gr-assets.com/images/S/compressed.photo.goodreads.com/books/1388187657l/690926.jpg
Cheryl: My Story,Cheryl Cole,"For the first time, Cheryl tells her full story, her way. Revealing the truth behind the headlines, this is the official autobiography, giving the fans the true story they’ve been waiting for - including exclusive, personal photos.The nation’s sweetheart, Cheryl has achieved unrivaled success with Girls Aloud, as a solo artist, a judge on the X-Factor, a fashion icon, and as the face of L’Oreal. However, the path to fame is rarely easy and for Cheryl it has been a colourful journey.From happy but humble beginnings growing up on a tough Newcastle estate, Cheryl saw firsthand the damage that drugs and alcohol can do. But this feisty Geordie never gave up on her dreams of being on stage.With success came a level of fame no one could prepare for. As Cheryl’s career went from strength to strength her personal heartache was played out in the national media. From her divorce to her battles with malaria, Cheryl's every move was captured by paparazzi. There was nowhere for Cheryl to hide. However, a true fighter, Cheryl emerged from every challenge stronger.In this heartfelt account, she opens up about all of the incredible ups and downs of her life. Told with searing honesty this is Cheryl as you’ve never seen her before.","['Autobiography', 'Biography', 'Nonfiction', 'Music', 'Memoir']",https://i.gr-assets.com/images/S/compressed.photo.goodreads.com/books/1591010382l/16047541.jpg
The Reluctant Buddhist,William Woollard,"This book is about Buddhism, and the pursuit of happiness. The author takes us on an intensely personal journey into the practice of Nichiren Buddhism, which has now been embraced by many millions of people around the world. It is not in any way about a remote, abstract, inaccessible, philosophy. It is about Buddhism in daily life; about learning in a wholly practical way, how to build a better and happier life for yourself, and for those whom your life touches, no matter what the circumstances. You don't have to conform to a specific lifestyle. You don't have to be especially knowledgeable or dedicated or indeed religious in any way. Nichiren Buddhism teaches the extraordinary truth that happiness is not a matter of chance or accident, but essentially, a matter of choice, and that we can all learn how to make that choice.","['Buddhism', 'Nonfiction', 'Religion']",https://i.gr-assets.com/images/S/compressed.photo.goodreads.com/books/1347326175l/3526474.jpg
Heat Wave,Richard Castle,"A New York real estate tycoon plunged to his death on a Manhattan sidewalk. A trophy wife with a past survives a narrow escape from a brazen attack. Mobsters and moguls with no shortage of reasons to kill trot out their alibis. And then, in the suffocating grip of a record heat wave, comes another shocking murder and a sharp turn in a tense journey into the dirty little secrets of the wealthy. Secrets that prove to be fatal. Secrets that lay hidden in the dark until one NYPB detective shines a light.Mystery sensation Richard Castle, blockbuster author of the wildly bestselling Derrick Storm novels, introduces his newest character, NYPD Homicide Detective Nikki Heat. Tough, sexy, professional, Nikki Heat carries a passion for justice as she leads one of New York City’s top homicide squads. She’s hit with an unexpected challenge when the commissioner assigns superstar journalist Jameson Rook to ride along with her to research an article on New York’s finest. Pulitzer- Prize-winning Rook is as much a handful as he is handsome. His wisecracking and meddling aren’t her only problems. as she works to unravel the secrets of the murdered real estate tycoon, she must also confront the spark between them. The one called Heat.","['Mystery', 'Fiction', 'Crime', 'Thriller', 'Romance', 'Mystery Thriller', 'Adult', 'Suspense', 'Detective', 'Audiobook']",https://i.gr-assets.com/images/S/compressed.photo.goodreads.com/books/1531631376l/6566722.jpg
The Return of The Soldier,"Rebecca West, Sadie Jones (Introduction)","This is a masterful novel about a shell-shocked, amnesiac soldier returning from WWI to the three women who love him.","['Classics', 'Fiction', 'Historical Fiction', 'War', 'World War I', 'British Literature', '20th Century', 'Literature', 'Historical', 'Literary Fiction']",https://i.gr-assets.com/images/S/compressed.photo.goodreads.com/books/1416230777l/9861455.jpg
"If I'm So Wonderful, Why Am I Still Single?: Ten Strategies That Will Change Your Love Life Forever",Susan Page,"Susan Page's bestselling relationship book has been translated into 18 languages, is being read in more than 25 countries, and its mass-market edition has sold more than 158,000 copies. At the heart of this book are Page's famed 10 strategies for readers to better self-understanding and ultimately a fulfilling relationship. Filled with revealing anecdotes, case studies, and quizzes, the book's down-to- earth guidance will appeal to everyone who devoured books like Mars and Venus on a Date and Getting the Love You Want, and anyone who wants a fulfilling intimate relationship.""Behold a wonder-a romantic self-help book that is intelligent, upbeat, practical, useful, winning, and even wise."" -Kirkus Reviews","['Self Help', 'Relationships', 'Nonfiction', 'Psychology']",https://i.gr-assets.com/images/S/compressed.photo.goodreads.com/books/1403178342l/254324.jpg
Tease,Amanda Maciel,"If you gulped through reading or streaming 13 Reasons Why, Tease is the book for you.Provocative, unforgettable, and inspired by real-life incidents, Amanda Maciel's highly acclaimed debut novel Tease is the story of a teenage girl who faces criminal charges for bullying after a classmate commits suicide. With its powerful narrative, unconventional point of view, and strong anti-bullying theme, this coming-of-age story offers smart, insightful, and nuanced views on high school society, toxic friendships, and family relationships.Emma Putnam is dead, and it's all Sara Wharton's fault. At least, that's what everyone seems to think. Sara, along with her best friend and three other classmates, has been criminally charged for the bullying and harassment that led to Emma's shocking suicide. Now Sara is the one who's ostracized, already guilty according to her peers, the community, and the media. In the summer before her senior year, in between meetings with lawyers and a court-recommended therapist, Sara is forced to reflect on the events that brought her to this moment—and ultimately consider her own role in an undeniable tragedy.And she'll have to find a way to move forward, even when it feels like her own life is over.","['Young Adult', 'Realistic Fiction', 'Mental Health', 'Audiobook', 'Fiction', 'Young Adult Contemporary', 'Chick Lit', 'Coming Of Age', 'Teen', 'Abuse']",https://i.gr-assets.com/images/S/compressed.photo.goodreads.com/books/1402013514l/18599901.jpg
Pep Guardiola: Another Way of Winning: The Biography,Guillem Balagué,"Otra manera de ganar es la primera biografía de Pep Guardiola, y la única en haber entrado a la intimidad futbolística y personal del hombre que revolucionó la manera de jugar convirtiéndose en el entrenador más exitoso del mundo.Desde la primera charla que dio en el vestuario cuando asumió hasta los motivos de las decisiones más difíciles, Guillem Balagué reconstruye la vida y la mente de Guardiola a partir de entrevistas personales con él, con los principales futbolistas del Barcelona, además de entrenadores y jugadores rivales que sufrieron el talento blaugrana. Entre ellos, sir Alex Ferguson que, pese a perder dos finales de la Liga de Campeones contra el Barcelona, admira a Guardiola. Cómo es el hombre que consiguió un número extraordinario de títulos y cuál era su verdadera relación con los miembros clave de su entorno durante los maravillosos cuatro años en que estuvo a cargo del mejor equipo de la historia. Sin embargo, para Pep el triunfo iba acompañado de cierto drama personal: cada partido era uno menos en la élite, nunca se sintió lo suficientemente bueno en su trabajo, sus disputas con Mourinho le hicieron daño y padecía enormemente tomando decisiones hasta que dio por terminado el ciclo más exitoso del fútbol moderno para tomarse un año sabático antes de su esperado regreso al frente del Bayern Munich. Por todo esto, la vida de Pep Guardiola es también otra manera de ganar.","['Biography', 'Football', 'Sports', 'Soccer', 'Nonfiction', 'Memoir', 'History', 'Spain']",https://i.gr-assets.com/images/S/compressed.photo.goodreads.com/books/1352993598l/16151341.jpg
The Turn of the Screw,Henry James,"A very young woman's first job: governess for two weirdly beautiful, strangely distant, oddly silent children, Miles and Flora, at a forlorn estate...An estate haunted by a beckoning evil.Half-seen figures who glare from dark towers and dusty windows- silent, foul phantoms who, day by day, night by night, come closer, ever closer. With growing horror, the helpless governess realizes the fiendish creatures want the children, seeking to corrupt their bodies, possess their minds, own their souls...But worse-much worse- the governess discovers that Miles and Flora have no terror of the lurking evil.For they want the walking dead as badly as the dead want them.","['Classics', 'Horror', 'Fiction', 'Gothic', 'Mystery', 'Literature', '19th Century', 'Ghosts', 'Audiobook', 'Paranormal']",https://i.gr-assets.com/images/S/compressed.photo.goodreads.com/books/1567172392l/12948._SY475_.jpg
Masochism: Coldness and Cruelty & Venus in Furs,"Gilles Deleuze, Leopold von Sacher-Masoch, Jean McNeil (Translator)","In his stunning essay, Coldness and Cruelty, Gilles Deleuze provides a rigorous and informed philosophical examination of the work of the late 19th-century German novelist Leopold von Sacher-Masoch. Deleuze's essay, certainly the most profound study yet produced on the relations between sadism and masochism, seeks to develop and explain Masoch's ""peculiar way of 'desexualizing' love while at the same time sexualizing the entire history of humanity."" He shows that masochism is something far more subtle and complex than the enjoyment of pain, that masochism has nothing to do with sadism; their worlds do not communicate, just as the genius of those who created them - Masoch and Sade - lie stylistically, philosophically, and politically poles a part. Venus in Furs, the most famous of all of Masoch's novels was written in 1870 and belongs to an unfinished cycle of works that Masoch entitled The Heritage of Cain. The cycle was to treat a series of themes including love, war, and death. The present work is about love. Although the entire constellation of symbols that has come to characterize the masochistic syndrome can be found here - fetishes, whips, disguises, fur-clad women, contracts, humiliations, punishment, and always the volatile presence of a terrible coldness - these do not eclipse the singular power of Masoch's eroticism.","['Philosophy', 'Theory', 'Psychology', 'Nonfiction', 'Sexuality', 'Psychoanalysis', 'Literary Criticism', 'Classics', 'Erotica', 'France']",https://i.gr-assets.com/images/S/compressed.photo.goodreads.com/books/1349037274l/94654.jpg
Knight's Castle,"Edward Eager, N.M. Bodecker (Illustrator)","When the ancient toy soldier comes alive, the Old One grants Roger's wish to adventure in ""yeomanly"" Sherwood Forest. Will Roger earn his second wish, to save his father? Need for an operation brings Roger 11 and younger Ann to stay with bossy cousin Eliza and Jack. Can the children convince Ivanhoe to marry Rebecca over Rowena, and conquer the castle - in pjs?","['Fantasy', 'Fiction', 'Childrens', 'Middle Grade', 'Young Adult', 'Adventure', 'Magic', 'Classics', 'Juvenile', 'Kids']",https://i.gr-assets.com/images/S/compressed.photo.goodreads.com/books/1428538427l/312081.jpg
Hannibal: Clouds of War,Ben Kane,"As Rome's war with Carthage continues, two friends - now on opposing sides - confront each other in one of the most brutal sieges of all time. A new Hannibal novel by the Sunday Times bestselling author of The Forgotten Legion series.213 BC. Syracuse. Under the merciless Sicilian sun, a city is at war.Outside the walls, a vast Roman army waits. Yet the city's incredible defences, designed by Archimedes, mean that Syracuse will not be taken easily.A veteran of the bitter war since its beginning, Quintus is ready to give his life in the service of the Republic. But dangers face him from within his own ranks as well as from the enemy - who include his former friend, the Carthaginian, Hanno.Hanno has been sent by his general Hannibal to aid Syracuse in its fight against Rome. Pledged to bring death to all Romans, he is diverted from his mission by the discovery of Quintus' sister Aurelia, a captive within the city.Two friends on opposing sides. A woman caught between them. They are about to meet in one of the most brutal sieges of all time.Who will survive?","['Historical Fiction', 'Historical', 'Fiction', 'Roman', 'Ancient History', 'Adventure', 'War']",https://i.gr-assets.com/images/S/compressed.photo.goodreads.com/books/1389121090l/18300289.jpg
One Crazy Summer,Rita Williams-Garcia,"In the summer of 1968, after travelling from Brooklyn to Oakland, California, to spend a month with the mother they barely know, eleven-year-old Delphine and her two younger sisters arrive to a cold welcome as they discover that their mother, a dedicated poet and printer, is resentful of the intrusion of their visit and wants them to attend a nearby Black Panther summer camp.In a humorous and breakout book by Williams-Garcia, the Penderwicks meet the Black Panthers.","['Historical Fiction', 'Middle Grade', 'Fiction', 'Young Adult', 'Childrens', 'Historical', 'Realistic Fiction', 'Family', 'African American', 'Cultural']",https://i.gr-assets.com/images/S/compressed.photo.goodreads.com/books/1549051202l/6609764._SY475_.jpg
Prisoners of the Sun,Hergé,"After The Seven Crystal Balls set the eerie stage, Tintin and his friends continue their adventures in Peru. There Tintin rescues an orange-seller named Zorrino from being bullied, and the young man becomes their guide in their quest to find the Temple of the Sun. But they find more than they bargained for and end up in a hot spot. The perils of this engaging two-part adventure are especially harrowing in their combination of the supernatural and the real, although the resolution is a little too deus ex machina. Calculus and the Thompsons provide their usual comic relief.","['Comics', 'Graphic Novels', 'Bande Dessinée', 'Adventure', 'Fiction', 'Childrens', 'Graphic Novels Comics', 'Comic Book', 'France', 'Mystery']",https://i.gr-assets.com/images/S/compressed.photo.goodreads.com/books/1500729011l/96428._SX318_.jpg
One Tattered Angel: A Touching True Story of the Power of Love,Blaine M. Yorgason,"""Blaine, I think this little girl is our baby."" Little did Kathy Yorgason realize what those words would come to mean.Charity Afton Yorgason was born without a brain. She had a brain stem, but her foster parents were told she would most likely die before she was two years old. Blaine and Kathy's response was simple: ""If she needs a home, we'll be happy to give it to her""So Charity was adopted and the miracles began. This little girl quickly refuted all the medical evidence and proved she was capable of a great many things. She could smile and laugh, she could hear, she could follow people with her eyes and recognize loved ones. Regrettably, she could also obviously feel pain, and her suffering at times was almost incomprehensible.But the greatest of Charity's attributes was the love that radiated from her smile and her eyes to touch the hearts of all who knew her. She literally and permanently changed lives for the better just by being alive.This astounding true account includes all the years of Charity's life and is a stunning testimony of the power of the spirit, the love of God, and the purpose of mortality.","['Nonfiction', 'Lds', 'Religion', 'Biography', 'Adoption', 'Memoir', 'Inspirational', 'Adult', 'Lds Fiction', 'Biography Memoir']",https://i.gr-assets.com/images/S/compressed.photo.goodreads.com/books/1313438333l/1154601.jpg
Hour of the Rose,Christina Skye,"The first book in the classic Draycott Abbey series from bestselling Christina Skye, now in a beautiful new package Secrets gather in the shadows of Britain' s Draycott Abbey-intrigues of evil, unscrupulous men...and the astonishing mysteries of a star-crossed romance from centuries past. Dashing ex-Royal Marine Michael Burke has come to Draycott to unmask a treacherous conspiracy. Kelly Hamilton, a beautiful archaeologist gifted with second sight, is searching for a priceless historical relic. But soon both are caught up in the magic of the moon-drenched abbey-unexpectedly united in desire and sensuous need...as they are drawn deeper and deeper into a dangerous web of deceit and betrayal. For only Michael and Kelly hold the key to the future and the past. And only their bold new passion can lay the abbey' s ghosts to rest...by fulfilling the ancient promise of a rapturous love reborn.","['Romance', 'Paranormal', 'Fiction', 'Time Travel', 'Historical Romance', 'Paranormal Romance', 'Contemporary', 'Fantasy', 'Romantic Suspense', 'Suspense']",https://i.gr-assets.com/images/S/compressed.photo.goodreads.com/books/1266613584l/673941.jpg
Essays and Lectures,"Ralph Waldo Emerson, Joel Porte (Editor)","This first Library of America volume of Emerson’s writing covers the most productive period of his life, 1832–1860. Our most eloquent champion of individualism, Emerson acknowledges at the same time the countervailing pressures of society in American life. Even as he extols what he called “the great and crescive self,” he dramatizes and records its vicissitudes.Here are the indispensable and most renowned works, including “The American Scholar” (“our intellectual Declaration of Independence,” as Oliver Wendell Holmes called it), “The Divinity School Address,” considered atheistic by many of his listeners, the summons to “Self-Reliance,” along with the more embattled realizations of “Circles” and, especially, “Experience.” Here, too, are his wide-ranging portraits of Montaigne, Shakespeare, and other “representative men,” and his astute observations on the habits, lives, and prospects of the English and American people.This volume includes Emerson’s well-known Nature; Addresses, and Lectures (1849), his Essays: First Series (1841) and Essays: Second Series (1844), plus Representative Men (1850), English Traits (1856), and his later book of essays, The Conduct of Life (1860). These are the works that established Emerson’s colossal reputation in America and found him admirers abroad as diverse as Carlyle, Nietzsche, and Proust.Emerson’s enduring power is apparent everywhere in American literature: in those, like Whitman and some of the major twentieth-century poets, who seek to corroborate his vision, and among those, like Hawthorne and Melville, who questioned, qualified, and struggled with it. Emerson’s vision reverberates also in the tradition of American philosophy, notably in the writings of William James and John Dewey, in the works of his European admirers, such as Nietzsche, and in the avant-garde theorists of our own day who write on the nature and function of language. The reasons for Emerson’s durability will be obvious to any reader who follows the exhilarating, exploratory movements of his mind in this uniquely full gathering of his work.Not merely another selection of his essays, this volume includes all his major books in their rich entirety. No other volume conveys so comprehensively the exhilaration and exploratory energy of perhaps America’s greatest writer.","['Philosophy', 'Essays', 'Nonfiction', 'Classics', 'Literature', 'American', '19th Century', 'History', 'Poetry', 'Politics']",https://i.gr-assets.com/images/S/compressed.photo.goodreads.com/books/1309198757l/123843.jpg
Med kup og kaffelikør,Catharina Ingelman-Sundberg,"I ”Med svindel og kaffelikør” møder vi fem mennesker, som har mødt hinanden i et kirkekor. De her fem mennesker laver en fælles aftale om, at de skal blive gamle sammen. De håber på, at de kan leve det gode liv på et plejehjem, men plejehjemmet lever slet ikke op til deres forventninger. Hvad gør sådan fem gamle mennesker, når de ikke er typerne, som sætter sig ned og klynker og klager?","['Fiction', 'Humor', 'Contemporary', 'Crime', 'Mystery', 'Sweden', 'Comedy', 'Swedish Literature', 'Adult Fiction', 'Book Club']",https://i.gr-assets.com/images/S/compressed.photo.goodreads.com/books/1409252360l/23121084.jpg
The First Circle,"Aleksandr Solzhenitsyn, Thomas P. Whitney (Translator)","Set in Moscow during a three-day period in December 1949, 'The First Circle' is the story of the prisoner Gleb Nerzhin, a brilliant mathematician. At the age of thirty-one, Nerzhin has survived the war years on the German front and the postwar years in a succession of Russian prisons and labor camps. His story is interwoven with the stories of a dozen fellow prisoners - each an unforgettable human being - from the prison janitor to the tormented Marxist intellectual who designed the Dnieper dam; of the reigning elite and their conflicted subordinates; and of the women, wretched or privileged, bound to these men. A landmark of Soviet literature, 'The First Circle' is as powerful today as it was when it was first published, nearly thirty years ago.","['Fiction', 'Russia', 'Classics', 'Russian Literature', 'Literature', 'Historical Fiction', 'Novels', '20th Century', 'Politics', 'Philosophy']",https://i.gr-assets.com/images/S/compressed.photo.goodreads.com/books/1171430589l/98969.jpg
How to Live on 24 Hours a Day,Arnold Bennett,"You have to live on twenty-four hours of daily time. Out of it you have to spin health, pleasure, money, content, respect, and the evolution of your immortal soul. This timeless classic is one of the first self-help books ever written and was a best-seller in both England and America. It remains as useful today as when it was written, and offers fresh and practical advice on how to make the most of the daily miracle of life.","['Nonfiction', 'Self Help', 'Philosophy', 'Classics', 'Productivity', 'Personal Development', 'Audiobook', 'Business', 'Psychology', 'Essays']",https://i.gr-assets.com/images/S/compressed.photo.goodreads.com/books/1351266654l/4855.jpg
Azazel,Isaac Asimov,"Isaac Asimov dedica aquí su pluma y su imaginación sin límites a la fantasía, y nos ofrece dieciocho fascinantes relatos que, sin duda, deleitarán a todos los aficionados al género, así como a los innumerables admiradores de este autor. Azazel es un demonio rojo de dos centímetros, dotado con una impetuosa personalidad y maravillosos poderes mágicos. El único problema es que este singular ser posee poca comprensión de las cuestiones humanas y sus intervenciones producen situaciones sorprendentesRelatos:""El demonio de dos centímetros""""Una noche de canto""""La sonrisa que pierde""""Al vencedor""""El sordo rumor""""Salvando a la Humanidad""""Una cuestión de principios""""El mal que hace la bebida""""Tiempo para escribir""""Deslizarse sobre la nieve""""La lógica es la lógica""""Viaja más rápido""""Los ojos del que mira""""Más cosas en el Cielo y en la Tierra""""La estructura de la mente""""Las peleas de primavera""""Galatea""""Vuelo de fantasía""","['Fantasy', 'Science Fiction', 'Fiction', 'Short Stories', 'Humor', 'Anthologies', 'Science Fiction Fantasy', 'American', 'Comedy', 'Mystery']",https://i.gr-assets.com/images/S/compressed.photo.goodreads.com/books/1457924692l/71904.jpg
The Wolf and the Dove,Kathleen E. Woodiwiss,"The WolfNoble Aislinn grieves as the Iron Wolf and his minions storm through her beloved Darkenwald. And she burns with malice for the handsome Norman savage who would enslave her. . .even as she aches to know the rapture of the conqueror's kiss.The DoveFor the first time ever, mighty Wulfgar has been vanquished — and by a bold and beautiful princess of Saxon blood. He must have the chaste, sensuous enchantress who is sworn to his destruction. And he will risk life itself to nurture with tender passion a glorious union born in the blistering heat of hatred and war.","['Romance', 'Historical Romance', 'Historical', 'Medieval', 'Historical Fiction', 'Medieval Romance', 'Fiction', 'Adult', 'British Literature', 'Chick Lit']",https://i.gr-assets.com/images/S/compressed.photo.goodreads.com/books/1430144076l/896622.jpg
The Voyage of the Dawn Treader,"C.S. Lewis, Pauline Baynes (Illustrator)","The Dawn Treader will take you places you never dreamed existed. NARNIA... the world of wicked dragons and magic spells, where the very best is brought out of even the worst people, where anything can happen (and most often does)... and where the adventure begins.The Dawn Treader is the first ship Narnia has seen in centuries. King Caspian has built it for his voyage to find the seven lords, good men whom his evil uncle Miraz banished when he usurped the throne. The journey takes Edmund, Lucy, and their cousin Eustace to the Eastern Islands, beyond the Silver Sea, toward Aslan's country at the End of the World.","['Fantasy', 'Fiction', 'Classics', 'Young Adult', 'Childrens', 'Adventure', 'Christian', 'Middle Grade', 'Christian Fiction', 'Science Fiction Fantasy']",https://i.gr-assets.com/images/S/compressed.photo.goodreads.com/books/1343185059l/140225.jpg
The Phantom Tollbooth,"Norton Juster, Jules Feiffer (Illustrator)","Librarian's Note: For an alternate cover edition of the same ISBN, click here.Hailed as “a classic. . . . humorous, full of warmth and real invention” (The New Yorker), this beloved story -first published more than fifty years ago- introduces readers to Milo and his adventures in the Lands Beyond. For Milo, everything’s a bore. When a tollbooth mysteriously appears in his room, he drives through only because he’s got nothing better to do. But on the other side, things seem different. Milo visits the Island of Conclusions (you get there by jumping), learns about time from a ticking watchdog named Tock, and even embarks on a quest to rescue Rhyme and Reason! Somewhere along the way, Milo realizes something astonishing. Life is far from dull. In fact, it’s exciting beyond his wildest dreams. . . .","['Fantasy', 'Fiction', 'Childrens', 'Classics', 'Young Adult', 'Middle Grade', 'Adventure', 'Humor', 'Science Fiction Fantasy', 'Juvenile']",https://i.gr-assets.com/images/S/compressed.photo.goodreads.com/books/1558858485l/378._SX318_.jpg
The Wary Transgressor,James Hadley Chase,"The sensuous splendour of Lago Maggiore, Milan and Florence is a setting for a ruthless murder plan... a sinister danse macabre, the first steps of which are taken when a young army deserter falls into the hands of a wealthy and cruel woman planning to kill her husband and step-daughter.But, unexpectedly, Fate intervenes and sets a deadly trap for - The Wary Transgressor...","['Crime', 'Mystery', 'Novels', 'Fiction']",https://i.gr-assets.com/images/S/compressed.photo.goodreads.com/books/1363783121l/921783.jpg
Lives of Girls and Women,Alice Munro,"The only novel from Alice Munro -- award-winning author of The Love of a Good Woman -- is an insightful, honest book, ""autobiographical in form but not in fact,"" that chronicles a young girl's growing up in rural Ontario in the 1940s.Del Jordan lives out at the end of the Flats Road on her father's fox farm, where her most frequent companions are an eccentric bachelor family friend and her rough younger brother. When she begins spending more time in town, she is surrounded by women -- her mother, an agnostic, opinionated woman who sells encyclopedias to local farmers; her mother's boarder, the lusty Fern Dogherty; and her best friend, Naomi, with whom she shares the frustrations and unbridled glee of adolescence.Through these unwitting mentors and in her own encounters with sex, birth, and death, Del explores the dark and bright sides of womanhood. All along she remains a wise, witty observer and recorder of truths in small-town life. The result is a powerful, moving, and humorous demonstration of Alice Munro's unparalleled awareness of the lives of girls and women.","['Fiction', 'Short Stories', 'Canada', 'Classics', 'Canadian Literature', 'Coming Of Age', 'Novels', 'Womens', 'Feminism', 'Contemporary']",https://i.gr-assets.com/images/S/compressed.photo.goodreads.com/books/1320391660l/14285.jpg
West with the Night,Beryl Markham,"West with the Night is the story of Beryl Markham--aviator, racehorse trainer, beauty--and her life in the Kenya of the 1920s and '30s.","['Nonfiction', 'Memoir', 'Biography', 'Africa', 'Travel', 'History', 'Adventure', 'Biography Memoir', 'Autobiography', 'Aviation']",https://i.gr-assets.com/images/S/compressed.photo.goodreads.com/books/1368204688l/1624.jpg
Thomas' Snowsuit,"Robert Munsch, Michael Martchenko (Illustrator)","Thomas refuses to wear his new snowsuit despite the pleas of his mother, his teacher, and even his principal.","['Picture Books', 'Childrens', 'Fiction', 'Canada', 'Humor', 'Storytime', 'Kids', 'School', 'Classics', 'Juvenile']",https://i.gr-assets.com/images/S/compressed.photo.goodreads.com/books/1347956703l/285792.jpg
The Book of Strange New Things,Michel Faber,"A monumental, genre-defying novel over ten years in the making, Michel Faber's The Book of Strange New Things is a masterwork from a writer in full command of his many talents.It begins with Peter, a devoted man of faith, as he is called to the mission of a lifetime, one that takes him galaxies away from his wife, Bea. Peter becomes immersed in the mysteries of an astonishing new environment, overseen by an enigmatic corporation known only as USIC. His work introduces him to a seemingly friendly native population struggling with a dangerous illness and hungry for Peter's teachings—his Bible is their ""book of strange new things."" But Peter is rattled when Bea's letters from home become increasingly desperate: typhoons and earthquakes are devastating whole countries, and governments are crumbling. Bea's faith, once the guiding light of their lives, begins to falter. Suddenly, a separation measured by an otherworldly distance, and defined both by one newly discovered world and another in a state of collapse, is threatened by an ever-widening gulf that is much less quantifiable. While Peter is reconciling the needs of his congregation with the desires of his strange employer, Bea is struggling for survival. Their trials lay bare a profound meditation on faith, love tested beyond endurance, and our responsibility to those closest to us. Marked by the same bravura storytelling and precise language that made The Crimson Petal and the White such an international success, The Book of Strange New Things is extraordinary, mesmerizing, and replete with emotional complexity and genuine pathos.","['Fiction', 'Science Fiction', 'Religion', 'Fantasy', 'Literary Fiction', 'Audiobook', 'Dystopia', 'Science Fiction Fantasy', 'Speculative Fiction', 'Adult Fiction']",https://i.gr-assets.com/images/S/compressed.photo.goodreads.com/books/1394824754l/20697435.jpg
To Serve Them All My Days,R.F. Delderfield,"Young David Powlett-Jones, a Welsh miner's son, is invalided home from France when he suffers severe shell shock on the Western Front. At a remote English public school in Devon the debilitated veteran, himself barely out of his teens, decides temporarily to try his hand at teaching while striving to awaken from the nightmare of World War I -- the national catastrophe that sweeps England out of the comfortable certainties of the Victorian Age into the moral perplexities and harsh economic realities of more modern times.","['Historical Fiction', 'Fiction', 'Historical', 'British Literature', 'World War I', 'War', 'Classics', 'Novels', 'Education', '20th Century']",https://i.gr-assets.com/images/S/compressed.photo.goodreads.com/books/1318921489l/372853.jpg
The Thousand Autumns of Jacob de Zoet,David Mitchell,"The year is 1799, the place Dejima in Nagasaki Harbor, the “high-walled, fan-shaped artificial island” that is the Japanese Empire’s single port and sole window onto the world, designed to keep the West at bay; the farthest outpost of the war-ravaged Dutch East Indies Company; and a de facto prison for the dozen foreigners permitted to live and work there. To this place of devious merchants, deceitful interpreters, costly courtesans, earthquakes, and typhoons comes Jacob de Zoet, a devout and resourceful young clerk who has five years in the East to earn a fortune of sufficient size to win the hand of his wealthy fiancée back in Holland.But Jacob’s original intentions are eclipsed after a chance encounter with Orito Aibagawa, the disfigured daughter of a samurai doctor and midwife to the city’s powerful magistrate. The borders between propriety, profit, and pleasure blur until Jacob finds his vision clouded, one rash promise made and then fatefully broken. The consequences will extend beyond Jacob’s worst imaginings. As one cynical colleague asks, “Who ain’t a gambler in the glorious Orient, with his very life?”A magnificent mix of luminous writing, prodigious research, and heedless imagination, The Thousand Autumns of Jacob de Zoet is the most impressive achievement of its eminent author.","['Fiction', 'Historical Fiction', 'Japan', 'Historical', 'Literary Fiction', 'Asia', 'Novels', 'Literature', 'Contemporary', 'British Literature']",https://i.gr-assets.com/images/S/compressed.photo.goodreads.com/books/1320540908l/7141642.jpg
"Friday Night Lights: A Town, a Team, and a Dream",H.G. Bissinger,"Return once again to the enduring account of life in the Mojo lane, to the Permian Panthers of Odessa -- the winningest high school football team in Texas history. Odessa is not known to be a town big on dreams, but the Panthers help keep the hopes and dreams of this small, dusty town going. Socially and racially divided, its fragile economy follows the treacherous boom-bust path of the oil business.In bad times, the unemployment rate barrels out of control; in good times, its murder rate skyrockets. But every Friday night from September to December, when the Permian High School Panthers play football, this West Texas town becomes a place where dreams can come true. With frankness and compassion, Bissinger chronicles one of the Panthers' dramatic seasons and shows how single-minded devotion to the team shapes the community and inspires-and sometimes shatters-the teenagers who wear the Panthers' uniforms. Includes Reader's Group Guide inside. Now a major motion picture starring Billy Bob Thorton.","['Sports', 'Nonfiction', 'Football', 'History', 'Biography', 'Journalism', 'Adult', 'High School', 'School', 'Banned Books']",https://i.gr-assets.com/images/S/compressed.photo.goodreads.com/books/1266468877l/85431.jpg
Schoolgirl,"Osamu Dazai, Allison Markin Powell (Translator), Adam L. Kern (Preface), Rachael Hutchinson (Foreword)","'Schoolgirl' is the novella that first established Dazai as a member of Japan's literary elite. Essentially the start of Dazai's career, the 1933 work gained notoriety for its ironic and inventive use of language, and how it illuminated the prevalent social structures of a lost time.","['Japan', 'Fiction', 'Japanese Literature', 'Classics', 'Short Stories', 'Novella', 'Literature', 'Asian Literature', 'Asia', 'Novels']",https://i.gr-assets.com/images/S/compressed.photo.goodreads.com/books/1333413047l/12483882.jpg
How Should We Then Live? The Rise and Decline of Western Thought and Culture,Francis A. Schaeffer,"Drawing upon forty years of study in theology, philosophy, history, sociology and the arts, Dr. Schaeffer contemplates the reasons for modern society's sorry state of affairs and argues for total affirmation of the Bible's morals, values, and meaning.","['Philosophy', 'Christian', 'Theology', 'History', 'Nonfiction', 'Christianity', 'Cultural', 'Religion', 'Christian Living', 'Faith']",https://i.gr-assets.com/images/S/compressed.photo.goodreads.com/books/1387666014l/535494.jpg
The Closet (Summerset Tales #1),Jac Wright,"Love is a battlefield. Who will get out of it alive?Harry Duncan Wood runs a hotel in the historic city of Bath with his beautiful young wife. When he falls in love with Mill House, an old greystone farmhouse on the banks of river Avon among the soaring hills of Somerset, and sets about moving his family there, the first appearances of the cracks in the marriage take him by surprise. Is his wife seeing another man? Duncan needs to get to the bottom of the affairs for his own sanity. Sometimes, however, ignorance is bliss and will also keep everybody alive.The Closet is written in the tradition of Charles Dickens' The Pickwick Papers and Thomas Hardy's Wessex Tales as the first in the collection of literary short fiction, but with an added element of suspense. It accompanies the first title in the author's full-length literary suspense series, The Reckless Engineer, published by Soul Mate Publishing, New York.","['Mystery', 'Short Stories', 'Fiction', 'Suspense', 'Romance', 'Contemporary']",https://i.gr-assets.com/images/S/compressed.photo.goodreads.com/books/1371379088l/18043841.jpg
Teacher Man,Frank McCourt,"McCourt's long-awaited book about how his thirty-year teaching career shaped his second act as a writer.Nearly a decade ago Frank McCourt became an unlikely star when, at the age of sixty-six, he burst onto the literary scene with Angela's Ashes, the Pulitzer Prize-winning memoir of his childhood in Limerick, Ireland. Then came 'Tis, his glorious account of his early years in New York.Now, here at last, is McCourt's long-awaited book about how his thirty-year teaching career shaped his second act as a writer. Teacher Man is also an urgent tribute to teachers everywhere. In bold and spirited prose featuring his irreverent wit and heartbreaking honesty, McCourt records the trials, triumphs and surprises he faces in public high schools around New York City. His methods anything but conventional, McCourt creates a lasting impact on his students through imaginative assignments (he instructs one class to write ""An Excuse Note from Adam or Eve to God""), singalongs (featuring recipe ingredients as lyrics), and field trips (imagine taking twenty-nine rowdy girls to a movie in Times Square!).McCourt struggles to find his way in the classroom and spends his evenings drinking with writers and dreaming of one day putting his own story to paper. Teacher Man shows McCourt developing his unparalleled ability to tell a great story as, five days a week, five periods per day, he works to gain the attention and respect of unruly, hormonally charged or indifferent adolescents. McCourt's rocky marriage, his failed attempt to get a Ph.D. at Trinity College, Dublin, and his repeated firings due to his propensity to talk back to his superiors ironically lead him to New York's most prestigious school, Stuyvesant High School, where he finally finds a place and a voice. ""Doggedness,"" he says, is ""not as glamorous as ambition or talent or intellect or charm, but still the one thing that got me through the days and nights.""For McCourt, storytelling itself is the source of salvation, and in Teacher Man the journey to redemption -- and literary fame -- is an exhilarating adventure.","['Nonfiction', 'Memoir', 'Biography', 'Education', 'Autobiography', 'Teaching', 'Biography Memoir', 'Irish Literature', 'Ireland', 'Audiobook']",https://i.gr-assets.com/images/S/compressed.photo.goodreads.com/books/1441149612l/4909._SY475_.jpg
The Warrior Who Carried Life,Geoff Ryman,"The story of a quest for revenge which becomes a quest for the infinite. Cara was five years old when her mother was killed. She was killed for going down into the wells of vision, where only men were allowed. Cara in turn seeks justice by transforming herself into a male warrior.","['Fantasy', 'Science Fiction', 'Fiction', 'Speculative Fiction', 'Canada', 'Dystopia', 'Science Fiction Fantasy', 'Mythology']",https://i.gr-assets.com/images/S/compressed.photo.goodreads.com/books/1297286642l/372850.jpg
"Emile, or On Education","Jean-Jacques Rousseau, Allan Bloom (Translator)","Alan Bloom's new translation of Emile, Rousseau's masterpiece on the education and training of the young, is the first in more than seventy years. In it, Bloom, whose magnificent translation of Plato's Republic has been universally hailed as a virtual rediscovery of that timeless text, again brings together the translator's gift for journeying between two languages and cultures and the philosopher's perception of the true meaning and significance of the issues being examined in the work. The result is a clear, readable, and highly engrossing text that at the same time offers a wholly new sense of the importance and relevance of Rousseau's thought to us.In addition to his translation, Bloom provides a brilliant introduction that relates the structure and themes of the book to the vital preoccupation's of our own age, particularly in the field of education, but also more generally to the current concerns about the limits and possibilities of human nature. Thus in this translation Emile, long a classic in the history of Western thought and educational theory, becomes something more: a prescription, fresh and dazzling, for the bringing up of autonomous, responsible—that is, truly democratic—human beings.","['Philosophy', 'Education', 'Classics', 'Nonfiction', 'France', '18th Century', 'French Literature', 'History', 'Politics', 'Literature']",https://i.gr-assets.com/images/S/compressed.photo.goodreads.com/books/1334836441l/326679.jpg
Aunts Aren't Gentlemen,P.G. Wodehouse,"The curious case of the Maiden Eggesford HorrorWhen the doctor advises Bertie to live the quiet life, he and Jeeves head for the pure air and peace of Maiden Eggesford. However, they hadn't reckoned on Bertie's irrepressible but decidedly scheming Aunt Dahlia, around whom an imbroglio of impressive proportions develops involving The Cat Which Kept Popping Up When Least Expected. As Bertie observes, whatever aunts are, they are not gentlemen.A classic - the last book written by Wodehouse featuring Bertie and Jeeves.""A tome of well-mannered high comedy, from the ""unrivaled master of the comedy of manners."" - Entertainment Weekly","['Fiction', 'Humor', 'Classics', 'Comedy', 'British Literature', 'Audiobook', 'Novels', 'Historical Fiction', '20th Century', 'Literature']",https://i.gr-assets.com/images/S/compressed.photo.goodreads.com/books/1391221576l/720987.jpg
Deirdre en de zonen van Usnach,Adriaan Roland Holst,"Het verhaal over Deirdre en de zonen van Usnach is een oude sage uit Ierland. De dichter Adriaan Roland Holst (1888-1976) maakte er een zeer persoonlijke bewerking van die in 1920 voor het eerst in boekvorm verscheen. Het is zijn meestgelezen prozawerk geworden. Het vertelt over een jonge vrouw die voorbestemd is de bruid van de koning van Ulster te worden, maar die het land ontvlucht met de minnaar die ze zelf gekozen heeft. De jaloezie van de koning lokt verraad en wraak uit, wat leidt tot de noodlottige afloop die al bij Deirdres geboorte was voorspeld. Roland Holst geeft in deze poetische vertelling een sterk beeld van zijn hoofdpersonen, tegen de achtergrond van eenzame, ruige landschappen. Er staan onvergetelijke passages in Deirdre en de zonen van Usnach, zoals de beschrijving van aanstormende strijdwagens, van het harpspel in de koningsburcht voor de strijd losbarst, of van Deirdres einde.","['Fiction', 'Mythology', '20th Century']",https://i.gr-assets.com/images/S/compressed.photo.goodreads.com/books/1317304201l/12751121.jpg
Reforming a Rake,Suzanne Enoch,"Lessons In LoveA governess must never be alone with a man. Her reputation mustn't have even a hint of scandal. She must never reveal personal emotions. No matter how strong the provocation by her employer. A governess never questions her employer's commands. Even when he's tempting her to forsake respectability for desire? She must never, ever, fall in love with someone above her station. Especially a rake—no matter how devastating his kisses may be.Alexandra Gallant is a governess extraordinaire—and if it weren't for that unfortunate incident at her last position, she wouldn't now be forced into the employ of Lucien Balfour, the most notorious rake in London. Though the sinfully attractive earl hired her to teach his young cousin, his seductive whispers and toe-curling kisses suggest he has something far less respectable in mind...and that will never happen. For although Lucien seems determined to teach her about pleasure, she has a few lessons to teach him about love!","['Historical Romance', 'Romance', 'Historical', 'Regency', 'Regency Romance', 'Historical Fiction', 'Fiction', 'Adult', 'British Literature', 'Humor']",https://i.gr-assets.com/images/S/compressed.photo.goodreads.com/books/1348711091l/535754.jpg
Cloak,James Gough,"Thirteen-year-old bubble boy Will Tuttle lives a boring, friendless life trapped in a sterile Brooklyn apartment, suffering from mysterious allergies no doctor can explain. Fed up with his pointless existence he breaks free of the sterile bubble to explore New York City, not expecting to return alive. Along the way, Will discovers that his countless allergies have a single, bizarre source.Suddenly Will is a target. When he's chased through Central Park by a cloaked assailant, a misfit team of bodyguards shows up to keep Will Tuttle alive. . . . And teach him how to blend into a society that isn’t supposed to exist.","['Fantasy', 'Young Adult', 'Fiction', 'Urban Fantasy', 'Science Fiction', 'Action', 'Young Adult Fantasy', 'Adventure', 'Childrens', 'Epic']",https://i.gr-assets.com/images/S/compressed.photo.goodreads.com/books/1328319259l/12820074.jpg
"Black Cat, Volume 01",Kentaro Yabuki,"Two years ago, Train, a high-level assassin known as Number XIII in Chronos, left the secret society to live by his own rules. Since then, Train has been a sweeper, a bounty hunter, catching criminals and bringing them in alive. But his main mission is to find a former Chronos member who killed his best friend.","['Manga', 'Graphic Novels', 'Fantasy', 'Comics', 'Action', 'Shonen', 'Comics Manga', 'Fiction', 'Anime', 'Young Adult']",https://i.gr-assets.com/images/S/compressed.photo.goodreads.com/books/1399825755l/780845.jpg
The 7 Habits Of Highly Effective Teens,Sean Covey,"Being a teenager is both wonderful and challenging. In The 7 Habits of Highly Effective Teens, author Sean Covey applies the timeless principles of the 7 Habits to teens and the tough issues and life-changing decisions they face. In an entertaining style, Covey provides a step-by-step guide to help teens improve self-image, build friendships, resist peer pressure, achieve their goals, get along with their parents, and much more. In addition, this book is stuffed with cartoons, clever ideas, great quotes, and incredible stories about real teens from all over the world. The 7 Habits of Highly Effective Teens will engage teenagers unlike any other book.An indispensable book for teens, as well as parents, grandparents, and any adult who influences young people, The 7 Habits of Highly Effective Teens is destined to become the last word on surviving and thriving as a teen and beyond.","['Self Help', 'Nonfiction', 'Psychology', 'School', 'Personal Development', 'Parenting', 'Education', 'Teen', 'Business', 'Read For School']",https://i.gr-assets.com/images/S/compressed.photo.goodreads.com/books/1442369818l/783127._SY475_.jpg
"The Border Trilogy: All the Pretty Horses, The Crossing, Cities of the Plain",Cormac McCarthy,"Beginning with All the Pretty Horses and continuing through The Crossing and Cities of the Plain, McCarthy chronicles the lives of two young men coming of age in the Southwest and Mexico, poised on the edge of a world about to change forever. Hauntingly beautiful, filled with sorrow and humor, The Border Trilogy is a masterful elegy for the American frontier.","['Fiction', 'Westerns', 'Literature', 'Novels', 'Historical Fiction', 'American', 'Classics', 'Literary Fiction', 'American Fiction', 'Contemporary']",https://i.gr-assets.com/images/S/compressed.photo.goodreads.com/books/1390950551l/6163.jpg
A Week in Winter,Maeve Binchy,"Stoneybridge is a small town on the west coast of Ireland where all the families know one another. When Chicky Starr decides to take an old, decaying mansion set high on the cliffs overlooking the windswept Atlantic Ocean and turn it into a restful place for a holiday by the sea, everyone thinks she is crazy. Helped by Rigger (a bad boy turned good who is handy around the house) and Orla, her niece (a whiz at business), Chicky is finally ready to welcome the first guests to Stone House’s big warm kitchen, log fires, and understated elegant bedrooms. John, the American movie star, thinks he has arrived incognito; Winnie and Lillian are forced into taking a holiday together; Nicola and Henry, husband and wife, have been shaken by seeing too much death practicing medicine; Anders hates his father’s business, but has a real talent for music; Miss Nell Howe, a retired schoolteacher, criticizes everything and leaves a day early, much to everyone’s relief; the Walls are disappointed to have won this second-prize holiday in a contest where first prize was Paris; and Freda, the librarian, is afraid of her own psychic visions. Sharing a week with this unlikely cast of characters is pure joy, full of Maeve’s trademark warmth and humor. Once again, she embraces us with her grand storytelling. This is the last book that Maeve Binchy wrote before her sudden death. As are all her stories, it is her trademark warmth, humor and the kind of characters that will make her books live on. It is a privilege to be able to share this book with readers.","['Fiction', 'Ireland', 'Romance', 'Chick Lit', 'Audiobook', 'Contemporary', 'Adult Fiction', 'Irish Literature', 'Adult', 'Womens Fiction']",https://i.gr-assets.com/images/S/compressed.photo.goodreads.com/books/1346827587l/15990489.jpg
I Was Jane Austen's Best Friend,Cora Harrison,"When shy Jenny Cooper goes to stay with her cousin Jane Austen, she knows nothing of the world of beautiful dresses, dances, secrets, gossip, and romance that Jane inhabits. At fifteen, Jane is already a sharp observer of the customs of courtship. So when Jenny falls utterly in love with Captain Thomas Williams, who better than Jane to help her win the heart of this dashing man? But is that even possible? After all, Jenny’s been harboring a most desperate secret. Should it become known, it would bring scandal not only to her, but also to the wonderful Austen family. What’s a poor orphan girl to do? In this delicious dance between truth and fiction, Cora Harrison has crafted Jenny’s secret diary by reading everything Jane Austen wrote as a child and an adult, and by researching biographies, critical studies, and family letters. Jenny’s diary makes the past spring vividly to life and provides insight into the entire Austen family—especially the beloved Jane.","['Young Adult', 'Historical', 'Historical Fiction', 'Romance', 'Fiction', 'Regency', 'Chick Lit', 'Teen', 'British Literature', 'Historical Romance']",https://i.gr-assets.com/images/S/compressed.photo.goodreads.com/books/1320405791l/7624095.jpg
The Science of Interstellar,"Kip S. Thorne, Christopher J. Nolan (Foreword)","A journey through the otherworldly science behind Christopher Nolan’s highly anticipated film, Interstellar, from executive producer and theoretical physicist Kip Thorne.Interstellar, from acclaimed filmmaker Christopher Nolan, takes us on a fantastic voyage far beyond our solar system. Yet in The Science of Interstellar, Kip Thorne, the physicist who assisted Nolan on the scientific aspects of Interstellar, shows us that the movie’s jaw-dropping events and stunning, never-before-attempted visuals are grounded in real science. Thorne shares his experiences working as the science adviser on the film and then moves on to the science itself. In chapters on wormholes, black holes, interstellar travel, and much more, Thorne’s scientific insights—many of them triggered during the actual scripting and shooting of Interstellar—describe the physical laws that govern our universe and the truly astounding phenomena that those laws make possible.Interstellar and all related characters and elements are trademarks of and © Warner Bros. Entertainment Inc. (s14).","['Science', 'Nonfiction', 'Physics', 'Space', 'Astronomy', 'Popular Science', 'Film', 'Audiobook', 'Technology', 'Time Travel']",https://i.gr-assets.com/images/S/compressed.photo.goodreads.com/books/1419181079l/23261448.jpg
Tao Te Ching,"Lao Tzu, Gia-Fu Feng (Translation), Jane English (Translation), Toinette Lippe (Goodreads Author) (Translation), Jacob Needleman (Translation)","A lucid translation of the well-known Taoist classic by a leading scholar-now in a Shambhala Pocket Library edition. Written more than two thousand years ago, the Tao Teh Ching, or -The Classic of the Way and Its Virtue, - is one of the true classics of the world of spiritual literature. Traditionally attributed to the legendary -Old Master, - Lao Tzu, the Tao Teh Ching teaches that the qualities of the enlightened sage or ideal ruler are identical with those of the perfected individual. Today, Lao Tzu's words are as useful in mastering the arts of leadership in business and politics as they are in developing a sense of balance and harmony in everyday life. To follow the Tao or Way of all things and realize their true nature is to embody humility, spontaneity, and generosity. John C. H. Wu has done a remarkable job of rendering this subtle text into English while retaining the freshness and depth of the original. A jurist and scholar, Dr. Wu was a recognized authority on Taoism and the translator of several Taoist and Zen texts and of Chinese poetry. This book is part of the Shambhala Pocket Library series. The Shambhala Pocket Library is a collection of short, portable teachings from notable figures across religious traditions and classic texts. The covers in this series are rendered by Colorado artist Robert Spellman. The books in this collection distill the wisdom and heart of the work Shambhala Publications has published over 50 years into a compact format that is collectible, reader-friendly, and applicable to everyday life.","['Philosophy', 'Nonfiction', 'Religion', 'Classics', 'Spirituality', 'Poetry', 'China', 'Taoism', 'Self Help', 'Eastern Philosophy']",https://i.gr-assets.com/images/S/compressed.photo.goodreads.com/books/1333578861l/67896.jpg
The Emperor Wears No Clothes: The Authoritative Historical Record of Cannabis and the Conspiracy Against Marijuana,"Jack Herer, Leslie Cabarga (Editor)","Jack Herer has updated his authoritative history of hemp's myriad uses and of the war on this plant, just as it has become high-profile news, with supporters such as Woody Harrelson and Willie Nelson. Herer thoroughly documents the petrochemical industry's plot to outlaw this renewable source of paper, energy, food, textiles, and medicine. Photos, illustrations & charts. 10 tables. Size D. 330 pp.","['History', 'Nonfiction', 'Politics', 'Health', 'Conspiracy Theories', 'World History', 'Spirituality', 'Science', 'Research', 'Classics']",https://i.gr-assets.com/images/S/compressed.photo.goodreads.com/books/1170781593l/71620.jpg
Os Impetuosos,Luísa Beltrão,"Este romance dá continuidade à tetralogia iniciada com «Os Pioneiros» - a saga de uma família portuguesa fundada no século passado. Neste novo volume são evocadas aventuras, ambientes, acontecimentos políticos e sociais, mentalidades e tudo isso religado por uma subtilíssima trama de relações. Destacam-se figuras vivas, evoluindo e agindo com o mesmo arrebatamento que a todos contaminava nessa época de intensa mudança. Mais do que um retrato de família, esta narrativa ganha uma realidade própria que se apoia tanto na memória da ""Tia Graça"" quanto numa rigorosa e apaixonada investigação sobre um tempo que decorre entre o fim da Monarquia, a implantação da República e a I Guerra Mundial. Luísa Beltrão reafirma neste novo romance um estilo bem pessoal, simultaneamente denso e leve, que nos transporta magicamente para dentro de um quotidiano vivido, onde nos reconhecemos no nosso próprio devir colectivo.",['Historical Fiction'],https://i.gr-assets.com/images/S/compressed.photo.goodreads.com/books/1298824449l/6829957.jpg
I Hotel,"Karen Tei Yamashita, Sina Grace (Goodreads Author) (Illustrator), Leland Wong (Illustrator)","A multi-voiced fusion of prose, playwriting, graphic art, and philosophy that spins an epic tale of America’s struggle for civil rights as it played out in San Francisco’s Chinatown. Divided into ten novellas, one for each year, I Hotel begins in 1968, when Martin Luther King and Bobby Kennedy were assassinated, students took to the streets, the Vietnam War raged, and cities burned.As Karen Yamashita’s motley cast of students, laborers, artists, revolutionaries, and provocateurs make their way through the history of the day, they become caught in a riptide of politics and passion, clashing ideologies and personal turmoil. And by the time the survivors unite to save the International Hotel—epicenter of the Yellow Power Movement—their stories have come to define the very heart of the American experience.","['Fiction', 'Historical Fiction', 'Short Stories', 'Literary Fiction', 'Novels', 'Contemporary', 'American', 'Graphic Novels', 'Race', 'Asian Literature']",https://i.gr-assets.com/images/S/compressed.photo.goodreads.com/books/1328752960l/7084002.jpg
The Connected Child: Bring Hope and Healing to Your Adoptive Family,Karyn B. Purvis,"The adoption of a child is always a joyous moment in the life of a family. Some adoptions, though, present unique challenges. Welcoming these children into your family--and addressing their special needs--requires care, consideration, and compassion.Written by two research psychologists specializing in adoption and attachment, ""The Connected Child"" will help you: Build bonds of affection and trust with your adopted child Effectively deal with any learning or behavioral disorders Discipline your child with love without making him or her feel threatened","['Adoption', 'Parenting', 'Nonfiction', 'Fostering', 'Family', 'Social Work', 'Counselling', 'Self Help', 'Psychology', 'Education']",https://i.gr-assets.com/images/S/compressed.photo.goodreads.com/books/1348281051l/776763.jpg
The Ambassadors,"Henry James, Harry Levin","Graham Greene and E.M. Forster marvelled at it, but F.R. Leavis considered it to be 'not only not one of his great books, but to be a bad one.' As for the author, he held The Ambassadors as the favorite among all his novels.Sent from Massachusetts by the formidable Mrs. Newsome to recall her son, Chad, from what she assumes to be a corrupt life in Paris, Strether finds his intentions subtly and profoundly transformed as he falls under the spell of the city and of his charge. He is quick to perceive that Chad has been not so much corrupted as refined, and over the course of the hot summer months in Paris he gradually realizes that this discovery and acceptance of Chad's unconventional new lifestyle alter his own ideals and ambitions.One of Henry James's three final novels, all of which have sharply divided modern critics, The Ambassadors is the finely drawn portrait of a man's late awakening to the importance of morality that is founded not on the dictates of convention but on its value per se.","['Classics', 'Fiction', 'Literature', 'Novels', 'American', 'Literary Fiction', '20th Century', 'France', 'Historical Fiction', 'Classic Literature']",https://i.gr-assets.com/images/S/compressed.photo.goodreads.com/books/1191378040l/775366._SY475_.jpg
Alexis Cool as a Cupcake,"Coco Simon, Elizabeth Doyle Carey (Goodreads Author)","The Cupcake Club learns that good leadership is a huge part of running a successful business—and friendship is the icing on the cake! Alexis is the clear leader of the Cupcake Club: She’s organized, punctual, and happy to take on the stuff like scheduling, budgets, invoicing, and the things that the other girls don’t really want to do. In other words, the “unfun” things. But one day Alexis feels particularly unappreciated and informs the Cupcake Club that she is no longer in charge! After deadlines get missed and supplies aren’t bought, the girls realize they definitely need a leader….And Alexis realizes being the leader is kind of cool; as long as you know how to ask for help when you need it!","['Realistic Fiction', 'Middle Grade', 'Juvenile', 'Childrens']",https://i.gr-assets.com/images/S/compressed.photo.goodreads.com/books/1435945193l/13080666._SX318_.jpg
"Collected Poems, 1909-1962",T.S. Eliot,"There is no more authoritative collection of the poetry that T.S. Eliot himself wished to preserve than this volume, published two years before his death in 1965.Poet, dramatist, critic, and editor, T. S. Eliot was one of the defining figures of twentieth-century poetry. This edition of Collected Poems 1909-1962 includes his verse from Prufrock and Other Observations (1917) to Four Quartets (1943), and includes such literary landmarks as 'The Waste Land' and 'Old Possum's Book of Practical Cats'.","['Poetry', 'Classics', 'Literature', '20th Century', 'Fiction', 'American', 'British Literature', 'Classic Literature', 'Nobel Prize', 'Anthologies']",https://i.gr-assets.com/images/S/compressed.photo.goodreads.com/books/1349070555l/142080.jpg
The Last Man Alive,A.S. Neill,The adventures of a group who survived a poisonous cloud that turned everyone else into stone.,"['Fiction', 'Childrens', 'Science Fiction', 'Young Adult', 'German Literature']",https://i.gr-assets.com/images/S/compressed.photo.goodreads.com/books/1357082993l/888947.jpg
Narrative of Sojourner Truth,"Sojourner Truth, Olive Gilbert","One of the most famous and admired African-American women in U.S. history, Sojourner Truth sang, preached, and debated at camp meetings across the country, led by her devotion to the antislavery movement and her ardent pursuit of women's rights. Born into slavery in 1797, Truth fled from bondage some 30 years later to become a powerful figure in the progressive movements reshaping American society.This remarkable narrative, first published in 1850, offers a rare glimpse into the little-documented world of Northern slavery. Truth recounts her life as a slave in rural New York, her separation from her family, her religious conversion, and her life as a traveling preacher during the 1840s. She also describes her work as a social reformer, counselor of former slaves, and sponsor of a black migration to the West.A spellbinding orator and implacable prophet, Truth mesmerized audiences with her tales of life in bondage and with her moving renditions of Methodist hymns and her own songs. Frederick Douglass described her message as a ""strange compound of wit and wisdom, of wild enthusiasm, and flint-like common sense."" This inspiring account of a black woman's struggles for racial and sexual equality is essential reading for students of American history, as well as for those interested in the continuing quest for equality of opportunity.","['History', 'Nonfiction', 'Biography', 'Classics', 'Memoir', 'Feminism', 'African American', 'Autobiography', 'Biography Memoir', 'American History']",https://i.gr-assets.com/images/S/compressed.photo.goodreads.com/books/1328343279l/11637339.jpg
Bezonken rood,Jeroen Brouwers,Samen met zijn moeder bracht Jeroen Brouwers zijn kleuterjaren door in het Japanse interneringskamp Tjideng op Java. In de roman Bezonken rood heeft hij op aangrijpende wijze zijn herinneringen verwerkt aan deze periode uit zijn jeugd.,"['Fiction', 'Dutch Literature', 'Literature', 'School', 'Read For School', 'War', 'Novels', 'Classics', 'Roman', '20th Century']",https://i.gr-assets.com/images/S/compressed.photo.goodreads.com/books/1369859111l/1761266.jpg
New Moon Summer,S.M. Reine (Goodreads Author),"Rylie is Alpha: the leader of the werewolves. They're an endangered species living in a sanctuary, and she's guarded them for two peaceful years.The peace is shattered when somebody sends Rylie a threatening silver bullet. A new member of the pack goes missing. And to make things worse, her inner beast is strangely attracted to her boyfriend's brother, leaving her torn between the love of two men--one of them a werewolf, and the other a former hunter.","['Paranormal', 'Romance', 'Werewolves', 'Young Adult', 'Fantasy', 'Shapeshifters', 'Paranormal Romance', 'Urban Fantasy', 'Amazon', 'Supernatural']",https://i.gr-assets.com/images/S/compressed.photo.goodreads.com/books/1349266775l/16064710.jpg
Motel Life,Willy Vlautin,"Es ist kalt in Reno, der kleinen Spielerstadt in Nevada. Das Glück hat Frank und Jerry Lee Flannigan längst im Stich gelassen. Die Mutter tot, der Vater ein versoffener Spieler, halten sie sich mit miesen Jobs über Wasser, und die paar Dollars, die ihnen bleiben, verprassen sie mit Alkohol und in Casinos.","['Fiction', 'Contemporary', 'Literary Fiction', 'Americana', 'The United States Of America', 'Literature', 'Novels', 'American Fiction', 'Adult Fiction', 'Coming Of Age']",https://i.gr-assets.com/images/S/compressed.photo.goodreads.com/books/1361374390l/10650227.jpg
Pretty Girls Dancing,Kylie Brant,"Years ago, in the town of Saxon Falls, young Kelsey Willard disappeared and was presumed dead. The tragedy left her family with a fractured life—a mother out to numb the pain, a father losing a battle with his own private demons, and a sister desperate for closure. But now another teenage girl has gone missing. It’s ripping open old wounds for the Willards, dragging them back into a painful past, and leaving them unprepared for where it will take them next.Bureau of Criminal Investigation agent Mark Foster has stumbled on uncanny parallels in the lives of the two missing girls that could unlock clues to a serial killer’s identity. That means breaking down the walls of the Willards’ long-guarded secrets and getting to a truth that is darker than he bargained for. Now, to rescue one missing girl, he must first solve the riddles that disappeared with another: Kelsey Willard herself. Dead or alive, she is his last hope.","['Mystery', 'Thriller', 'Fiction', 'Mystery Thriller', 'Suspense', 'Audiobook', 'Crime', 'Amazon', 'Contemporary', 'Adult Fiction']",https://i.gr-assets.com/images/S/compressed.photo.goodreads.com/books/1495711902l/34530003._SY475_.jpg
A Sword in Her Hand,"Jean-Claude van Rijckeghem, Pat van Beirs, John Nieuwenhuizen (Translator)","A feast of a medieval adventure with a thoroughly modern heroine.As the murmur of prayers fills the icy room, mother and baby seem doomed. When the newborn finally struggles into the world, the Count of Flanders flees in a rage. The child is not the expected male heir -- but a girl.Growing up under the disapproving eye of her heartless father, the strong-willed Marguerite instinctively learns to survive in the fierce and violent male world of the Middle Ages, with its pagan rituals and bloody fights to the death.When her father demands that she wed a man she detests, the young countess uses all her cunning to stop the marriage. The only thing she cannot conquer is the plague, which marches across the land killing thousands, including the man she loves.Based on a real character, this colorful story is told with sharp humor and is filled with dramatic intensity. The final scene in the book, in which Marguerite and her father engage in a savage sword fight, will remain engrained in readers' memories.","['Historical Fiction', 'Young Adult', 'Historical', 'School', 'Medieval', 'Fiction', 'Roman', 'War', 'Adventure']",https://i.gr-assets.com/images/S/compressed.photo.goodreads.com/books/1347803978l/9852877.jpg
Humongous Zits,"Jerry Scott, Jim Borgman","Adolescence is a time of painful growth and unpredictable change, when kids come packaged in a jumble of baggy jeans, rolling eyeballs, and grunting communication. Cartoonists Jerry Scott and Jim Borgman have captured the humor of that challenging time with Zits, in which they chronicle the life and times of the typically exasperating yet ever lovable Jeremy Duncan.In this first Zits treasury, a compilation of Zits and Growth Spurt, faithful fans of Jeremy's world will get a glimpse behind the scenes with never-before-seen sketches and the stories behind the strips. Sunday cartoons appear in full-color, highlighting the strip's acclaimed drawing style.Even though the teenage terrain is rocky, Zits is warm and sympathetic. ""The highest compliment we hear from readers is, 'You must have a camera hidden in our house!'"" says Borgman.","['Comics', 'Humor', 'Graphic Novels Comics', 'Graphic Novels', 'Comic Strips', 'Bande Dessinée', 'Comic Book', 'Comedy', 'Fiction', 'Cartoon']",https://i.gr-assets.com/images/S/compressed.photo.goodreads.com/books/1347252338l/995155.jpg
"Spice & Wolf, Vol. 01","Isuna Hasekura, Juu Ayakura (Illustrator), Paul Starr (Translator)","The life of a traveling merchant is a lonely one, a fact with which Kraft Lawrence is well acquainted. Wandering from town to town with just his horse, cart, and whatever wares have come his way, the peddler has pretty well settled into his routine-that is, until the night Lawrence finds a wolf goddess asleep in his cart. Taking the form of a fetching girl with wolf ears and a tail, Holo has wearied of tending to harvests in the countryside and strikes up a bargain with the merchant to lend him the cunning of ""Holo the Wisewolf"" to increase his profits in exchange for taking her along on his travels. What kind of businessman could turn down such an offer? Lawrence soon learns, though, that having an ancient goddess as a traveling companion can be a bit of a mixed blessing. Will this wolf girl turn out to be too wild to tame?","['Fantasy', 'Light Novel', 'Manga', 'Romance', 'Fiction', 'Japanese Literature', 'Adventure', 'Young Adult', 'Comics', 'Graphic Novels']",https://i.gr-assets.com/images/S/compressed.photo.goodreads.com/books/1340904653l/6483360.jpg
The Secret Country,Pamela Dean,"What happens when your fantasy world turns real...? Each vacation for the past nine years, cousins Patrick, Ruth, Ellen, Ted, and Laura have played a game they call the “Secret”—and invented, scripted world full of witches, unicorns, a magic ring, court intrigue, and the Dragon King. In the Secret, they can imagine anything into reality, and shape destiny. Then the unbelievable happens: by trick or by chance, they actually find themselves in the Secret Country, their made-up identities now real. The five have arrived at the start of their games, with the Country on the edge of war. What was once exciting and wonderful now looms threateningly before them, and no one is sure how to stop it… or if they will ever get back home.   ""An intricate sparkling web of intrigue and magic. One of me very favorites.”—Patricia C. Wrede, author of Dealing with Dragons","['Fantasy', 'Young Adult', 'Fiction', 'Magic', 'Adventure', 'High Fantasy', 'Science Fiction Fantasy', 'Childrens', 'Unicorns', 'Young Adult Fantasy']",https://i.gr-assets.com/images/S/compressed.photo.goodreads.com/books/1309202624l/51105.jpg
"Bleach, Volume 10",Tite Kubo,"Tattoo on the SkyWith the help of Kūkaku - a one-armed explosives expert and old friend of the mysterious talking cat Yoruichi - Ichigo and crew are one step closer to infiltrating the Soul Society and rescuing their friend Rukia before she is executed. For Kūkaku's plan to work, Ichigo must control his enormous reservoir of spiritual energy - and there's no telling how much collateral damage this will cause. Meanwhile, the Soul Society hasn't been twiddling their collective thumbs, and quickly dispatches a delegation of captains to give the unwanted visitors the rudest of welcomings imaginable.","['Manga', 'Fantasy', 'Graphic Novels', 'Comics', 'Shonen', 'Fiction', 'Paranormal', 'Action', 'Young Adult', 'Adventure']",https://i.gr-assets.com/images/S/compressed.photo.goodreads.com/books/1388294053l/13729.jpg
The Satyricon,"Petronius, Piero Chiara (Translator), P.G. Walsh (Translator), Federico Roncoroni (Editor)","Satyricon on yksi maailmankirjallisuuden omaleimaisimpia teoksia. Kautta vuosituhannen se on närkästyttänyt tosikkoja ja ihastuttanut niitä, jotka haluavat tutustua verta ja lihaa olevaan ihmiseen haluineen ja pelkoineen, vikoineen ja heikkouksineen.Petronius on suuri kertoja, joka vyöryttää eteemme ajanlaskumme ensimmäisen vuosisadan kuohuvan maailman mitään inhimillistä kaihtamatta. Hänen antisankarinsa riippuvat kynsin ja hampain kiinni elämässä – ja erityisesti kaikissa mahdollisissa sen tarjoamissa nautinnoissa.Petroniuksen Satyricon löytyy tästä teoksesta ensimmäistä kertaa kokonaan suomennettuna, ajanmukaisena ja selityksin varustettuna käännöksenä.","['Classics', 'Fiction', 'Poetry', 'Literature', 'Ancient', 'Novels', 'Roman', 'Humor', 'Ancient History', 'School']",https://i.gr-assets.com/images/S/compressed.photo.goodreads.com/books/1172357576l/168214.jpg
The Hitchhiker's Guide to the Galaxy: A Trilogy in Four Parts,Douglas Adams,"Charting the whole of Arthur Dent's odyssey through space are:THE HITCHHIKER'S GUIDE TO THE GALAXY.One Thursday lunchtime the Earth gets unexpectedly demolished to make way for a new hyperspace bypass. For Arthur Dent, who has only just had his house demolished that morning, this seems already to be more than he can cope with. Sadly, however, the weekend has only just begun, and the Galaxy is a very very very large and startling place.THE RESTAURANT AT THE END OF THE UNIVERSE.When all questions of space, time, matter and the nature of being have been resolved, only one question remains --- ""Where shall we have dinner?"" The Restaurant at the End of the Universe provides the ultimate gastronomic experience, and for once there is no morning after to worry about.LIFE, THE UNIVERSE AND EVERYTHING.In consequence of a number of stunning catastrophes, Arthur Dent is surprised to find himself living in a hideously miserable cave on prehistoric Earth. However, just as he thinks that things cannot possibly get any worse, they suddenly do. He discovers that the Galaxy is not only mind-boggling big and bewildering but also that most of the things that happen in it are staggeringly unfair.SO LONG, AND THANKS FOR ALL THE FISH.Just as Arthur Dent's sense of reality is in its dickiest state he suddenly finds the girl of his dreams. He finds her in the last place in the Universe in which he would expect to find anything at all, but which 3,976,000 people will find oddly familiar. They go in search of God's Final Message to His Creation and, in a dramatic break with tradition, actually find it.","['Science Fiction', 'Fiction', 'Humor', 'Fantasy', 'Comedy', 'Classics', 'Science Fiction Fantasy', 'Adventure', 'British Literature', 'Novels']",https://i.gr-assets.com/images/S/compressed.photo.goodreads.com/books/1348461082l/841628.jpg
A Fall of Moondust,Arthur C. Clarke,"For a million years the bubble had been growing, like a vast abscess, below the root of the mountains. Now the abscess was about to burst. Captain Harris had left the controls on autopilot and was talking to the front row of passengers as the first tremor shook the boat. For a fraction of a second he wondered if a fan blade had hit some submerged obstacle; then, quite literally, the bottom fell out of his world.It fell slowly, as all things must upon the Moon. The sea was alive and moving . . . Every stage of that nightmare transformation was pitilessly illuminated by the earth light, until the crater was so deep that its firewall was completely lost in shadow, and it seemed as if Selene were racing into a curving crescent of utter blackness – an arc of annihilation.In darkness and in silence, they were sinking into the Moon. . . .","['Science Fiction', 'Fiction', 'Classics', 'Space', 'Science Fiction Fantasy', 'Speculative Fiction', 'Fantasy', 'Novels', 'Audiobook', 'Thriller']",https://i.gr-assets.com/images/S/compressed.photo.goodreads.com/books/1302382681l/149059.jpg
Mud City,Deborah Ellis,"The third book in the internationally-bestselling series that includes The Breadwinner, Parvana's Journey and My Name Is ParvanaParvana's best friend, fourteen-year-old Shauzia, has escaped the misery of her life in Kabul, only to end up in a refugee camp in Pakistan. Shauzia finally decides to leave the camp and try her luck on the streets. She is determined to earn money to buy her passage out of the country. An incident with a dishonest man lands her in jail, where she spends the night, terrified and despairing, before well-meaning Americans she met when she was begging rescue her. They take her to their home in a residential part of Peshawar, and for a time she has a taste of a life where children have food to eat and warm beds and toys to play with, and she feels safe for the first time. But just when she thinks the family will ask her to stay with them, disaster ensues, and Shauzia finds herself driven back to the refugee camp, where she discovers the old choices are not so easy any more.This is a powerful and very human story of a feisty, driven girl who tries to take control of her own life.A map, glossary and author's note provide young readers with background and context. Royalties from the sale of this book will go to Street Kids International.","['Historical Fiction', 'Young Adult', 'Fiction', 'Realistic Fiction', 'War', 'Middle Grade', 'Childrens', 'Survival', 'Cultural', 'Adventure']",https://i.gr-assets.com/images/S/compressed.photo.goodreads.com/books/1388956291l/515475.jpg
The Disorderly Knights,Dorothy Dunnett,"The third volume in The Lymond Chronicles, the highly renowned series of historical novels by Dorothy Dunnett, Disorderly Knights takes place in 1551, when Francis Crawford of Lymond is dispatched to embattled Malta, to assist the Knights of Hospitallers in defending the island against the Turks. But shortly the swordsman and scholar discovers that the greatest threat to the Knights lies within their own ranks, where various factions vie secretly for master.","['Historical Fiction', 'Historical', 'Fiction', 'Scotland', 'Adventure', '16th Century', 'Romance', 'Literature', 'Historical Romance', 'Fantasy']",https://i.gr-assets.com/images/S/compressed.photo.goodreads.com/books/1399601597l/351211.jpg
Baby Teeth,Zoje Stage (Goodreads Author),"Meet Hanna.She’s the sweet-but-silent angel in the adoring eyes of her Daddy. He’s the only person who understands her, and all Hanna wants is to live happily ever after with him. But Mommy stands in her way, and she’ll try any trick she can think of to get rid of her. Ideally for good.Meet Suzette.She loves her daughter, really, but after years of expulsions and strained home schooling, her precarious health and sanity are weakening day by day. As Hanna’s tricks become increasingly sophisticated, and Suzette's husband remains blind to the failing family dynamics, Suzette starts to fear that there’s something seriously wrong, and that maybe home isn’t the best place for their baby girl after all.","['Horror', 'Fiction', 'Thriller', 'Mystery', 'Mystery Thriller', 'Audiobook', 'Suspense', 'Adult', 'Adult Fiction', 'Contemporary']",https://i.gr-assets.com/images/S/compressed.photo.goodreads.com/books/1528990927l/35410511.jpg
Gemma,Meg Tilly,"After Hazen Wood kidnaps 12 year-old Gemma Sullivan, the two embark upon a cross-country journey that tests the limits of Gemma's endurance. In graphic scenes of physical and sexual violence, Hazen tries to destroy the young girl's will. It is only Gemma's childlike resilience and fertile imagination that protect her from the worst of the abuse she suffers. And in the end, the healing power of unconditional love gives Gemma the courage to speak out against her abuser at last - reclaiming her dignity as a human being.","['Fiction', 'Abuse', 'Young Adult', 'Dark', 'Horror', 'Novels', 'Realistic Fiction', 'Adult Fiction', 'Contemporary', 'Audiobook']",https://i.gr-assets.com/images/S/compressed.photo.goodreads.com/books/1389759311l/386477.jpg
"Paul Klee, 1879-1940",Susanna Partsch,"Designated as ""degenerate"" by the Nazis, Paul Klee (1879-1940) is today considered one of the most important artists of the 20th century. His works stand out for the variety in their forms of artistic expression. His Tunisian water-colours depicting landscape, architecture and, above all, the North African light of this Mediterranean land constitute the true beginning of Klee's painting career. Although these paintings still fall under the heading of ""objective"", they already exhibit indications of his tendency toward abstraction and a language of forms. Geometrical figures and hieroglyphic elements characterize the majority of these works, which for this reason seem reminiscent of ""naive"" and playful children's painting. In reality, however, his paintings have their roots in theoretical considerations, their recurrent symbols conveying personal and at times political content.","['Art', 'Nonfiction', 'Biography', 'Germany']",https://i.gr-assets.com/images/S/compressed.photo.goodreads.com/books/1185407822l/1577013._SX318_.jpg
Obedience to Authority,Stanley Milgram,"Obedience is as basic an element in the structure of social life as one can point to. Some system of authority is a requirement of all communal living, and it is only the man dwelling in isolation who is not forced to respond, through defiance or submission, to the commands of others. Obedience, as a determinant of behavior is of particular relevance to our time. It has been reliably established that from 1933 to 1945 millions of innocent people were systematically slaughtered on command. Gas chambers were built, death camps were guarded, daily quotas of corpses were produced with the same efficiency as the manufacture of appliances. These inhumane policies may have originated in the mind of a single person, but they could only have been carried out on a massive scale if a very large number of people obeyed orders.Obedience is the psychological mechanism that links individual action to political purpose. It is the dispositional cement that binds men to systems of authority. Facts of recent history and observation in daily life suggest that for many people obedience may be a deeply ingrained behavior tendency, indeed, a prepotent impulse overriding training in ethics, sympathy, and moral conduct. C. P. Snow (1961) points to its importance when he writes:When you think of the long and gloomy history of man, you will find more hideous crimes have been committed in the name of obedience than have ever been committed in the name of rebellion. If you doubt that, read William Sbirer's 'Rise and Fall of the Third Reich.' The German Officer Corps were brought up in the most rigorous code of obedience . . . in the name of obedience they were party to, andassisted in, the most wicked large scale actions in the history of the world. (p. 24)The Nazi extermination of European Jews is the most extremeinstance of abhorrent immoral acts carried out by thousands ofpeople in the name of obedience. Yet in lesser degree this type ofthing is constantly recurring: ordinary citizens are ordered todestroy other people, and they do so because they consider ittheir duty to obey orders. Thus, obedience to authority, longpraised as a virtue, takes on a new aspect when it serves amalevolent cause; far from appearing as a virtue, it is transformedinto a heinous sin. Or is it?The moral question of whether one should obey when commands conflict with conscience was argued by Plato, dramatized in ""Antigone,"" and treated to philosophic analysis in every historical epoch Conservative philosophers argue that the very fabric of society is threatened by disobedience, and even when the act prescribed by an authority is an evil one, it is better to carry out the act than to wrench at the structure of authority. Hobbes stated further that an act so executed is in no sense the responsibility of the person who carries it out but only of the authority that orders it. But humanists argue for the primacy of individual conscience in such matters, insisting that the moral judgments of the individual must override authority when the two are in conflict.The legal and philosophic aspects of obedience are of enormous import, but an empirically grounded scientist eventually comes to the point where he wishes to move from abstract discourse to the careful observation of concrete instances. In order to take a close look at the act of obeying, I set up a simple experimentat Yale University. Eventually, the experiment was to involve more than a thousand participants and would be repeated at several universities, but at the beginning, the conception was simple. A person comes to a psychological laboratory and is told to carry out a series of acts that come increasingly into conflict with conscience. The main question is how far the participant will comply with the experimenter's instructions before refusing to carry out the actions required of him.But the reader needs to know a little more detail about the experiment. Two people come to a psychology laboratory to take part in a study of memory and learning. One of them is designated as a ""teacher"" and the other a ""learner."" The experimenter explains that the study is concerned with the effects of punishment on learning. The learner is conducted into a room, seated in a chair, his arms strapped to prevent excessive movement, and an electrode attached to his wrist. He is told that he is to learn a list of word pairs; whenever he makes an error, be will receive electric shocks of increasing intensity.The real focus of the experiment is the teacher. After watching the learner being strapped into place, he is taken into the main experimental room and seated before an impressive shock generator. Its main feature is a horizontal line of thirty switches, ranging from 15 volts to 450 volts, in 15-volt increments. There are also verbal designations which range from Slight SHOCK to Danger--Severe SHOCK. The teacher is told that he is to administer the learning test to the man in the other room. When the learner responds correctly, the teacher moves on to the next item; when the other man gives an incorrectanswer, the teacher is to give him an electric shock. He is to start at the lowest shock level ( 15 volts) and to increase the level each time the man makes an error, going through 30 volts, 45 volts, and so on.The ""teacher"" is a genuinely naive subject who has come to the laboratory to participate in an experiment. The learner, or victim, is an actor who actually receives no shock at all. The point of the experiment is to see how far a person will proceed in a concrete and measurable situation in which he is ordered to inflict increasing pain on a protesting victim.","['Psychology', 'Nonfiction', 'Science', 'Sociology', 'Philosophy', 'Social Science', 'Politics', 'History', 'Research', 'Classics']",https://i.gr-assets.com/images/S/compressed.photo.goodreads.com/books/1403550976l/676723.jpg
"Chobits, Vol. 8","CLAMP, Shirley Kubo (Translator)","Chi has developed quite a bit since Hideki found her lying in the garbage one fateful morning. She's learned to speak, work in a pastry shop, go shopping...and, so it would seem, to love. After much soul searching (if a persocom could even be considered to have a soul) Chi comes to the realization that her feelings towards Hideki, her ""someone just fer her,"" are nothing short of love. Only two obstacles stand between her and happiness. First there's Hideki; he's been struggling with the idea that a person can have feelings for a machine. Can her return her love? Second is the mysterious Zima and Dita. Having run out of patience, they're quickly closing in to deactivate Chi before her strong emotions pose a threat to persocoms everywhere.Chapters 82–88","['Manga', 'Romance', 'Science Fiction', 'Graphic Novels', 'Comics', 'Fiction', 'Seinen', 'Fantasy', 'Comics Manga', 'Anime']",https://i.gr-assets.com/images/S/compressed.photo.goodreads.com/books/1274418713l/1087173.jpg
Pandeymonium,Piyush Pandey,"What makes Piyush Pandey an extraordinary advertising man, friend, partner and leader of men? How does he manage to exude childlike enthusiasm, and bring such deep commitment to his work?You’ve seen most of the things that Piyush Pandey has seen in his life. You’ve seen cobblers, carpenters, cricketers, trains, villages, towns and cities. What makes Piyush different is the perspective from which he views the same things you’ve seen, his ability to store all that he sees into some recesses of his brain and then retrieve them at short notice when he needs to. That ability combined with his love, passion and understanding of advertising and of consumers make him the master storyteller that he is. In Pandeymonium, Piyush talks about his influences, right from his childhood in Jaipur and being a Ranji cricketer, to his philosophy, failures and lessons in advertising in particular and life in general. Lucid, inspiring and unputdownable, this memoir gives you an inside peek into the mind and creative genius of the man who defines advertising in India.","['Nonfiction', 'Biography', 'Business']",https://i.gr-assets.com/images/S/compressed.photo.goodreads.com/books/1485382267l/33986959._SY475_.jpg
Ombria in Shadow,Patricia A. McKillip,"Ombria is a place heaped with history -- and secrets. There is a buried city beneath it inhabited by ghosts, accessible only through magical passages and long-forgotten doorways. When the Prince of Ombria dies suddenly, his wicked great-aunt Domina Pearl seizes power by becoming regent to the prince's young son, Kyel. Minutes after the prince's death, Domina kicks Lydea, the prince's longtime mistress, out into the streets to die. But she is saved by a strange girl named Mag, a supposed waxling created by a powerful sorceress who lives underneath the city. With the help of Mag and the prince's bastard nephew, a strange, silver-eyed man obsessed with drawing, Lydea tries to save Kyel and somehow defeat Domina.","['Fantasy', 'Fiction', 'High Fantasy', 'Young Adult', 'Science Fiction Fantasy', 'Magic', 'Adult', 'Epic Fantasy', 'Fairy Tales', 'Speculative Fiction']",https://i.gr-assets.com/images/S/compressed.photo.goodreads.com/books/1309201482l/781124.jpg
The Lives of a Cell: Notes of a Biology Watcher,Lewis Thomas,"Anticipates the kind of writing that will appear more frequently as scientists take on poetic language in order to communicate human truths too mysterious for old-fashioned commonsense. Elegant, suggestive & clarifying, Thomas' humane vision explores the world & examines the complex interdependence of all things. Extending beyond the usual limitations of biological science & into a vast world of hidden relationships, this book explores in personal, poetic essays to topics such as computers, germs, language, music, death, insects & medicine. He writes, ""Once you have become permanently startled, as I am, by the realization that we are a social species, you tend to keep an eye out for the pieces of evidence that this is, by & large, good for us.""The lives of a cell Thoughts for a countdown On societies as organismsA fear of pheromones The music of This sphereAn earnest proposal The technology of medicineVibesCeti The long habit Antaeus in Manhattan The MBL Autonomy Organelles as organisms Germs Your very good healthSocial talk Information Death in the openNatural scienceNatural manThe Iks Computers The planning of scienceSome biomythologyOn various wordsLiving language On probability and possibilityThe world's biggest membraneReference Notes","['Science', 'Nonfiction', 'Biology', 'Essays', 'Philosophy', 'Nature', 'Medicine', 'Medical', 'Health', 'Science Nature']",https://i.gr-assets.com/images/S/compressed.photo.goodreads.com/books/1348684638l/294368.jpg
The Cross and the Switchblade,"David Wilkerson, John Sherrill, Elizabeth Sherrill (Goodreads Author)",A young preacher from the Pennsylvania hills comes to New York City and influences troubled teenagers with his inspirational message.,"['Christian', 'Biography', 'Nonfiction', 'Religion', 'Christianity', 'Memoir', 'Faith', 'Christian Non Fiction', 'Biography Memoir', 'Autobiography']",https://i.gr-assets.com/images/S/compressed.photo.goodreads.com/books/1347295767l/772852.jpg
No Longer a Slumdog: Bringing Hope to Children in Crisis,"K.P. Yohannan (Goodreads Author), Francis Chan (Foreword)","“He would lock me in a small room with the animals. Days turned into weeks, and my stomach would growl. He never gave me enough to eat,” said Nadish. “Weeks turned into months, and my body would ache. The work was hard, and there was never enough time to rest. Months turned into years, and I began to think that this would never end.”But through a miraculous event, Nadish found his way back into the loving embrace of his mother. Dr. K.P. Yohannan’s book, No Longer a Slumdog, unveils the true-life accounts of many of South Asia’s children, like Nadish. The message hits hard. He speaks of “winds of change” and a powerful move of God.The children’s stories tell of going from a life of heartache and poverty to finding joy, laughter and a bright future. Despite the affliction these children face, Yohannan shows us there’s opportunity for change as many find new life in God’s redeeming love.No Longer a Slumdog inspires faith that a better tomorrow is truly possible.","['Christian', 'Nonfiction', 'Religion', 'Faith', 'Christianity', 'Christian Living', 'Social Justice', 'Biography', 'Christian Non Fiction', 'International']",https://i.gr-assets.com/images/S/compressed.photo.goodreads.com/books/1333516727l/12131142.jpg
The Insulted and Humiliated,"Fyodor Dostoyevsky, Natália Nunes (Tradutora)","The Insulted & Injured, published soon after Dostoevsky's political imprisonment, clearly foreshadows his later preoccupation with unconscious psychological drives & their external effects on the lives of his characters. Where his later works carry these drives to inevitably dramatic conclusions, The Insulted & Injured confines them within the smaller boundaries of everyday event. In this story the impulse toward self-abnegation in love, which appears so markedly in both Vanya & Natasha, isn't itself enough to direct their lives; instead, it combines with their social world & the mundane ambitions of Prince Valkovsky to defeat their hope of happiness. Of all the characters in the novel, only Natasha's lover, the Prince's son Alyosha-the person least driven to mold life to his own terms-emerges untouched. Here are, to a greater extent than in Dostoevsky's more familiar works, flesh-&-blood people as we see them around every day. They are made up of both good & evil, of will & acceptance. Unfailingly they command interest & illuminate understanding.","['Classics', 'Fiction', 'Russia', 'Russian Literature', 'Novels', 'Literature', '19th Century', 'Drama', 'Psychology', 'Classic Literature']",https://i.gr-assets.com/images/S/compressed.photo.goodreads.com/books/1347466262l/329803.jpg
Tempting the Player,"J. Lynn, Jennifer L. Armentrout (Goodreads Author)","A sexy category romance from Entangled's Brazen imprint...He's a player on and off the field...Chad Gamble, all-star pitcher for the Nationals, is one of the best players on—and off—the field. And right now, the notorious bad boy wants Bridget Rodgers. But with her lush curves and snappy comebacks, the feisty redhead is the kind of woman a man wants to settle down with…and that’s the last thing Chad needs.When the paparazzi catch them in a compromising position, Chad’s manager issues an ultimatum: clean up his act or kiss his multi-million dollar contract goodbye. To save his career, his meddling publicist says he'll have to convince everyone Bridget isn’t just his flavor of the week, but his girlfriend.Being blackmailed into a fake relationship with Chad Gamble isn’t easy, especially when the sizzling physical attraction between them is undeniable. With a month to go on their arranged pretense, it's going to take every ounce of willpower they have not to fall into bed together...or in love.","['Romance', 'Contemporary', 'Contemporary Romance', 'Adult', 'New Adult', 'Sports', 'Erotica', 'Sports Romance', 'Chick Lit', 'Fiction']",https://i.gr-assets.com/images/S/compressed.photo.goodreads.com/books/1351035223l/16031679.jpg
How to Steal a Dragon's Sword,Cressida Cowell (With),"The How to Train Your Dragon series chronicles the adventures and misadventures of Viking underdog Hiccup Horrendous Haddock III and his dragon, Toothless. In Book 9, a dragon rebellion is coming--filled with the meanest, nastiest dragons in the Archipelago. Razor-wings, Tonguetwisters, and Vampire Ghouldeaths are attacking Vikings and seem to be seeking one soul in particular: Hiccup Horrendous Haddock the Third! Only a King can save them...and only a champion with all of the King's Lost Things can be King. In his adventures, Hiccup has collected quite a few ""things"" himself. But can a scrawny Viking save the entire Archipelago from certain doom? To find out, Hiccup will have to outwit a witch, fight his arch-enemy, and beat back an army of bloodthirsty dragons with just one sword.","['Fantasy', 'Dragons', 'Fiction', 'Childrens', 'Middle Grade', 'Audiobook', 'Young Adult', 'Adventure', 'Humor', 'Juvenile']",https://i.gr-assets.com/images/S/compressed.photo.goodreads.com/books/1348390505l/13072658.jpg
An Indecent Obsession,Colleen McCullough,"A devoted nurse is a favorite among the wounded soldiers in her charge. Then everything changes with the arrival of a decorated, yet damaged, war hero. The nurse finds herself drawn to this tortured man, and the couple soon discovers a soul stirring passion that ultimately leads to violent tragedy. Reissue.","['Fiction', 'Historical Fiction', 'Romance', 'Australia', 'Historical', 'War', 'World War II', 'Drama', 'Novels', 'Classics']",https://i.gr-assets.com/images/S/compressed.photo.goodreads.com/books/1172514027l/182463.jpg
Your Favorite Seuss,"Dr. Seuss, Cathy Goldsmith, Janet Schulman (Compiler), Maria Leach (Designed by), Molly Leach (Designed by)","From his very first book to his very last book, here in one big volume are 13 classic Dr. Seuss stories, everyone's favorites. All of the words and virtually all of the illustrations are included. Each story is prefaced by a short essay by someone whose life was changed by Dr. Seuss or who is simply an unabashed admirer. Also included are photographs of Dr. Seuss, memorabilia, and original sketches from his books. The stories included are: And to Think That I Saw It on Mulberry Street, Horton Hears a Who!, McElligot's Pool, If I Ran the Zoo, Happy Birthday to You!, Dr. Seuss's Sleep Book, Yertle the Turtle, The Cat in the Hat, How the Grinch Stole Christmas!, Green Eggs and Ham, The Lorax, The Sneetches, and Oh, the Places You'll Go!Theodor Geisel (a.k.a. Dr. Seuss) was born March 2, 1904, and died September 25, 1991.","['Childrens', 'Picture Books', 'Classics', 'Fiction', 'Anthologies', 'Fantasy', 'Kids', 'Humor', 'Short Stories', 'Young Adult']",https://i.gr-assets.com/images/S/compressed.photo.goodreads.com/books/1410760448l/7771.jpg
Bloody Jack,L.A. Meyer,"Being an Account of the Curious Adventures of Mary ""Jacky"" Faber, Ship's BoyLife as a ship's boy aboard HMS Dolphin is a dream come true for Jacky Faber. Gone are the days of scavenging for food and fighting for survival on the streets of eighteenth-century London. Instead, Jacky is becoming a skilled and respected sailor as the crew pursues pirates on the high seas.There's only one problem: Jacky is a girl. And she will have to use every bit of her spirit, wit, and courage to keep the crew from discovering her secret. This could be the adventure of her life--if only she doesn't get caught. . . .","['Historical Fiction', 'Young Adult', 'Adventure', 'Pirates', 'Fiction', 'Historical', 'Audiobook', 'Teen', 'Romance', 'Fantasy']",https://i.gr-assets.com/images/S/compressed.photo.goodreads.com/books/1392868382l/295649.jpg
Return to Laughter: An Anthropological Novel,"Laura Bohannan, Elenore Smith Bowen",A vivid and dramatic account of the experiences of an American anthropologist who lived with a primitive bush tribe in Africa.,"['Anthropology', 'Fiction', 'Africa', 'School', 'Ethnography', 'Historical Fiction', 'Travel', 'Literature', 'Novels', 'Academia']",https://i.gr-assets.com/images/S/compressed.photo.goodreads.com/books/1320535261l/148554.jpg
Old Filth,Jane Gardam,"Sir Edward Feathers has progressed from struggling young barrister to wealthy expatriate lawyer to distinguished retired judge, living out his last days in comfortable seclusion in Dorset. The engrossing and moving account of his life, from birth in colonial Malaya, to Wales, where he is sent as a ""Raj orphan,"" to Oxford, his career and marriage, parallels much of the 20th century's torrid and twisted history. Old Filth was nominated for the 2005 Orange Prize.","['Fiction', 'Historical Fiction', 'British Literature', 'Literary Fiction', 'Book Club', 'Novels', 'Historical', 'Asia', 'Literature', 'Contemporary']",https://i.gr-assets.com/images/S/compressed.photo.goodreads.com/books/1421009932l/965343.jpg
Core of Evil,Nigel McCrery,"A visceral thriller from the creator of the hit BBC drama Silent Witness, introducing synaesthetic detective DCI Mark Lapslie. I've looked into the eyes of women who have banged nine-inch nails into the skulls of their victims with hammers ... we evaluate them, trying to determine whether they have actually changed, or whether there's still a core of evil within them...Before his diagnosis, DCI Mark Lapslie thought everyone was like him. Now he knows he suffers from synaethesthesia - a rare neurological condition that has cross-wired his senses. The sickening clamour of sounds he can taste has smothered his marriage and stifled his career. At the scene of a fatal traffic accident, Lapslie's interest isn't in the recently deceased driver, rather the desiccated corpse found lying next to him. Something about the body stirs a fleeting recollection at the back of Lapslie's mind... he can't quite put his finger on it, but he can almost taste it... Memories haunt Violet Chambers. Taking tea with her friend Daisy, she knows it's time to move on. As Daisy falls to the floor, eyes streaming, face burning, Violet calmly waits. Black hellebore is remarkably potent. It won't be long now. Discover the other books in the DCI Mark Lapslie series: Tooth and Claw, Scream, Thirteenth Coffin and Flesh and Blood.","['Mystery', 'Fiction', 'Crime', 'British Literature', 'Murder Mystery', 'Thriller', 'Mystery Thriller', 'Novels']",https://i.gr-assets.com/images/S/compressed.photo.goodreads.com/books/1348064439l/3617118.jpg
The Princess Plot,"Kirsten Boie, Kirsten Bole","A movie about a princess is to be made. When auditions take place, Jenna is astounded to be chosen over her more talented friends. Curiously, even her strict mother gives her permission for Jenna to fly off to begin filming in the small, romantic kingdom of Scandia. Soon Jenna discovers things aren't what they seem.","['Young Adult', 'Fiction', 'Mystery', 'Middle Grade', 'Contemporary', 'Adventure', 'Fantasy', 'Childrens', 'Realistic Fiction', 'Princesses']",https://i.gr-assets.com/images/S/compressed.photo.goodreads.com/books/1348210860l/7572382.jpg
Golem in the Gears,Piers Anthony,"Grundy Golem got no respect. So, to prove himself, he volunteered for a quest to find the long-lost dragon, Stanley Steamer. On the way, he somehow manages to free a damsel in distress-- but not without incurring the wrath of the Sea Hag in the process. And when it comes to avenging herself on Grundy, the Sea Hag will never give up....","['Fantasy', 'Fiction', 'Humor', 'Science Fiction Fantasy', 'Young Adult', 'Magic', 'Science Fiction', 'Adventure', 'Adult', 'Comedy']",https://i.gr-assets.com/images/S/compressed.photo.goodreads.com/books/1166672923l/15450.jpg
Peril at End House,Agatha Christie,"An Alternate Cover Edition of this ISBN can be found here.Hercule Poirot is vacationing on the Cornish coast when he meets Nick Buckly. Nick is the young and reckless mistress of End House, an imposing structure perched on the rocky cliffs of St. Loo.Poirot has taken a particular interest in the young woman who has recently narrowly escaped a series of life-threatening accidents. Something tells the Belgian sleuth that these so-called accidents are more than just mere coincidences or a spate of bad luck. It seems all too clear to him that someone is trying to do away with poor Nick, but who? And, what is the motive? In his quest for answers, Poirot must delve into the dark history of End House. The deeper he gets into his investigation, the more certain he is that the killer will soon strike again. And, this time, Nick may not escape with her life.","['Mystery', 'Fiction', 'Crime', 'Classics', 'Detective', 'Mystery Thriller', 'British Literature', 'Audiobook', 'Murder Mystery', 'Thriller']",https://i.gr-assets.com/images/S/compressed.photo.goodreads.com/books/1327938128l/16424.jpg
The Siege of Krishnapur,"J.G. Farrell, Pankaj Mishra (Introduction)","India, 1857--the year of the Great Mutiny, when Muslim soldiers turned in bloody rebellion on their British overlords. This time of convulsion is the subject of J. G. Farrell's The Siege of Krishnapur, widely considered one of the finest British novels of the last fifty years. Farrell's story is set in an isolated Victorian outpost on the subcontinent. Rumors of strife filter in from afar, and yet the members of the colonial community remain confident of their military and, above all, moral superiority. But when they find themselves under actual siege, the true character of their dominion--at once brutal, blundering, and wistful--is soon revealed. The Siege of Krishnapur is a companion to Troubles, about the Easter 1916 rebellion in Ireland, and The Singapore Grip, which takes place just before World War II, as the sun begins to set upon the British Empire. Together these three novels offer an unequaled picture of the follies of empire.Winner of the Booker Prize.","['Fiction', 'Historical Fiction', 'India', 'War', 'Historical', 'Literature', 'British Literature', 'Literary Fiction', 'Classics', 'Novels']",https://i.gr-assets.com/images/S/compressed.photo.goodreads.com/books/1389053785l/256280.jpg
Thousand Words,Jennifer Brown,"Ashleigh's boyfriend, Kaleb, is about to leave for college, and Ashleigh is worried that he'll forget about her while he's away. So at a legendary end-of-summer pool party, Ashleigh's friends suggest she text him a picture of herself -- sans swimsuit -- to take with him. Before she can talk herself out of it, Ashleigh strides off to the bathroom, snaps a photo in the full-length mirror, and hits ""send."" But when Kaleb and Ashleigh go through a bad breakup, Kaleb takes revenge by forwarding the text to his baseball team. Soon the photo has gone viral, attracting the attention of the school board, the local police, and the media. As her friends and family try to distance themselves from the scandal, Ashleigh feels completely alone -- until she meets Mack while serving her court-ordered community service. Not only does Mack offer a fresh chance at friendship, but he's the one person in town who received the text of Ashleigh's photo -- and didn't look.  Acclaimed author Jennifer Brown brings readers a gripping novel about honesty and betrayal, redemption and friendship, attraction and integrity, as Ashleigh finds that while a picture may be worth a thousand words . . . it doesn't always tell the whole story.","['Young Adult', 'Contemporary', 'Realistic Fiction', 'Romance', 'Fiction', 'Young Adult Contemporary', 'Teen', 'High School', 'Drama', 'Chick Lit']",https://i.gr-assets.com/images/S/compressed.photo.goodreads.com/books/1352312661l/15790870.jpg
The Revenge Of Gaia: Why The Earth Is Fighting Back And How We Can Still Save Humanity,James E. Lovelock,"The key insight of Gaia Theory is that the entire Earth functions as a single living super-organism. But according to James Lovelock, the theory's originator, that organism is now sick. It is running a fever born of increased atmospheric greenhouse gases. Earth will adjust to these stresses, but the human race faces a severe test. It is already too late, Lovelock says, to prevent the global climate from ""flipping"" into an entirely new equilibrium that will threaten civilization as we know it. But we can do much to save humanity. In the tradition of ""Silent Spring,"" this is a call to address a major threat to our collective future.","['Science', 'Nonfiction', 'Environment', 'Climate Change', 'Ecology', 'Philosophy', 'Politics', 'Sustainability', 'Popular Science', 'Biology']",https://i.gr-assets.com/images/S/compressed.photo.goodreads.com/books/1348335570l/2092284.jpg
Chaos Rising,A.J. Butcher,"The members of the Bond team at Deveraux Academy, a special high school that trains students to be secret agents, try to save the world from a deadly computer virus designed by CHAOS to destroy computer programs and human life.","['Young Adult', 'Adventure', 'Espionage', 'Mystery', 'Action', 'Fiction', 'Science Fiction', 'Thriller', 'Teen', 'Childrens']",https://i.gr-assets.com/images/S/compressed.photo.goodreads.com/books/1348719295l/1412302.jpg
Murder of Crows,Anne Bishop,"Return to New York Times best-selling author Anne Bishop’s world of the Others - where supernatural entities and humans struggle to co-exist, and one woman has begun to change all the rules.…After winning the trust of the terra indigene residing in the Lakeside Courtyard, Meg Corbyn has had trouble figuring out what it means to live among them. As a human, Meg should be barely tolerated prey, but her abilities as a cassandra sangue make her something more.The appearance of two addictive drugs has sparked violence between the humans and the Others, resulting in the murder of both species in nearby cities. So when Meg has a dream about blood and black feathers in the snow, Simon Wolfgard - Lakeside’s shape-shifting leader - wonders if their blood prophet dreamed of a past attack or a future threat.As the urge to speak prophecies strikes Meg more frequently, trouble finds its way inside the Courtyard. Now, the Others and the handful of humans residing there must work together to stop the man bent on reclaiming their blood prophet - and stop the danger that threatens to destroy them all.","['Fantasy', 'Urban Fantasy', 'Paranormal', 'Vampires', 'Shapeshifters', 'Adult', 'Werewolves', 'Romance', 'Fiction', 'Magic']",https://i.gr-assets.com/images/S/compressed.photo.goodreads.com/books/1371752568l/17563080.jpg
The Saving Graces,Patricia Gaffney,"Meet The Saving Graces, Four Of The Best Friends A Woman Can Ever Have.For ten years, Emma, Rudy, Lee, and Isabel have shared a deep affection that has helped them deal with the ebb and flow of expectations and disappointments common to us all. Calling themselves the Saving Graces, the quartet is united by understanding, honesty, and acceptance -- a connection that has grown stronger as the years go by...Though these sisters of the heart and soul have seen it all, talked through it all, Emma, Rudy, Lee, and Isabel will not be prepared for a crisis of astounding proportions that will put their love and courage to the ultimate test.","['Fiction', 'Chick Lit', 'Contemporary', 'Romance', 'Womens Fiction', 'Book Club', 'Womens', 'Adult', 'Literature', 'Adult Fiction']",https://i.gr-assets.com/images/S/compressed.photo.goodreads.com/books/1348825877l/130916.jpg
"The Walking Dead, Vol. 2: Miles Behind Us","Robert Kirkman, Charlie Adlard (Illustrator), Cliff Rathburn (Illustrator)","An epidemic of apocalyptic proportions has swept the globe, causing the dead to rise and feed on the living. In a matter of months, society has crumbled: There is no government, no grocery stores, no mail delivery, no cable TV. In a world ruled by the dead, we are forced to finally begin living. This volume follows our band of survivors on their tragic journey in search of shelter. Characters live and die as they brave a treacherous landscape littered with packs of the walking dead.","['Graphic Novels', 'Comics', 'Horror', 'Zombies', 'Fiction', 'Graphic Novels Comics', 'Post Apocalyptic', 'Comic Book', 'Dystopia', 'Science Fiction']",https://i.gr-assets.com/images/S/compressed.photo.goodreads.com/books/1298563748l/138396.jpg
The Singularity is Near: When Humans Transcend Biology,Ray Kurzweil,"For over three decades, Ray Kurzweil has been one of the most respected and provocative advocates of the role of technology in our future. In his classic The Age of Spiritual Machines, he argued that computers would soon rival the full range of human intelligence at its best. Now he examines the next step in this inexorable evolutionary process: the union of human and machine, in which the knowledge and skills embedded in our brains will be combined with the vastly greater capacity, speed, and knowledge-sharing ability of our creations.","['Science', 'Nonfiction', 'Technology', 'Philosophy', 'Futurism', 'Artificial Intelligence', 'Singularity', 'Biology', 'Evolution', 'Popular Science']",https://i.gr-assets.com/images/S/compressed.photo.goodreads.com/books/1348757857l/83518.jpg
The Disappearance,"Geneviève Jurgensen, Adriana Hunter (Translator)","A book of letters to a friend, in which Jurgenson discusses different aspects of her bereavement after her two young daughters are killed in a car accident, The Disappearance combines raw honesty with the solidly balanced craft of the French epistolary novel.","['Nonfiction', 'Memoir', 'Adult', 'France']",https://i.gr-assets.com/images/S/compressed.photo.goodreads.com/books/1223664529l/430996.jpg
Angels Watching Over Me,Michael R. Phillips,"Book 1 of SHENANDOAH SISTERS. Two young Southern girls, one the daughter of a plantation owner and one the daughter of a slave, barely survive the onset of the Civil War and the loss of both their families. When these tragic circumstances bring them together, they join forces to discover if they can make a life for themselves. As their preconceptions give way to experience, they gradually learn to value their contrasting and complementing strengths and skills as they face the formidable task of keeping body and soul together in the aftermath of this devastating war. But is it possible the Lord they have come to know has something bigger in mind for the plantation than either of them can imagine?","['Historical Fiction', 'Christian Fiction', 'Christian', 'Fiction', 'Historical', 'Civil War', 'Christian Historical Fiction', 'Romance', 'Religion', 'Historical Romance']",https://i.gr-assets.com/images/S/compressed.photo.goodreads.com/books/1348618914l/817379.jpg
Stillwell,Michael Phillip Cash,"Paul Russo’s wife just died. While trying to get his family’s life back in order, Paul is being tormented by a demon who is holding his wife's spirit hostage on the other side. His fate is intertwined with an old haunted mansion on the north shore of Long Island called Stillwell Manor. Paul must find clues dating back hundreds of years to set his wife's soul free.","['Horror', 'Paranormal', 'Mystery', 'Fiction', 'Fantasy', 'Ghosts', 'Thriller', 'Adult', 'Demons', 'Romance']",https://i.gr-assets.com/images/S/compressed.photo.goodreads.com/books/1371750813l/18106337.jpg
The Faerie Path,Allan Frewin Jones,"Swept away into a court of magic and beauty, she discovers she is Tania, the lost princess of Faerie: the youngest daughter of Oberon and Titania. Since Tania's mysterious disappearance on the eve of her wedding five hundred years before, Faerie has been sunk in darkness and gloom. The courtly Lord Gabriel Drake, who Tania was once to marry, has found her and brought her back.With Tania's return, Faerie comes alive again as a land of winged children, glittering balls, and fantastic delights. But Tania can't forget Anita's world, or the boy she loved there.Torn between two loves and between two worlds, Tania slowly comes to discover why she disappeared so long ago. She possesses a singular magical ability and she must use it to stop a sinister plan that threatens the entire world of Faerie.","['Fantasy', 'Young Adult', 'Romance', 'Fairies', 'Fae', 'Paranormal', 'Magic', 'Fiction', 'Young Adult Fantasy', 'Teen']",https://i.gr-assets.com/images/S/compressed.photo.goodreads.com/books/1439433083l/501909._SX318_.jpg
Paradise News,David Lodge,"Paradise, tourist style. It's a very long way from home.Bernard Walsh is in Hawaii on family business, escorting his querulous father to the bedside of a long-forgotten aunt. His mission transports him from quiet obscurity in Rummridge, England, to a lush tropical playground, from cloistered solitude into the unfamiliar company of package tourists: honeymooners; young women looking for Mr. Nice; families nuclear and fissile. But it is the island itself that holds the most astonishing surprises, as an accidental encounter opens up to Bernard possibilities of life, and love, never dreamed of in his normally overcast habitat. Paradise News is an enchanting--and very funny--portrait of the late flowering of an honest man.","['Fiction', 'Humor', 'Novels', 'British Literature', 'Contemporary', 'Literature', 'Comedy', '20th Century', 'English Literature', 'Travel']",https://i.gr-assets.com/images/S/compressed.photo.goodreads.com/books/1348313659l/235915.jpg
Eternal Youth,Alexander Williams,"Caroline Owen is in recovery after a mental breakdown. Confined to a hostel, she has to avoid the addicts and strange, oppressive characters lurking in crannies and wandering the hallways.  Getting her life back on track proves difficult as more than past ghosts are coming out of the woodwork. Bad dreams torment her of girls disappearing, girls like her, taken by some ancient evil that will do anything to stay young and beautiful.  Caroline begins to learn that there are far worse things than ghosts lurking in the darkness of the world.","['Horror', 'Fiction', 'Fantasy']",https://i.gr-assets.com/images/S/compressed.photo.goodreads.com/books/1546345633l/43430120._SY475_.jpg
Rachel and Her Children: Homeless Families in America,Jonathan Kozol,"The story that jolted the conscience of the nation when it first appeared in The New YorkerJonathan Kozol is one of America’s most forceful and eloquent observers of the intersection of race, poverty, and education. His books, from the National Book Award–winning Death at an Early Age to his most recent, the critically acclaimed Shame of the Nation, are touchstones of the national conscience. First published in 1988 and based on the months the author spent among America’s homeless, Rachel and Her Children is an unforgettable record of the desperate voices of men, women, and especially children caught up in a nightmarish situation that tears at the hearts of readers. With record numbers of homeless children and adults flooding the nation’s shelters, Rachel and Her Children offers a look at homelessness that resonates even louder today.","['Nonfiction', 'Sociology', 'Poverty', 'Social Justice', 'Education', 'Social Issues', 'Social Work', 'Politics', 'History', 'Society']",https://i.gr-assets.com/images/S/compressed.photo.goodreads.com/books/1388464938l/51539.jpg
"Eyeshield 21, Vol. 4: Intimidation","Riichiro Inagaki, Yusuke Murata (Illustrator)","The Devil Bats face off against the Chamelons--a team of ruthless delinquents. But when fragile Sena goes up against the Chameleon's sinister ace linebacker, who will be intimidating whom?","['Sports', 'Shonen', 'Comedy', 'Comics', 'Fiction', 'Graphic Novels', 'Humor', 'Comics Manga', 'Slice Of Life', 'High School']",https://i.gr-assets.com/images/S/compressed.photo.goodreads.com/books/1347403674l/1385692.jpg
Forget You Had a Daughter,"Sandra Gregory, Michael Tierney","Following two years of living abroad in Thailand, Sandra Gregory suddenly became desperately ill and as her medical bills began to mount, her bank account dwindled. In exchange for $2,000 she agreed to carry 89 grams of heroin to Tokyo for a friend, but before she even boarded the plane she was caught by Bangkok Airport security and ultimately sentenced to 25 years inside the infamous Lard Yao prison. In this shocking account, Sandra details the four and a half years she spent in Thai prison and describes scenes of horrific brutality and suffering. She tells of her daily fight for survival, of the many women who died with no medical care or loved ones around them, and of her acceptance of her guilt and ultimate redemption. Amidst the pain and torture, this honest recollection shows how Sandra fought for survival, and prevailed.","['Nonfiction', 'Biography', 'Travel', 'Memoir', 'Crime', 'Autobiography', 'True Story', 'Biography Memoir', 'True Crime', 'Politics']",https://i.gr-assets.com/images/S/compressed.photo.goodreads.com/books/1288915954l/9608954.jpg
"Jeremy Thatcher, Dragon Hatcher",Bruce Coville,"If Howard Morton and Freddie the Frog Killer were trying to hold you down so that Mary Lou Hutton could kiss you, you might run as fast as Jeremy Thatcher did the day he stumbled into Mr. Elives' Magic Shop. And if you stumbled into that strange shop, you, too, might be asked to make a choice. What would you buy? The Chinese rings? The Skull of Truth? Or the dragon's egg?And if you did buy the dragon's egg, what would you do when you found out you were supposed to hatch it?","['Fantasy', 'Dragons', 'Childrens', 'Fiction', 'Young Adult', 'Middle Grade', 'Magic', 'Adventure', 'Juvenile', 'Urban Fantasy']",https://i.gr-assets.com/images/S/compressed.photo.goodreads.com/books/1178208656l/770614._SX318_.jpg
Time And Eternity: Exploring God's Relationship To Time,William Lane Craig,"Time and Eternity deals with difficult issues in modern physics and brings them into relation with traditional theological doctrines. Craig has done a great work, and it is marvelous that now the philosophy of religion is engaging with the philosophy of science to the great benefit of both.--John R. LucasFellow of Merton College, Oxford University Time and Eternity offers a comprehensive discussion of the problems in the concepts of time and eternity on the basis of an extraordinary familiarity with a vast number of recent contributions to this issue from scientists and philosophers. The argument is subtle and precise. Particularly important are the sections on the impact of the different versions of relativity theory on the concept of time.... The book offers a plausible argument for a realistic conception of temporal process and for God's involvement in the temporal distinctions and processes because of His presence in His creation.--Wolfhart PannenbergProfessor of Systematic TheologyLudwig Maximilliens Universitaet-Muenchen, Germany As a scientist doing theoretical research in gravitational physics and quantum cosmology, I found Dr. Craig's thoughtful book highly interesting. He has carefully given arguments defending several different viewpoints for each of the many issues about time that he discusses, followed by critiques in which he emphasizes his own opinion. Reading Time and Eternity has forced me to develop better arguments for my own opinions (which differ considerably from Craig's).... I am certain that Time and Eternity will also stimulate your thinking about this fascinating subject and your appreciation for the God who created time as part of the marvelous universe He has given us.--Don N. PageProfessor of Physics and Fellow of the Cosmology and Gravitation Program of the Canadian Institute for Advanced ResearchUniversity of Alberta, Edmonton, Alberta, Canada William Lane Craig is one the leading philosophers of religion and one of the leading philosophers of time. In this book, he combines his expertise in these areas to produce an original, erudite, and accessible theory of time and God that will be of great interest to both the general public and scholars. It is a rewarding experience to read through this brilliant and well-researched book by one of the most learned and creative thinkers of our era.--Quentin SmithProfessor of Philosophy, Western Michigan University In Time and Eternity, William Lane Craig defends the remarkable conclusion that ""God is timeless without creation and temporal since creation."" Craig argues his case philosophically by carefully weighing evidence for and against divine temporality and personhood in light of dynamic versus static theories of time and their warrants, in turn, in a Lorentzian interpretation of special relativity and an objective, mind-independent theory of becoming, including fascinating excursions into Big Bang cosmology and the philosophy of mathematics. As the latest in his series of ground-breaking books, Time and Eternity summarizes and extends Craig's previous technical arguments and conveys them to a more general audience. It is a must-read for anyone seriously interested in the problem of time and eternity in Christian philosophy.--Robert RussellProfessor of Theology and ScienceGraduate Theological Union, Berkeley, Calif. The nature of time is a continuing source of puzzlement both to science and in everyday life. It is also an important issue in theological understandings of the nature of God. In this interesting book, Professor Craig tackles this complex set of topics in a clear way. His discussion of the interrelated scientific, philosophical, and theological issues clears up many previous misconceptions and proposes a plausible understanding of the relation of God to time and eternity that many will find helpful.--George EllisProfessor of Mathematics and Applied MathematicsUniversity of Capetown","['Philosophy', 'Theology', 'Science', 'Christianity', 'Religion', 'Nonfiction', 'Physics', 'Faith']",https://i.gr-assets.com/images/S/compressed.photo.goodreads.com/books/1369824398l/1265524.jpg
Hunting Fear,Kay Hooper,"Lucas Jordan has an extraordinary psychic skill that police all over the country find invaluable: he locates missing people. And since being recruited by Noah Bishop for his FBI Special Crimes Unit, Lucas has learned to hone his remarkable ability so that what he does seems little short of miraculous.He's called in on what appear to be a series of ordinary kidnappings-for-ransom, but almost immediately Lucas realizes the situation is far from ordinary -- and more deadly than anything he's ever faced before. Because a brilliant, twisted madman is out to win a sick game, matching his wits against the best hunter he can find: Lucas.From the Hardcover edition.","['Mystery', 'Paranormal', 'Romance', 'Fiction', 'Romantic Suspense', 'Suspense', 'Thriller', 'Mystery Thriller', 'Paranormal Romance', 'Crime']",https://i.gr-assets.com/images/S/compressed.photo.goodreads.com/books/1388283674l/194003.jpg
The Sword in the Stone (Little Golden Book),Carl Memling,,"['Childrens', 'Picture Books', 'Classics', 'Fiction']",https://i.gr-assets.com/images/S/compressed.photo.goodreads.com/books/1342551384l/15756835.jpg
Larceny and Old Lace,Tamar Myers,"For Whom The Bell Pulls Tolls As owner of the Den of Antiquity, recently divorced(but never bitter!) Abigail Timberlake is accustomed to delving into the past, searching for losttreasures, and navigating the cutthroat world of rival dealers at flea marketsand auctions. Still, she never thought she'd be putting her expertise in mayhemand detection to other use -- until crotchety ""junque"" dealer, Abby's aunt Eulonia Wiggins, was found murdered!Although Abigail is puzzled by the instrument of death -- an exquisite antiquebell pull that Aunt Eulonia never would have had the taste to aquire -- she's willing to let the authorities find the culprit. But now, Auntie's priceless lace is missing,and somebody's threatened Abby's most priceless possession: her son, Charlie.It's up to Abby to put the murderer ""on the block.""","['Mystery', 'Cozy Mystery', 'Fiction', 'Humor', 'Mystery Thriller', 'Suspense', 'Adult']",https://i.gr-assets.com/images/S/compressed.photo.goodreads.com/books/1424919387l/905736.jpg
Third Time Lucky,Pippa Croft,"For fans of Sylvia Day and E.L. James, the third and final part of this exciting romance series.'It's Sister Dixon from the Royal Infirmary here. I'm sorry to tell you that Captain Hunt has been involved a serious incident.'It's the start of the Easter holidays and Lauren Cusack should be heading back to Washington before her final term at Wyckham College, Oxford. But this call changes everything. Her relationship with impossibly handsome aristocrat Alexander Hunt has been turbulent, passionate and addictive. Lauren knows she needs to walk away, but as she now rushes to his side she knows she will be sucked back into his world.And sure enough, Alexander - even a seriously injured Alexander - is an intoxicating cocktail Lauren cannot resist and despite everything that is sent to thwart them - and with Alexander there is drama at every turn - she finds herself happier than she's ever been.But as her final term races by, and she is offered the perfect job back in Washington whilst Alexander is tied to his Estate, the impossibility of their romance hits home.The love trials of Lauren and Alexander continue in the third book in Pippa Croft's brilliant new Oxford Blue romance series.","['Romance', 'Contemporary Romance', 'Contemporary', 'Adult', 'College', 'Chick Lit', 'New Adult', 'Drama']",https://i.gr-assets.com/images/S/compressed.photo.goodreads.com/books/1397645650l/21523076.jpg
Tokyo-Montana Express,"Richard Brautigan, Robert Pépin (Translator)","On trouve de tout à bord du Tokyo-Montana express, des restaurants où toutes les serveuses sont choisies par le patron et se ressemblent comme des sosies et d'autres où personne ne vient, un taxi plein de carpes, des chiens errants, la plus petite tempête de neige jamais recensée (à deux flocons) et le plus grand filme érotique du monde (...).Cela tient du haïku et du croquis sur un bout de nappe, du vide-poches et de l'autoportrait de l'artiste en puzzle. Un long bouquet -superbement traduit- de ces feux d'artifice que Baudelaire appelait des ""fusées"". Brautigan y est passé maître, il y a là au moins une douzaine de chefs-d'oeuvre instantanés. Michel Braudeau, L'Express, 1982.","['Fiction', 'Short Stories', 'Poetry', 'Japan', 'Literature', 'Novels', '20th Century', 'American', 'Humor', 'The United States Of America']",https://i.gr-assets.com/images/S/compressed.photo.goodreads.com/books/1166504982l/12574.jpg
"The Hobbit, or There and Back Again",J.R.R. Tolkien,"In a hole in the ground there lived a hobbit. Not a nasty, dirty, wet hole, filled with the ends of worms and an oozy smell, nor yet a dry, bare, sandy hole with nothing in it to sit down on or to eat: it was a hobbit-hole, and that means comfort.Written for J.R.R. Tolkien’s own children, The Hobbit met with instant critical acclaim when it was first published in 1937. Now recognized as a timeless classic, this introduction to the hobbit Bilbo Baggins, the wizard Gandalf, Gollum, and the spectacular world of Middle-earth recounts of the adventures of a reluctant hero, a powerful and dangerous ring, and the cruel dragon Smaug the Magnificent. The text in this 372-page paperback edition is based on that first published in Great Britain by Collins Modern Classics (1998), and includes a note on the text by Douglas A. Anderson (2001).","['Fantasy', 'Classics', 'Fiction', 'Adventure', 'Young Adult', 'Science Fiction Fantasy', 'High Fantasy', 'Childrens', 'Epic Fantasy', 'Novels']",https://i.gr-assets.com/images/S/compressed.photo.goodreads.com/books/1546071216l/5907.jpg
"Ms. Marvel, Vol. 2: Generation Why","G. Willow Wilson (Goodreads Author), Adrian Alphona (Artist), Jacob Wyatt (Artist)","Who is the Inventor, and what does he want with the all-new Ms. Marvel and all her friends? Maybe Wolverine can help! If Kamala can stop fan-girling out about meeting her favorite super hero, that is. Then, Kamala crosses paths with Inhumanity -- by meeting the royal dog, Lockjaw! But why is Lockjaw really with Kamala? As Ms. Marvel discovers more about her past, the Inventor continues to threaten her future. Kamala bands together with some unlikely heroes to stop the maniacal villain before he does real damage, but has she taken on more than she can handle? And how much longer can Ms. Marvel's life take over Kamala Khan's? Kamala Khan continues to prove why she's the best (and most adorable) new super hero there is!Collecting Ms. Marvel(2014) #6-11.","['Comics', 'Graphic Novels', 'Young Adult', 'Marvel', 'Superheroes', 'Graphic Novels Comics', 'Fiction', 'Fantasy', 'Comic Book', 'Science Fiction']",https://i.gr-assets.com/images/S/compressed.photo.goodreads.com/books/1427559332l/23017947.jpg
Recessional,James A. Michener,"MICHENER IS AMERICA'S BEST WRITER.--The Pittsburgh PressIn his stunning new novel, bestselling novelist James A. Michener draws on his unparalleled gift for storytelling, his deep understanding of American society, and his own life experiences to illuminate the challenges of aging and the folly of youth in a Florida retirement home known as the Palms.As the new, young director of the Palms, Andy Zorn suffers no shortage of loving support and wise advice from his elders, a group of five passionate, outspoken residents who refuse to accept the passive roles that both society and family have handed them. Yet past scandal has driven Zorn to despondency, until he meets an extraordinary young woman in the rehab wing, who has been forced to rebuild her life in the face of crippling injuries. Now Zorn finds himself falling in love--and with the help and gentle jabs from his more mature friends, he discovers a wonderful new purpose in life....Michener hooks you with wonderfully humorous scenes. These are then interwoven between the moments of pain and heartache brought about by life choices we all must make.--Tulsa WorldEngaging...One will be drawn into the novelist's world....The lush natural setting provides James Michener plenty to show and tell.--The Washington Times","['Fiction', 'Historical Fiction', 'Novels', 'Contemporary']",https://i.gr-assets.com/images/S/compressed.photo.goodreads.com/books/1387740958l/787194.jpg
The Savage Damsel and the Dwarf,Gerald Morris,"Her castle under siege by an evil knight who keeps beheading all her would-be rescuers, Lady Lynet sets out for help and finds assistance from an odd dwarf named Roger and a scruffy kitchen hand named Beaumains. As the three unlikely companions return to Lynet’s castle, they face surprising adventures, including encounters with the uncanny Squire Terence, his master, Sir Gawain, and the majestic sorceress Morgan. And somewhere along the way, Lynet discovers that people can be much more than they seem.","['Fantasy', 'Young Adult', 'Arthurian', 'Fiction', 'Historical Fiction', 'Adventure', 'Romance', 'Humor', 'Medieval', 'Magic']",https://i.gr-assets.com/images/S/compressed.photo.goodreads.com/books/1443993911l/1103543.jpg
Liza Lou and the Yeller Belly Swamp,Mercer Mayer,"Gruesome creatures galore lurk in Yeller Belly Swamp, but they aren't going to stop plucky Liza Lou from getting her mother's sweet potatoes over to Gramma's place. ""This has a kick-up-your heels quality -- there's never any doubt about who's going to have the last laugh"". -- Booklist.","['Picture Books', 'Childrens', 'Fiction', 'African American', 'Juvenile', 'Fantasy', 'Cultural', 'Humor', 'Southern', 'Monsters']",https://i.gr-assets.com/images/S/compressed.photo.goodreads.com/books/1281449786l/257070.jpg
The Affinity Bridge,George Mann,"Welcome to the bizarre and dangerous world of Victorian London, a city teetering on the edge of revolution. Its people are ushering in a new era of technology, dazzled each day by new inventions. Airships soar in the skies over the city, whilst ground trains rumble through the streets and clockwork automatons are programmed to carry out menial tasks in the offices of lawyers, policemen and journalists. But beneath this shiny veneer of progress lurks a sinister side. For this is also a world where ghostly policemen haunt the fog-laden alleyways of Whitechapel, where cadavers can rise from the dead and where Sir Maurice Newbury, Gentleman Investigator for the Crown, works tirelessly to protect the Empire from her foes. When an airship crashes in mysterious circumstances, Sir Maurice and his recently appointed assistant Miss Veronica Hobbes are called in to investigate. Meanwhile, Scotland Yard is baffled by a spate of grisly murders and a terrifying plague is ravaging the slums of the city. So begins an adventure quite unlike any other, a thrilling steampunk mystery and the first in the series of ""Newbury & Hobbes"" investigations.","['Mystery', 'Fiction', 'Science Fiction', 'Historical Fiction', 'Steampunk', 'Alternate History', 'Zombies', 'Fantasy', 'Science Fiction Fantasy', 'Adventure']",https://i.gr-assets.com/images/S/compressed.photo.goodreads.com/books/1348421888l/3472342.jpg
"Love Your Life: Living Happy, Healthy and Whole",Victoria Osteen,"Do you ever feel like your life is moving at the speed of light? Are you constantly trying to keep up with all of your commitments and responsibilities? In this day and age when modern communication and technology cause our lives to move faster than ever, many people struggle to strike a balance between all the segments of their lives -- family, friends, career, social obligations, and self.As co-pastor of Lakewood Church -- America's largest church -- Victoria Osteen understands intimately how day-to-day responsibilities can pile up and at times feel overwhelming. As a wife and mother, she sets the tone for her household and acts as a role model for her family. As a minister, she reaches out to an enormous community of people who look to her for guidance, strength, wisdom, and encouragement. She knows as well as anyone that operating in so many different roles can be extremely demanding, yet she has managed to find balance, living her life in the unforced rhythms of grace. If you ask her, she'll tell you that she loves her life and she wants you to love your life, too.No matter where you are in your life, no matter what responsibilities you may carry, you can find peace, balance, and enjoyment in every area of your life; but it all starts with you. You have more power inside you than you realize; all you have to do is learn to tap into what you already have! As you begin to recognize your own abilities and influence, and use them in healthy ways, all the other areas of your life will fall into order.In ""Love Your Life, "" Victoria shares from her personal life experiences and her journey of faith the lessons she's learned that have made her the woman she is today. As you read, you'll feel like you're in a conversation with a trusted friend as Victoria shows you how to tap into all that God has given you to live effectively -- as a positive influence on the world around you. You'll be inspired by stories of victory and challenged to live at a higher level. You'll read about people who have accomplished incredible things by overcoming their fears, and people who have changed the world around them by simply recognizing their own value.A life well lived does not come easily; you have to set out for it, look for it, and make it happen. ""Love Your Life"" shows how to turn the challenges of each day into opportunities to love and appreciate all that you are.","['Christian', 'Self Help', 'Nonfiction', 'Inspirational', 'Faith', 'Spirituality', 'Religion', 'Christian Non Fiction', 'Relationships', 'Christian Living']",https://i.gr-assets.com/images/S/compressed.photo.goodreads.com/books/1428672900l/4185796.jpg
LaBrava,Elmore Leonard,"Photographer Joe LaBrava specialises in capturing the soul of Miami's street life & since he used to do dirty jobs for the government, he understands his subject very well. So when his friend Maury enlists his help to sort out a problem with an ex-film star, Joe is more than happy to help.","['Fiction', 'Mystery', 'Crime', 'Thriller', 'Mystery Thriller', 'Novels', 'Suspense', 'Noir', 'Contemporary', 'Adult']",https://i.gr-assets.com/images/S/compressed.photo.goodreads.com/books/1347694793l/288989.jpg
The Royal Family,William T. Vollmann,"A magnificent new novel from a writer whose books, ""tower over the work of his contemporaries by virtue of their enormous range, huge ambition, stylistic daring, wide learning, audacious innovation, and sardonic wit."" (The Washington Post)In The Royal Family, William T. Vollmann uses the story of two brothers to construct a haunting series of parallels between the lives of the dispossessed and the anxious middle class. Henry Tyler is a failing private detective in San Francisco. When the love of his life, Irene--who happens to be married to his brother John, an ambitious contract lawyer--commits suicide, he clings despairingly to her ghost. Struggling to turn his grief into something precious, Henry enters into a new life of nightmare beauty and degradation as he attempts to track down the legendary Queen of the Prostitutes.Crafted out of language by turns eloquent, humorous, sensual, and obscene, and full of vividly rendered depictions of low-life bars, office politics, and hobo camps, here are Vollmann's familiar but ever surprising characters--the seekers, the vigilantes, the hypocrites, the street prostitutes. He has woven their stories into a vivid and unforgettable novel about the eerie paradoxes of possession and loss.","['Fiction', 'Contemporary', 'Novels', 'American', 'Crime', 'Mystery', 'The United States Of America', 'Literature', 'Science Fiction', 'Literary Fiction']",https://i.gr-assets.com/images/S/compressed.photo.goodreads.com/books/1386921561l/45632.jpg
The Warrior's Princess,Barbara Erskine,"Jess, a young teacher in London, is attacked by someone she fears knows her well. Fleeing to her sister's house in the Welsh borders to recuperate, she is disturbed by the cries of a mysterious child. Two thousand years before, the same valley is the site of a great battle between Caractacus, king of the mighty Catuvellauni tribe, and the invading Romans. The proud king is captured and taken as a prisoner to Rome with his wife and daughter, the princess Eigon. Jess is inexorably drawn to investigate Eigon's story, and as the Welsh cottage is no longer a peaceful sanctuary she determines to visit Rome. There lie the connections that will reveal Eigon's astonishing life - and which threaten to reawaken Jess's own tormentor.Barbara Erskine's ability to weave together the past and the present, shedding light on a real but little-known figure, makes this a tremendous novel of Roman and Celtic history, passion and intrigue.","['Historical Fiction', 'Historical', 'Fantasy', 'Fiction', 'Time Travel', 'Supernatural', 'Paranormal', 'Romance', 'Thriller', 'Mystery']",https://i.gr-assets.com/images/S/compressed.photo.goodreads.com/books/1332462498l/4545718.jpg
Doctor Who: Storm Harvest,"Robert Perry, Mike Tucker","Years after the extinction of its indigenous races, the sea-world of Coralee is populated by human and dolphin colonists. They are ignorant of what caused the original population to die out, but tales of vicious monsters proliferate.An underwater massacre makes the Doctor and Ace wonder if one aspect of the legends, the acquatic Krill, might be real after all -- and if so, if they are as deadly as the stories say.","['Doctor Who', 'Science Fiction', 'Fiction', 'Doctors', 'Media Tie In']",https://i.gr-assets.com/images/S/compressed.photo.goodreads.com/books/1206807456l/474777.jpg
Perang Eropa Jilid III,P.K. Ojong,"Buku Perang Eropa jilid III ini dimulai dengan kisah pendaratan Sekutu di Pantai Normandia, Perancis, 6 Juni 1944, yang dikenal dengan nama D-Day, dan ditutup dengan menyerahnya Jerman Nazi pada awal Mei 1945.Dalam buku ini ditampilkan ilustrasi mengenai para prajurit dari berbagai negara yang terlibat dalam PD II, dalam halaman full color. Perang Dunia II yang merupakan peperangan terbesar dalam sejarah umat manusia.Dengan munculnya jilid ketiga ini, berarti lengkap sudahlah karya P.K. Ojong mengenai sejarah Perang Dunia II yang dibukukan kembali oleh Penerbit Buku Kompas yang terdiri dari tiga jilid Perang Eropa dan satu jilid Perang Pasifik.","['History', 'Nonfiction', 'Indonesian Literature']",https://i.gr-assets.com/images/S/compressed.photo.goodreads.com/books/1569512325l/1387640._SX318_.jpg
The Boys of My Youth,Jo Ann Beard,"Rarely does the debut of a new writer garner such attention & acclaim. The excitement began the moment ""The Fourth State of Matter,"" one of the fourteen extraordinary personal narratives in this book, appeared in the pages of The New Yorker. It increased when the author received a prestigious Whiting Foundation Award in November 1997, & it continued as the hardcover edition of The Boys of My Youth sold out its first printing even before publication. The author writes with perfect pitch as she takes us through one woman's life -- from childhood to marriage & beyond -- & memorably captures the collision of youthful longing & the hard intransigences of time & fate.","['Memoir', 'Essays', 'Nonfiction', 'Short Stories', 'Biography Memoir', 'Autobiography', 'Contemporary', 'Biography', 'Womens', 'Writing']",https://i.gr-assets.com/images/S/compressed.photo.goodreads.com/books/1440712397l/202372._SY475_.jpg
The Great Man,Kate Christensen,"Winner of the PEN/Faulkner Award for Fiction Oscar Feldman, the renowned figurative painter, has passed away. As his obituary notes, Oscar is survived by his wife, Abigail, their son, Ethan, and his sister, the well-known abstract painter Maxine Feldman. What the obituary does not note, however, is that Oscar is also survived by his longtime mistress, Teddy St. Cloud, and their daughters. As two biographers interview the women in an attempt to set the record straight, the open secret of his affair reaches a boiling point and a devastating skeleton threatens to come to light. From the acclaimed author of The Epicure's Lament, a scintillating novel of secrets, love, and legacy in the New York art world.","['Fiction', 'Art', 'Novels', 'Contemporary', 'Literary Fiction', 'Womens', 'Book Club', 'Adult Fiction', 'Adult', 'New York']",https://i.gr-assets.com/images/S/compressed.photo.goodreads.com/books/1320545934l/2233479.jpg
The Siege of Macindaw,John Flanagan,"Now a full-fledged Ranger, Will must rescue his friend Alyss from a rogue knight and uncover vital information needed to ward off a Scotti invasion.","['Fantasy', 'Young Adult', 'Adventure', 'Fiction', 'Middle Grade', 'Action', 'Medieval', 'Teen', 'Young Adult Fantasy', 'High Fantasy']",https://i.gr-assets.com/images/S/compressed.photo.goodreads.com/books/1327445821l/1814843.jpg
2005 - Thanks for the Vodka,"Harpie, Karl Wiggins (Goodreads Author)",,"['Mental Health', 'Memoir', 'Mental Illness']",https://i.gr-assets.com/images/S/compressed.photo.goodreads.com/books/1468271460l/30992254._SY475_.jpg
Bøvl med bandagerne,Dennis Jürgensen,"2t 40mFor femte og sidste gang står der problemer på menuen for Neanderslottets beboere. Eller det vil sige tidligere beboere, for fundamentet er sunket sammen, og slottet ligger under vand. Samtidig er Mummy ved at tabe sine sidste bandager. Hvis han mister dem alle, dør han (igen). Staklen fryser nu så seriøst, at han skal have hjælp hurtigt. Heldigvis er Freddy med på den med det samme, så turen går til Egypten efter de originale bandager til Mummy. Efter en længere kamp lykkedes det da også for selskabet at komme frem til pyramiderne, og her viser Mummy hidtil ukendte sider af sig selv. Hans omtågede sind klarer op, og han viser sig som en uvurderlig hjælp, da de forvilder sig ind i den dødsensfarlige pyramide. Han er dog ikke så klar i hovedet, at det ikke lykkedes selskabet at blive spredt for alle vinde i det labyrintiske indre.","['Fantasy', 'Danish', 'Childrens', 'Fiction', 'Audiobook', 'Humor', 'Vampires', 'Monsters', 'Werewolves', 'Denmark']",https://i.gr-assets.com/images/S/compressed.photo.goodreads.com/books/1258997411l/7187899.jpg
Big Chief Elizabeth: The Adventures and Fate of the First English Colonists in America,Giles Milton,"In April 1586, Queen Elizabeth I acquired a new and exotic title. A tribe of Native Americans had made her their weroanza—a word that meant ""big chief"". The news was received with great joy, both by the Queen and her favorite, Sir Walter Ralegh. His first American expedition had brought back a captive, Manteo, who caused a sensation in Elizabethan London. In 1587, Manteo was returned to his homeland as Lord and Governor, with more than one hundred English men, women, and children. In 1590, a supply ship arrived at the colony to discover that the settlers had vanished.For almost twenty years the fate of Ralegh's colonists was to remain a mystery. When a new wave of settlers sailed to America to found Jamestown, their efforts to locate the lost colony were frustrated by the mighty chieftain, Powhatan, father of , who vowed to drive the English out of America. Only when it was too late did the settlers discover the incredible news that Ralegh's colonists had survived in the forests for almost two decades before being slaughtered in cold blood by henchmen. While Sir Walter Ralegh's ""savage"" had played a pivotal role in establishing the first English settlement in America, he had also unwittingly contributed to one of the earliest chapters in the decimation of the Native American population. The mystery of what happened to these colonists who seemed to vanish without a trace lies at the heart of this well-researched work of narrative history.","['History', 'Nonfiction', 'American History', 'Biography', 'The United States Of America', 'Tudor Period', 'Historical', 'Adventure', '16th Century', 'British Literature']",https://i.gr-assets.com/images/S/compressed.photo.goodreads.com/books/1311984369l/518853.jpg
Aunt Dimity and the Duke,Nancy Atherton,"Emma Porter is forty, fat, frumpy, and a passionate amateur gardener. When her longtime lover dumps her for a younger woman, Emma escapes the cloying sympathy of family and friends by setting out on a summer-long driving tour of England's glorious gardens. A Dimity-contrived coincidence brings her to Penford Hall, a sprawling Gothic mansion in Cornwall, where she finds a duke in search of a missing lantern with extraordinary powers. Suspecting there's more than one mystery to be solved at Penford Hall, Emma accepts the duke's invitation to stay on and restore the once glorious chapel garden to its former beauty. The dark rumors surrounding a rock star and the near-death of the duke's beautiful cousin confirm Emma's suspicions, and set her--with Aunt Dimity's ghostly guidance--on the path to Penford Hall's secrets and the pleasure of unexpected love.","['Mystery', 'Cozy Mystery', 'Fiction', 'Romance', 'Paranormal', 'British Literature', 'Mystery Thriller', 'Fantasy', 'Supernatural', 'Adult Fiction']",https://i.gr-assets.com/images/S/compressed.photo.goodreads.com/books/1403918574l/511263.jpg
Dina's Book,Herbjørg Wassmo,"On the scale of Gone with the Wind and War and Peace, this grand, sweeping epic will enthrall readers just as Dina bewitches everyone she meets.Set in Norway in the mid-nineteenth century, Dina's Book presents an extraordinary heroine. Beautiful, eccentric, and tempestuous, Dina carries a terrible burden: at the age of five she accidentally causes her mother's death. Blamed by her father and banished to a farm, she grows up untamed and untaught. Nobody leads the child through her grief, and the accident remains a gruesome riddle of death. Her guilt becomes her obsession: her unforgiving mother haunts her every day.After several years of exile, and at the insistence of the local pastor, her father takes Dina back. By now she has become like a wolf cub. Her father has remarried, to a younger woman whom she detests, and a strict discipline begins. A tutor is brought in; coarse language is replaced by polite conversation, climbing to the top of the trees by music. But the efforts have little effect. Private and closely guarded, Dina nonetheless is able to manipulate those around her, while her unconventional behavior and erotic power both enchant and ensnare.At sixteen Dina is married off to wealthy fifty-year-old landowner Jacob, a friend of her father who has fallen completely under her spell. Jacob dies under mysterious circumstances, and Dina becomes mute. When finally she emerges from her trauma, she runs Jacob's estate with an iron hand. But still Dina wrestles with her two unappeased ghosts: Jacob and her mother. Until one day a mysterious stranger, the Russian wanderer Leo, enters her life and changes it forever.","['Fiction', 'Historical Fiction', 'Scandinavian Literature', 'Historical', 'Novels', 'Romance', 'Literature', 'Roman', 'Classics', 'Contemporary']",https://i.gr-assets.com/images/S/compressed.photo.goodreads.com/books/1459977507l/1691271.jpg
Constantinople,Edmondo de Amicis,"This work has been selected by scholars as being culturally important, and is part of the knowledge base of civilization as we know it. This work was reproduced from the original artifact, and remains as true to the original work as possible. Therefore, you will see the original copyright references, library stamps (as most of these works have been housed in our most important libraries around the world), and other notations in the work. This work is in the public domain in the United States of America, and possibly other nations. Within the United States, you may freely copy and distribute this work, as no entity (individual or corporate) has a copyright on the body of the work.As a reproduction of a historical artifact, this work may contain missing or blurred pages, poor pictures, errant marks, etc. Scholars believe, and we concur, that this work is important enough to be preserved, reproduced, and made generally available to the public. We appreciate your support of the preservation process, and thank you for being an important part of keeping this knowledge alive and relevant.","['Travel', 'History', 'Nonfiction', 'Italian Literature']",https://i.gr-assets.com/images/S/compressed.photo.goodreads.com/books/1183500022l/1427029._SY475_.jpg
Retribution,Jilliane Hoffman,C.J. Townsend is a brilliant prosecutor known for keeping her cool even when trying the most horrific cases. The latest: an accused serial killer who savors cruelty and considers murder an art. But this case is different. C.J. recognizes the suspect. She knows what he's capable of. After all these years she still has the nightmares to prove it. Now she's walking a fine line between justice and revenge. Even C.J. isn't prepared for where it will take her.,"['Thriller', 'Crime', 'Mystery', 'Fiction', 'Suspense', 'Mystery Thriller', 'Legal Thriller', 'Romance', 'Adult', 'Roman']",https://i.gr-assets.com/images/S/compressed.photo.goodreads.com/books/1375371701l/90334.jpg
The Murders in the Rue Morgue,Edgar Allan Poe,"The Murders in the Rue Morgue is a short story by Edgar Allan Poe published in Graham's Magazine in 1841. It has been recognized as the first modern detective story; Poe referred to it as one of his ""tales of ratiocination"".","['Classics', 'Mystery', 'Short Stories', 'Fiction', 'Horror', 'Crime', 'Gothic', 'Detective', '19th Century', 'American']",https://i.gr-assets.com/images/S/compressed.photo.goodreads.com/books/1409105459l/3301759.jpg
Dorsai!,Gordon R. Dickson,"aka The Genetic GeneralThroughout the Fourteen Worlds of humanity, no race is as feared and respected as the Dorsai. The ultimate warriors, they are known for their deadly rages, unbreakable honor, and fierce independence. No man rules the Dorsai, but their mastery of the art of war has made them the most valuable mercenaries in the known universe. Donal Graeme is Dorsai, taller and harder than any ordinary man. But he is different as well, with talents that maze even his fellow Dorsai. And once he ventures out into the stars, the future will never be the same.","['Science Fiction', 'Fiction', 'Military Fiction', 'Military Science Fiction', 'Space Opera', 'Science Fiction Fantasy', 'Fantasy', 'Space', 'War', 'Classics']",https://i.gr-assets.com/images/S/compressed.photo.goodreads.com/books/1389845085l/263111.jpg
"Then They Came for Me: A Family's Story of Love, Captivity, and Survival",Maziar Bahari,"The Basis for the Major Motion Picture Rosewater, Directed By Jon StewartWhen Maziar Bahari left London in June 2009 to cover Iran’s presidential election, he assured his pregnant fiancée, Paola, that he’d be back in just a few days, a week at most. Little did he know, as he kissed her good-bye, that he would spend the next three months in Iran’s most notorious prison, enduring brutal interrogation sessions at the hands of a man he knew only by his smell: Rosewater.For the Bahari family, wars, coups, and revolutions are not distant concepts but intimate realities they have suffered for generations: Maziar’s father was imprisoned by the shah in the 1950s, and his sister by Ayatollah Khomeini in the 1980s. Alone in his cell at Evin Prison, fearing the worst, Maziar draws strength from his memories of the courage of his father and sister in the face of torture, and hears their voices speaking to him across the years. He dreams of being with Paola in London, and imagines all that she and his rambunctious, resilient eighty-four-year-old mother must be doing to campaign for his release. During the worst of his encounters with Rosewater, he silently repeats the names of his loved ones, calling on their strength and love to protect him and praying he will be released in time for the birth of his first child.A riveting, heart-wrenching memoir, Then They Came for Me offers insight into the past seventy years of regime change in Iran, as well as the future of a country where the democratic impulses of the youth continually clash with a government that becomes more totalitarian with each passing day. An intimate and fascinating account of contemporary Iran, it is also the moving and wonderfully written story of one family’s extraordinary courage in the face of repression.","['Nonfiction', 'Memoir', 'Biography', 'History', 'Politics', 'Iran', 'Biography Memoir', 'Autobiography', 'Journalism', 'Audiobook']",https://i.gr-assets.com/images/S/compressed.photo.goodreads.com/books/1320560137l/11500827.jpg
Tim Burton's The Nightmare Before Christmas,Tim Burton,"This Barnes and Noble Exclusive Edition of Tim Burton's beloved picture book The Nightmare Before Christmas Tim Burton features an all-new jacket. This beautifully illustrated edition also includes an animated DVD of Tim Burton's original poem The Nightmare Before Christmas, narrated by actor Christopher Lee.In this beloved picture book that could only come from the visionary mind of author and illustrator TIM BURTON, we meet Jack Skellington-- a well-intentioned inhabitant of Halloweenland. Jack is bored of ""the scaring, the terror, the fright...tired of being something that goes bump in the night"". And so, in an effort to bring to joy to his town, Jack kidnaps Santa and takes his place as the jolly old elf. But instead of bringing joy to the world Jack, who is a little more than a grinning skeleton, brings fear by delivering creepy toys and riding a sleigh carried by skeletal reindeer. Only through a number of things going horribly wrong does Jack learn the true meaning of Christmas.","['Christmas', 'Picture Books', 'Fantasy', 'Childrens', 'Fiction', 'Poetry', 'Halloween', 'Holiday', 'Graphic Novels', 'Classics']",https://i.gr-assets.com/images/S/compressed.photo.goodreads.com/books/1447575752l/27832513._SX318_.jpg
Tarzan of the Apes,Edgar Rice Burroughs,"Tarzan of the Apes is a novel written by Edgar Rice Burroughs, the first in a series of books about the title character Tarzan. It was first published in the pulp magazine All-Story Magazine in October, 1912. The character was so popular that Burroughs continued the series into the 1940s with two dozen sequels.","['Classics', 'Fiction', 'Adventure', 'Fantasy', 'Africa', 'Pulp', 'Science Fiction', 'Action', 'Novels', 'Literature']",https://i.gr-assets.com/images/S/compressed.photo.goodreads.com/books/1349074111l/40425.jpg
"The Life and Death of Mr. Badman (Updated, Illustrated): An Analysis of a Wicked Man's Life, as a Warning for Others",John Bunyan,"Horror has taken hold upon me because of the wicked that forsake thy law – Psalm 119:53  Updated, Modern English. Illustrated.  The life of Mr. Badman forms a third part to The Pilgrim’s Progress, but it is not a delightful pilgrimage to heaven. On the contrary, it is a wretched downward journey to the infernal realms. The author’s goal is to warn poor, thoughtless sinners, not with smooth words they can ignore, but with words that thunder against their consciences regarding the danger of their souls and the increasing wretchedness into which they are madly hurrying. The one who is in imminent but unseen danger will bless the warning voice if it reaches his ears, however rough and startling it sounds.  The life of Badman was written in an age when abandonment of moral principles, vice, gluttony, intemperance, habitual lewdness, and the excessive unlawful indulgence of lust marched like a ravaging army through our land, headed by the king, along with officers from his polluted peers. Are we not seeing the same thing, in every way? It is as if this book was written for us who are alive today.  About the Author John Bunyan was born in November 1628, in Elstow, England. A celebrated English minister and preacher, he wrote The Pilgrim’s Progress (1678), the book that was the most characteristic expression of the Puritan religious outlook. His other works include doctrinal and controversial writings; a spiritual autobiography, Grace Abounding (1666); and the allegory, The Holy War (1682).","['Classics', 'Fiction', 'Christian', 'Christian Fiction', 'Religion', 'Faith']",https://i.gr-assets.com/images/S/compressed.photo.goodreads.com/books/1509592648l/36519653._SX318_.jpg
Deep Green: Color Me Jealous,Melody Carlson,"Jordan Ferguson and Shawna Frye became good friends when Jordan made cheerleader. But when Timothy suddenly dumps Shawna to start seeing Jordan, rumors fly. Shawna gets her revenge, first by smearing Jordan's reputation, then by tempting Timothy with an offer he can't refuse. Jordan feels absolutely green with envy--so much so that she considers doing everything in her power to get Tim back. Everything. This second book in the teen fiction series TrueColors deals with jealousy and relationships. Includes discussion questions.","['Christian', 'Christian Fiction', 'Young Adult', 'Fiction', 'Contemporary', 'Realistic Fiction', 'Teen', 'High School', 'Romance', 'Religion']",https://i.gr-assets.com/images/S/compressed.photo.goodreads.com/books/1388640181l/503773.jpg
"Breaking Night: A Memoir of Forgiveness, Survival, and My Journey from Homeless to Harvard",Liz Murray,"In the vein of The Glass Castle, Breaking Night is the stunning memoir of a young woman who at age fifteen was living on the streets, and who eventually made it into Harvard. Liz Murray was born to loving but drug-addicted parents in the Bronx. In school she was taunted for her dirty clothing and lice-infested hair, eventually skipping so many classes that she was put into a girls' home. At age fifteen, when her family finally unraveled, Murray found herself on the streets. She learned to scrape by, foraging for food and riding subways all night to have a warm place to sleep. Eventually, Murray decided to take control of her own destiny and go back to high school, often completing her assignments in the hallways and subway stations where she slept. She squeezed four years of high school into two, while homeless; won a New York Times scholarship; and made it into the Ivy League. Breaking Night is an unforgettable and beautifully written story of one young woman's indomitable spirit to survive and prevail, against all odds.","['Nonfiction', 'Memoir', 'Biography', 'Autobiography', 'Biography Memoir', 'Inspirational', 'Adult', 'Social Work', 'Book Club', 'Coming Of Age']",https://i.gr-assets.com/images/S/compressed.photo.goodreads.com/books/1442723929l/1432370._SX318_.jpg
A Happy Death,"Albert Camus, Richard Howard (Translator), Jean Sarocchi (Afterword & Notes)","Is it possible to die a happy death? This is the central question of Camus's astonishing early novel, published posthumously and greeted as a major literary event. It tells the story of a young Algerian, Mersault, who defies society's rules by committing a murder and escaping punishment, then experimenting with different ways of life and finally dying a happy man. In many ways A Happy Death is a fascinating first sketch for The Outsider, but it can also be seen as a candid self-portrait, drawing on Camus's memories of his youth, travels, and early relationships. It is infused with lyrical descriptions of the sun-drenched Algiers of his childhood - the place where, eventually, Mersault is able to find peace and die 'without anger, without hatred, without regret'.","['Fiction', 'Philosophy', 'Classics', 'France', 'Literature', 'French Literature', 'Novels', 'Nobel Prize', '20th Century', 'Literary Fiction']",https://i.gr-assets.com/images/S/compressed.photo.goodreads.com/books/1348556147l/15682.jpg
The Man,Irving Wallace,"The time is 1964. The place is the Cabinet Room of the White House. An unexpected accident and the law of succession have just made Douglass Dilman the first black President of the United States.This is the theme of what was surely one of the most provocative novels of the 1960s. It takes the reader into the storm center of the presidency, where Dilman, until now an almost unknown senator, must bear the weight of three burdens: his office, his race, and his private life.From beginning to end, The Man is a novel of swift and tremendous drama, as President Dilman attempts to uphold his oath in the face of international crises, domestic dissension, violence, scandal, and ferocious hostility. Push comes to shove in a breathtaking climax, played out in the full glare of publicity, when the Senate of the United States meets for the first time in one hundred years to impeach the President.","['Fiction', 'Thriller', 'Politics', 'Novels', 'Historical Fiction', 'Romance', 'Mystery', 'Literature', 'African American', 'Classics']",https://i.gr-assets.com/images/S/compressed.photo.goodreads.com/books/1387751474l/551932.jpg
The Moon by Night,"Lynn Morris, Gilbert Morris",Book 2 of Cheney and Shiloh: The Inheritance. Cheney and Shiloh Irons-Winslow return to New York from their honeymoon and enthusiastically begin work???Shiloh at Winslow Brothers Shipping and Cheney in her medical career. But their tranquility is shattered when Cheney discovers that a young doctor she hired as an assistant hides a scandal in his past and possibly murder in his heart! Danger and plot twists abound as the Morrises pen yet another thrilling chapter in the continuing saga of the much-loved Cheney and Shiloh. Sequel to Where to Seas Met.,"['Christian Fiction', 'Historical Fiction', 'Christian', 'Fiction', 'Romance', 'Adult Fiction', 'Christian Romance', 'Historical']",https://i.gr-assets.com/images/S/compressed.photo.goodreads.com/books/1388257465l/248890.jpg
Before You Meet Prince Charming: A Guide to Radiant Purity,Sarah Mally,"Companion Book: Before You Meet Prince Charming: A Guide to Radiant Purity, Study GuideA young lady who is pure will shine with a radiant brightness in this world of darkness. How can a young lady stay physically and emotionally pure as she waits for God s best in marriage? This guide to radiant purity combines the thoughts and events in the life of a young princess with solid, clear teaching of Biblical convictions that young ladies today need to grasp. Through a captivating fairy tale, modern day examples, practical instruction and abundant humor, Sarah Mally challenges young ladies to turn to the Lord for fulfillment, to guard their hearts and minds, to identify and avoid the world s thinking and to shine brightly in this generation. This book offers Biblical answers to everyday questions and deep life struggles. It deals with many practical topics such as being wise in internet usage, dealing with crush, and building strong relationships with parents. Sarah Mally is a bright light in our day. Nancy Leigh DeMoss, Author, Host of Revive Our Hearts Radio ""Before You Meet Prince Charming is a must read for every girl! Each of us sisters have been greatly encouraged through Sarah's challenging and easy to understand book."" -Jana, Jill, Jessa, Jinger & Joy Duggar Sarah Mally is like a loving big sis to a generation of girls whose perceptions of love and romance have been seriously distorted by a culture intent on breaking their hearts. Before You Meet Prince Charming answers the big questions in a friendly, honest, and light-hearted fashion. We are adding it to our courtship reading list with pleasure. Dr. Jeff and Danielle Myers, President of Summit Ministries A sweet and delightfully humorous story . . . Creatively accomplished and very helpful. Gregg Harris""","['Christian', 'Nonfiction', 'Christianity', 'Christian Living', 'Parenting', 'Faith', 'Relationships', 'Christian Non Fiction', 'Romance', 'Self Help']",https://i.gr-assets.com/images/S/compressed.photo.goodreads.com/books/1347363135l/671856.jpg
The Silk Roads: A New History of the World,Peter Frankopan,"For centuries, fame and fortune were to be found in the west – in the New World of the Americas. Today, it is the east which calls out to those in search of riches and adventure. Sweeping right across Central Asia and deep into China and India, a region that once took centre stage is again rising to dominate global politics, commerce and culture.A major reassessment of world history, The Silk Roads is a dazzling exploration of the forces that have driven the rise and fall of empires, determined the flow of ideas and goods and are now heralding a new dawn in international affairs.","['History', 'Nonfiction', 'Asia', 'World History', 'Politics', 'Historical', 'China', 'Economics', 'Audiobook', 'Travel']",https://i.gr-assets.com/images/S/compressed.photo.goodreads.com/books/1472636067l/25812847._SY475_.jpg
The Myths We Live By,Mary Midgley,"Mary Midgley argues in her powerful new book that far from being the opposite of science, myth is a central part of it. In brilliant prose, she claims that myths are neither lies nor mere stories but a network of powerful symbols that suggest particular ways of interpreting the world.","['Philosophy', 'Nonfiction', 'Science', 'Mythology', 'Psychology', 'Theory', 'Anthropology', '21st Century', 'Evolution', 'Sociology']",https://i.gr-assets.com/images/S/compressed.photo.goodreads.com/books/1347415942l/168414.jpg
The Book of Daniel,E.L. Doctorow,"As Cold War hysteria inflames America, FBI agents knock on the Bronx apartment door of a Communist man and his wife. After a highly controversial trial, the couple go to the electric chair for treason despite worldwide protests. Decades later their son, Daniel, grown to young manhood, tries to make sense of their lives and deaths - and their legacy to him. Like millions of other Americans, he is attempting to reconcile an America based on the highest human ideals with the tragedy of his parents. This is the framework for E.L. Doctorow's dazzling masterpiece, as he fictionalizes an actual social and political drama to create an intensely moving, searching, and illuminating tale of two decades, two generations, and a troubled legacy of passion and purpose, martyrdom and meaning.","['Fiction', 'Historical Fiction', 'Novels', 'Literature', 'Literary Fiction', 'Classics', 'American', '20th Century', 'Contemporary', 'The United States Of America']",https://i.gr-assets.com/images/S/compressed.photo.goodreads.com/books/1174516442l/411761._SY475_.jpg
Blood Ties,Sophie McKenzie (Goodreads Author),"A gripping thriller from the Richard and Judy award-winning author of Girl, Missing, Sophie McKenzie.When Theo discovers the father he thought died when he was a baby is still alive, he's determined to find him. The clues lead him to the lonely Rachel, who has problems of her own, including parents who compare her unfavourably to her long-dead sister. But when Rachel and Theo are attacked by men from RAGE - the Righteous Army against Genetic Engineering - at Rachel's school disco, they are rescued by strangers and taken to meet a mysterious figure. There, they both make some startling discoveries about their identities, which will affect their past, present, and future in dramatic and life-altering ways...","['Young Adult', 'Mystery', 'Romance', 'Thriller', 'Science Fiction', 'Childrens', 'Fiction', 'Teen', 'Action', 'Adventure']",https://i.gr-assets.com/images/S/compressed.photo.goodreads.com/books/1327927455l/2149388.jpg
On the Genealogy of Morals / Ecce Homo,"Friedrich Nietzsche, Walter Kaufmann (translator), R.J. Hollingdale (Translator)","The Genealogy of Morals consists of three essays exploring morality and its origins where Nietzsche makes ample use of his training as a philologist. These works contain Nietzsche's most thorough and clear expression of his psychological philosophy. This edition includes Ecce Homo, Nietzsche's review of his life and works, with the exception of The Antichrist. These two books are compiled, translated and annotated by renowned Nietzsche scholar Walter Kaufmann.","['Philosophy', 'Nonfiction', 'Classics', 'German Literature', 'Theory', 'College', 'Psychology', 'Religion', 'History', 'Academic']",https://i.gr-assets.com/images/S/compressed.photo.goodreads.com/books/1531184643l/132626.jpg
Cupid and Psyche,"Apuleius, Edward John Kenney","The story of Cupid and Psyche is part of The Golden Ass or Metamorphoses, a Latin novel by Apuleius (second century A.D.). It is both a charming fairytale and an allegory of the search of the Soul for happiness and fulfillment. This edition, the first with a full commentary in English to appear for eighty years, comprises a Latin text with facing translation, making the edition more accessible to students of comparative literature. An introduction and a commentary provide help with interpretation and up-to-date guidance to scholarship in the field.","['Classics', 'Mythology', 'Fiction', 'Romance', 'Fantasy', 'School', 'Short Stories', 'Read For School', 'Classic Literature', 'Italian Literature']",https://i.gr-assets.com/images/S/compressed.photo.goodreads.com/books/1386924490l/80084.jpg
"The Inquisitor's Tale: Or, the Three Magical Children and Their Holy Dog","Adam Gidwitz (Goodreads Author), Hatem Aly (Goodreads Author) (Illustrations)","1242. On a dark night, travelers from across France cross paths at an inn and begin to tell stories of three children. Their adventures take them on a chase through France: they are taken captive by knights, sit alongside a king, and save the land from a farting dragon. On the run to escape prejudice and persecution and save precious and holy texts from being burned, their quest drives them forward to a final showdown at Mont Saint-Michel, where all will come to question if these children can perform the miracles of saints.  Join William, an oblate on a mission from his monastery; Jacob, a Jewish boy who has fled his burning village; and Jeanne, a peasant girl who hides her prophetic visions. They are accompanied by Jeanne's loyal greyhound, Gwenforte . . . recently brought back from the dead. Told in multiple voices, in a style reminiscent of The Canterbury Tales, our narrator collects their stories and the saga of these three unlikely allies begins to come together.","['Historical Fiction', 'Fantasy', 'Middle Grade', 'Adventure', 'Fiction', 'Historical', 'Childrens', 'Young Adult', 'Juvenile', 'Religion']",https://i.gr-assets.com/images/S/compressed.photo.goodreads.com/books/1485978871l/29358517._SX318_.jpg
The Last Dance and Other Stories,Victoria Hislop,"Ten short stories by the million-copy best-selling author of the island, the return and the thread collected in a beautiful demy-format hardback edition. Three of these stories were previously published in Victoria Hislop's ebook collection, One Cretan Evening. In ten powerful stories, Victoria Hislop takes us through the streets of Athens and into the tree-lined squares of Greek villages. As she evokes their distinct atmosphere, she brings vividly to life a host of unforgettable characters, from a lonesome priest to battling brothers, and from an unwanted stranger to a groom troubled by music and memory. These bittersweet tales of love and loyalty, of separation and reconciliation, captured in Victoria Hislop's unique voice, will stay with you long after you reach the end.","['Short Stories', 'Fiction', 'Historical Fiction', 'Novels', 'Greece', 'Contemporary', 'Travel', 'France', 'Historical', 'Drama']",https://i.gr-assets.com/images/S/compressed.photo.goodreads.com/books/1356139595l/16700474.jpg
Foundation and Earth,Isaac Asimov,"Golan Trevize, former Councilman of the First Foundation, has chosen the future, and it is Gaia. A superorganism, Gaia is a holistic planet with a common consciousness so intensely united that every dewdrop, every pebble, every being, can speak for all—and feel for all. It is a realm in which privacy is not only undesirable, it is incomprehensible. But is it the right choice for the destiny of mankind? While Trevize feels it is, that is not enough. He must know. Trevize believes the answer lies at the site of humanity's roots: fabled Earth . . . if it still exists. For no one is sure where the planet of Gaia's first settlers is to be found in the immense wilderness of the Galaxy. Nor can anyone explain why no record of Earth has been preserved, no mention of it made anywhere in Gaia's vast world-memory. It is an enigma Trevize is determined to resolve, and a quest he is determined to undertake, at any cost.[ Original description here: Горстка смельчаков пытается найти прародину человечества - Землю, чтобы получить разгадку тайн истории Галактики. = A handful of brave souls trying to find humanity's ancestral home—the Earth, to get answers to the mysteries of the history of the Galaxy.]","['Science Fiction', 'Fiction', 'Science Fiction Fantasy', 'Classics', 'Space Opera', 'Fantasy', 'Novels', 'Space', 'Speculative Fiction', 'Audiobook']",https://i.gr-assets.com/images/S/compressed.photo.goodreads.com/books/1389759320l/29582.jpg
Withnail and I: The Screenplay,Bruce Robinson,"Bruce Robinson, nominated for an Academy Award for his screenplay of The Killing Fields, is one of the most original and exciting film-makers in British cinema. He is perhaps best known for writing and directing Withnail and I - now a cult classic about to celebrate its tenth anniversary. To coincide with this anniversary Bruce Robinson has written a typically witty and sharp introduction to accompany the screenplay. This book is destined to become a collectors' item and a must have for all devotees of the film.","['Fiction', 'Humor', 'Media Tie In', 'Comedy', 'Film', 'Plays', 'Drama', 'Cultural', 'British Literature']",https://i.gr-assets.com/images/S/compressed.photo.goodreads.com/books/1392504332l/1243240.jpg
Maximum City: Bombay Lost and Found,Suketu Mehta,"A native of Bombay, Suketu Mehta gives us an insider’s view of this stunning metropolis. He approaches the city from unexpected angles, taking us into the criminal underworld of rival Muslim and Hindu gangs; following the life of a bar dancer raised amid poverty and abuse; opening the door into the inner sanctums of Bollywood; and delving into the stories of the countless villagers who come in search of a better life and end up living on the sidewalks.","['India', 'Nonfiction', 'Travel', 'History', 'Indian Literature', 'Asia', 'Cities', 'Sociology', 'Memoir', 'Cultural']",https://i.gr-assets.com/images/S/compressed.photo.goodreads.com/books/1439218170l/4364._SY475_.jpg
São Bernardo,Graciliano Ramos,"O livro conta a história de Paulo Honório, um homem simples, que movido por uma ambição sem limites, acaba transformando-se em um grande fazendeiro do sertão de Alagoas e casa-se com Madalena para conseguir um herdeiro. Incapaz de entender a forma humanitária pela qual a mulher vê o mundo, ele tenta anulá-la com seu autoritarismo. Com este personagem, Graciliano Ramos traça o perfil da vida e do caráter de um homem rude e egoísta, do jogo de poder e do vazio da solidão, onde não há espaço nem para a amizade, nem para o amor.","['Fiction', 'Classics', 'Brazil', 'Literature', 'Novels', 'Portuguese Literature', 'Romance', 'Literary Fiction', '20th Century', 'Drama']",https://i.gr-assets.com/images/S/compressed.photo.goodreads.com/books/1271189648l/334233.jpg
Dolina Issy,Czesław Miłosz,"Thomas, the child-protagonist of The Issa Valley, is subject to both the contradictions of nature in this severe northern setting and sometimes enchanting, sometimes brutal timbre of village life. There are the deep pine and spruce forests, the grouse and the deer, and the hunter's gun. There is Magdalena, the beautiful mistress of the village priest, whose suicide unleashes her ghost to haunt the parish. There are also the loving grandparents with whom Thomas lives, who provide a balance of the not-quite-Dostoevskian devils that visit the villagers. In the end, Thomas is severed from his childhood and the Issa River, and leaves prepared for adventures beyond his valley. Poetic and richly imagined, The Issa Valley is a masterful work of fiction from one of our greatest living poets.","['Fiction', 'Polish Literature', 'Poland', 'Classics', 'Literature', 'Nobel Prize', 'Unfinished', 'Novels', '20th Century', 'Coming Of Age']",https://i.gr-assets.com/images/S/compressed.photo.goodreads.com/books/1334131699l/2488196.jpg
Naked Prey,John Sandford,"Lucas Davenport finds some changes — and some nasty surprises — in store, in the chilling new novel by the number-one-bestselling author.After thirteen years and thirteen Prey novels, John Sandford's writing is as fresh as ever. His last book, Mortal Prey, was ""a model of the genre"" (People) and ""the cop novel of the year"" (Kirkus Reviews). In the words of the Washington Post: ""John Sandford does everything right.""Now, in Naked Prey, he puts Lucas Davenport through some changes. His old boss, Rose Marie Roux, has moved up to the state level and taken Lucas with her, creating a special troubleshooter job for him for the cases that are too complicated or politically touchy for others to handle. In addition, Lucas is married now, and a new father, all of which is fine with him: he doesn't mind being a family man. But he is a little worried. For every bit of peace you get, you have to pay — and he's waiting for the bill.It comes in the form of two people found hanging from a tree in the woods of northern Minnesota. What makes the situation particularly sensitive is that the bodies are of a black man and a white woman, and they're naked. ""Lynching"" is the word that everybody's trying not to say — but, as Lucas begins to discover, in fact the murders are nothing like what they appear to be, and they are not the end of it. There is worse to come — much, much worse.Filled with rich characterization and exceptional drama that are his hallmarks, this is Sandford's most suspenseful novel yet. ""You know life is good when you have a new Lucas Davenport thriller to escape into,"" writes the Chicago Tribune, and Naked Prey proves it again.","['Mystery', 'Fiction', 'Thriller', 'Crime', 'Mystery Thriller', 'Detective', 'Suspense', 'Audiobook', 'Murder Mystery', 'Police']",https://i.gr-assets.com/images/S/compressed.photo.goodreads.com/books/1348906827l/168568.jpg
Мне тебя обещали,"Elchin Safarli, Эльчин Сафарли","""Это я. Скрываться и врать, что это всего лишь образ, смешно. Вместил в эту историю непростой период своей жизни, когда время отняло меня у меня же. Говорить об утрате больно. Лучше о ней написать. Я попробовал, и сам не заметил, как вырос из нее.Невозможно заново открыть для себя красоту мира, не лишившись чего-то важного. На месте утраченного остаются пустоты бездонных оврагов. И пытаясь их заполнить, начинаешь сильнее ценить жизнь.Пусть наши утраты будут для нас испытанием, но не пыткой"".Ваш Сафарли","['Romance', 'Contemporary', 'Russia', 'Romantic', 'Love Story', 'Modern']",https://i.gr-assets.com/images/S/compressed.photo.goodreads.com/books/1298722264l/10598752.jpg
The Lady in the Van,Alan Bennett,"Life imitates art in The Lady in the Van, the story of the itinerant Miss Shepherd, who lived in a van in Alan Bennett's driveway from the early 1970s until her death in 1989. It is doubtful that Bennett could have made up the eccentric Miss Shepherd if he tried, but his poignant, funny but unsentimental account of their strange relationship is akin to his best fictional screen writing.Bennett concedes that ""One seldom was able to do her a good turn without some thoughts of strangulation"", but as the plastic bags build up, the years pass by and Miss Shepherd moves into Bennett's driveway, a relationship is established which defines a certain moment in late 20th-century London life which has probably gone forever. The dissenting, liberal, middle-class world of Bennett and his peers comes into hilarious but also telling collision with the world of Miss Shepherd: ""there was a gap between our social position and our social obligations. It was in this gap that Miss Shepherd (in her van) was able to live"". Bennett recounts Miss Shepherd's bizarre escapades in his inimitable style, from her letter to the Argentinean Embassy at the height of the Falklands War, to her attempts to stand for Parliament and wangle an electric wheelchair out of the Social Services. Beautifully observed, The Lady in the Van is as notable for Bennett's attempts to uncover the enigmatic history of Miss Shepherd, as it is for its amusing account of her eccentric escapades. --Jerry Brotton","['Nonfiction', 'Short Stories', 'Memoir', 'Biography', 'Humor', 'British Literature', 'Plays', 'Contemporary', 'Autobiography', '20th Century']",https://i.gr-assets.com/images/S/compressed.photo.goodreads.com/books/1347498783l/1389703.jpg
Love and Werewolves,Cate Farren,"A stand-alone paranormal romance novel with some steamy scenes and a very sexy wolf shifter!  Alanna, a vampire, has lived on her own in a cabin in the woods for 150 years. She prefers her solitude. One day an injured werewolf, Valko, lands on her doorstep. As she nurses him back to health she finds herself falling in love. But there are forces out there working against them, and secrets that could tear their world apart…  This paranormal romance is part of the Vampire Inheritance Saga universe, though you don’t have to have read any of those to enjoy this as this novel is a prequel.",['Paranormal'],https://i.gr-assets.com/images/S/compressed.photo.goodreads.com/books/1513744516l/37635156._SY475_.jpg
Tied Bond,Emma Hart (Goodreads Author),"Holly Woods is going to hell in a handbasket—but this time, Satanists aren’t to blame. Halloween is.Nonna doesn’t understand why there are skeletons and demons everywhere. Mom is threatening to stitch a devil into Nonna’s pillowcase if she doesn’t shut up. Bek is bumbling over a date with Jason, the handsome FBI agent who conveniently got himself relocated to Austin, and I… Well. I’m considering running away to a town without the crazies.Nothing new here.Everything is going smoothly—too smoothly—and I can’t shake the feeling that something is about to happen. Drake insists I’m being paranoid… But when a body turns up at the Holly Woods Halloween party, we have a whole lot more than a murderer to worry about.Because the prime suspect is his mom.And it’s my job to prove she’s innocent.","['Romance', 'Contemporary', 'Mystery', 'Contemporary Romance', 'Humor', 'Suspense', 'Crime', 'Romantic Suspense', 'Adult', 'New Adult']",https://i.gr-assets.com/images/S/compressed.photo.goodreads.com/books/1450444962l/28219253._SY475_.jpg
"The Melancholy of Suzumiya Haruhi-chan: The Untold Adventures of the SOS Brigade, Vol. 01","Nagaru Tanigawa, PUYO (Illustrator)",If you thought the SOS Brigade's adventures couldn't get any more outrageous...you've never met Haruhi-chan! Nagato has gone otaku! Asakura is her pint-size prisoner/plaything! Mikuru's so cute she turns into a sheep! You'll find plenty of gags and guffaws as Haruhi dives into the world of four-panel and short comics!!,"['Manga', 'Comedy', 'Humor', 'Comics Manga', 'Slice Of Life', 'Fantasy', 'Graphic Novels']",https://i.gr-assets.com/images/S/compressed.photo.goodreads.com/books/1388343084l/7811961.jpg
Map to the Stars,Jen Malone (Goodreads Author),"Author Jen Malone draws on her real-life experiences as a movie studio publicist to bring you an insider peek at love, Hollywood-style. The California dream was supposed to give seventeen-year-old Annie Shelton a fresh start far removed from her dad’s unusual betrayal. But when things don’t go according to plan in La La Land, Annie’s mom snags a last-minute gig as makeup artist to a teen movie idol and finagles a spot for her daughter on his European promotional tour.Down-to-earth Annie would rather fangirl architectural sights than an arrogant A-lister. That is, until behind-the-scenes Graham Cabot turns out to be more sweetly vulnerable than she could have imagined. Too bad falling for a poster boy isn’t all red carpets and star treatment, especially when you factor in obnoxious fans, an overprotective assistant, a stage mom/manager, and a beefy bodyguard.But it isn’t until the paparazzi make an appearance that things get really sticky…","['Young Adult', 'Contemporary', 'Romance', 'Young Adult Contemporary', 'Young Adult Romance', 'Travel', 'Contemporary Romance', 'Fiction', 'Humor', 'Chick Lit']",https://i.gr-assets.com/images/S/compressed.photo.goodreads.com/books/1431000793l/23008726.jpg
2586 Kroków,Andrzej Pilipiuk,"I znowu odliczamy 2586 kroków... Tylko tyle. I aż tyle. Opowiadanie po opowiadaniu.To już V wydanie antologii, w nowej okładce, bez Wędrowycza, za to ze znakiem firmowym Pilipiuka w postaci niepowtarzalnego humoru i zdumiewających pomysłów. Czternaście historii, z których wieje grozą i mrocznym nastrojem. Odliczmy więc 2586 kroków...I krok: To jedna z najlepszych polskich antologii. Bardzo dobrze, lekko napisana, pełna świetnych pomysłów, ciekawa i świeża. Obowiązkowa rzecz na każdej półce. (Tomasz Kleta, Avatarae)II krok: 14 opowiadań zebranych w 1 książce to 13 różnych bohaterów, 14 niesamowitych historii, 14świetnych pomysłów i kilka godzin ciekawej lektury. (Piotr 'Szarik' Iwanicki, Playback)III krok: Najlepsze ze zbioru - tytułowe 2586 kroków i Wieczorne dzwony — to najdojrzalsze i najlepiej dopracowane opowiadania grozy, urzekające mrocznym nastrojem, bazującym na lęku przed chorobą, godne porównań do klimatów twórczości E. A. Poe. (Małgorzata Koczańska, Fahrenheit)Dalej liczcie już sami...Spis treści:„2586 kroków”„Samolot z dalekiego kraju”„Wieczorne dzwony”„Parszywe czasy”„Szansa”„Mars 1899”„W moim bloku straszy”„Atomowa ruletka”„Wiedźma Monika”„Griszka”„Bardzo obcy kapitał”„Vlana”„Szambo”„Strefa”","['Fantasy', 'Polish Literature', 'Fiction', 'Science Fiction', 'Horror', 'Short Stories', 'Poland', 'Urban Fantasy', 'Audiobook', 'Mine']",https://i.gr-assets.com/images/S/compressed.photo.goodreads.com/books/1209889717l/1711689.jpg
A Personal Record,Joseph Conrad,"A Personal Record (1912) both documents and fictionalizes Joseph Conrad's early life and the opening stages of his careers as a writer and as a seaman. It is also an artistic and political manifesto. The introduction traces Conrad's sources and gives the history of writing and reception. The essay on the text and the apparatus set out the textual history. The notes explain literary and historical references, identify places, and gloss foreign terms. Four maps and a genealogical table supplement this explanatory material. This edition of A Personal Record, established through modern textual scholarship, presents Conrad's reminiscences and the volume's two prefaces in forms more authoritative than any so far printed.","['Biography', 'Travel', 'Classics', 'Nonfiction', 'History', 'Memoir']",https://i.gr-assets.com/images/S/compressed.photo.goodreads.com/books/1500296264l/1549791._SY475_.jpg
Twilight & Sunset,Erin Hunter,,['Cats'],https://i.gr-assets.com/images/S/compressed.photo.goodreads.com/books/1527129649l/7796661._SX318_.jpg
Wings,Aprilynne Pike,"Laurel was mesmerized, staring at the pale things with wide eyes. They were terrifyingly beautiful—too beautiful for words.Laurel turned to the mirror again, her eyes on the hovering petals that floated beside her head. They looked almost like wings.In this extraordinary tale of magic and intrigue, romance and danger, everything you thought you knew about faeries will be changed forever.","['Fantasy', 'Young Adult', 'Romance', 'Paranormal', 'Fairies', 'Fae', 'Fiction', 'Magic', 'Urban Fantasy', 'Paranormal Romance']",https://i.gr-assets.com/images/S/compressed.photo.goodreads.com/books/1327983077l/5056084.jpg
A Sentimental Journey,"Laurence Sterne, Paul Goring (Editor, Introduction)","A furiously witty response to Tobias Smollett's curmudgeonly 'Travels through France and Italy', Laurence Sterne's A Sentimental Journey through France and Italy became a hugely influential work of travel writing in its own right. This Penguin Classics edition includes an introduction and notes by Paul Goring.When Yorick, the roving narrator of Sterne's innovative final novel, sets off for France on a whim, he produces no ordinary travelogue. Jolting along in his coach from Calais, through Paris, and on towards the Italian border, the amiable parson is blithely unconcerned by famous views or monuments, but he engages us with tales of his encounters with all manner of people, from counts and noblewomen to beggars and chambermaids. And as drama piles upon drama, anecdote, flirtation and digression, Yorick's destination takes second place to an exhilarating voyage of emotional and erotic exploration. Interweaving sharp wit with warm humour and irony with genuine feeling, A Sentimental Journey paints a captivating picture of an Englishman's adventures abroad.In his introduction, Paul Goring discusses Sterne's literary career and his semi-autobiographical depiction of Yorick, and sets the novel within the context of eighteenth-century travel writing and the vogue of sentimental fiction. This edition also includes a chronology, updated further reading and notes.Laurence Sterne (1713-1768) graduated from Cambridge in 1737 and took holy orders, becoming a prebend in York Cathedral. His masterpiece, The Life and Opinions of Tristram Shandy, Gentleman made him a celebrity but ill-health necessitated recuperative travel and A Sentimental Journey grew out of a seven-month trip through France and Italy. He died the year it was published, 1768.If you enjoyed A Sentimental Journey, you might like Sterne's The Life and Opinions of Tristram Shandy, Gentleman, also available in Penguin Classics.","['Classics', 'Fiction', 'Travel', '18th Century', 'Literature', 'British Literature', 'English Literature', 'Novels', 'France', 'Humor']",https://i.gr-assets.com/images/S/compressed.photo.goodreads.com/books/1311644377l/762821.jpg
Valhalla Rising,Clive Cussler,"Marine explorer Dirk Pitt must rely on the nautical lore of Jules Verne to stop a ruthless oil baron with his sights set on political power in this #1 New York Times-bestselling series.In the middle of its maiden voyage, a luxury cruise ship using revolutionary new engines suddenly catches fire and sinks. Its alarms stay silent; its sprinkler system remains inactive. Nearby NUMA special projects director Dirk Pitt notices smoke and races to the rescue. He's too late to save the engineer behind the ship's new technology, but helps the man's daughter, Kelly Egan, escape with her father's work in a leather briefcase.While Ms. Egan strives to uncover the hidden value in her father's inventions, Pitt is hired on by maritime insurers to investigate the wreckage. Neither are prepared for the mechanical marvels they'll soon be forced to confront. The machines could only be the stuff of legend, described in the tales of Viking explorers or the accounts of Jules Verne. And they may be Pitt and Egan's only hope when an oil tycoon with a plan of his own appears on the scene.Before journey's end, Pitt will take on a power-mad millionaire, tread upon territory previously known only to Verne's illustrious Captain Nemo, and make shocking discoveries about his own past.","['Fiction', 'Adventure', 'Thriller', 'Action', 'Mystery', 'Suspense', 'Mystery Thriller', 'Historical Fiction', 'Audiobook', 'Adult']",https://i.gr-assets.com/images/S/compressed.photo.goodreads.com/books/1405182792l/198331.jpg
The Charmed,Christine Wenrick (Goodreads Author),"In The Charmed—Book One of The Charmed Trilogy—Olivia Ann Greyson sees only one future for herself—to compose and perform the music she has loved since she was a child. But that future changes in an instant when a commuter train taking her to the city crashes and is attacked by, unbelievably, a coven of vampires! As the rabid creatures feed their thirst on the surviving passengers, Olivia is spared from an unthinkable fate because of the intervention of another vampire—Caleb Wolfe, a figure from her past who, for reasons he doesn’t understand himself, would do anything to protect her.After one familiar touch, Olivia recognizes the man behind the vampire. Soon love, and a powerful supernatural connection, begins to grow between them. But with that connection Olivia starts to notice startling changes happening within herself, and violent events make it clear that the vampire coven which wanted her the night of the train crash won’t stop until they have her.Time is running out for Olivia and Caleb to discover why all this is happening. And the answers they find may painfully tear their new love apart.","['Paranormal Romance', 'Vampires', 'Paranormal']",https://i.gr-assets.com/images/S/compressed.photo.goodreads.com/books/1347690758l/16008876.jpg
A Sport and a Pastime,"James Salter, Reynolds Price (Introduction)","""As nearly perfect as any American fiction I know,"" is how Reynolds Price (The New York Times) described this classic that has been a favorite of readers, both here and in Europe, for almost forty years. Set in provincial France in the 1960s, it is the intensely carnal story—part shocking reality, part feverish dream —of a love affair between a footloose Yale dropout and a young French girl. There is the seen and the unseen—and pages that burn bright with a rare intensity.","['Fiction', 'Classics', 'Novels', 'Literature', 'France', 'Erotica', 'Literary Fiction', 'Romance', 'American', 'The United States Of America']",https://i.gr-assets.com/images/S/compressed.photo.goodreads.com/books/1316729107l/114511.jpg
If You Could See Me Now,Cecelia Ahern,"From the bestselling author of P.S. I Love You and Love, Rosie, Cecelia Ahern, comes an enchanting novel that leads you to wonder if Not Seeing is believing!Readers and critics alike adore Cecelia Ahern for her lighthearted yet insightful stories about modern women and their often unusual situations. In If You Could See Me Now, she takes that theme a step further, offering us a heroine who is entirely believable, and the new man in her life who is, well, slightly less so.Elizabeth Egan's life runs on order: Both her home and her emotions are arranged just so, with little room for spontaneity. It's how she counteracts the chaos of her family—an alcoholic mother who left when she was young, an emotionally distant father, and a free-spirited sister, who seems to be following in their mother's footsteps, leaving her own six-year-old son, Luke, in Elizabeth's care.When Ivan, Luke's mysterious new grown-up friend, enters the picture, Elizabeth doesnt know quite what to make of him. With his penchant for adventure and colorful take on things large and small, Ivan opens Elizabeth's eyes to a whole new way of living. But is it for real? Is Ivan for real?If You Could See Me Now is a love story with heart—and just a touch of magic.","['Chick Lit', 'Romance', 'Fiction', 'Fantasy', 'Contemporary', 'Magical Realism', 'Adult', 'Ireland', 'Contemporary Romance', 'Adult Fiction']",https://i.gr-assets.com/images/S/compressed.photo.goodreads.com/books/1412709926l/158119.jpg
Evrenden Torpilim Var!,Aykut Oğut,"Siz hiç 150 kilo oldunuz mu? Sizin hiç yabancı bir ülkede bavulunuzu kaybettiğiniz, sabahları mısır gevreğine bira döküp hayatta kalırken günlerce tek kelime bile konuşmadığınız, dayak yedikten sonra girdiğiniz komadan bir gözünüzü kaybetmiş olarak çıkıp tekrar parklara döndüğünüz, annenizi kaybettikten sonra hapiste yatarken babanızı kaybettiğiniz oldu mu?Benim oldu.Peki ya sonra o yabancı ülkenin dilinde şakır şakır konuşup hatta seslendirme yönetmenliği bile yaptığınız, o ülkedeki filmlerde başrol oynadığınız, 70 kilo verip filinta gibi olduğunuz, yeni ve mutlu bir hayat kurduğunuz, elinizi attığınız her işi altın yumurtlayan tavuğa çevirdiğiniz, her saniyenizi gülümseyerek geçirdiğiniz, hayatta istediğiniz her şeyi elde etmeye başladığınız oldu mu?Benim oldu.Nasıl mı?Gelin anlatayım.","['Self Help', 'Turkish', 'Nonfiction', 'Turkish Literature']",https://i.gr-assets.com/images/S/compressed.photo.goodreads.com/books/1267335296l/7794506.jpg
A Cottage by the Sea,Carole Matthews,"Grace has been best friends with Ella and Flick since university. The late-night chats, shared heartaches and good times have created a bond that has stood the test of time. Now in their thirties, Grace is always a bit disappointed about how little time they get to spend together, so when Ella invites them all to stay for a week in her cottage in South Wales, Grace jumps at the chance to see her old friends. She also hopes that the change in pace will help her reconnect with her husband, Harry. Unfortunately for her, Harry isn't as enamoured with Cwtch Cottage as she is. Then Flick arrives; loveable, bubbly Flick, accompanied by the handsome and charming Noah, and suddenly the week ahead looks as though it may be even more confusing for all the residents of Cwtch Cottage.","['Chick Lit', 'Romance', 'Fiction', 'Contemporary', 'Womens Fiction', 'Contemporary Romance', 'Adult', 'Unfinished']",https://i.gr-assets.com/images/S/compressed.photo.goodreads.com/books/1355597589l/16122560.jpg
The Master of Ballantrae,Robert Louis Stevenson,"Set in Scotland during the 1745 Jacobite Rebellion, in the exotic French Indies, and in the North American wilderness, the story has as its hero one of the most compelling yet horrifying studies of evil in nineteenth-century fiction—James Durie, Master of Ballantrae. The Master is about his infective influence—on his younger, less attractive brother Henry; on Henry's wife Alison; and on those narrators whom Stevenson so skilfully employs to present their experiences of this charming, ruthless, and evil man.","['Classics', 'Fiction', 'Historical Fiction', 'Adventure', 'Literature', 'Scotland', 'Historical', '19th Century', 'Novels', 'Classic Literature']",https://i.gr-assets.com/images/S/compressed.photo.goodreads.com/books/1172852381l/223175._SY475_.jpg
Honour this Day,"Alexander Kent, Douglas Reeman","In September 1804, as England stands alone against France and the fleets of Spain, Vice-Admiral Richard Bolitho hoists his flag above the veteran Hyperion and sets sail with a new squadron for the Caribbean. His orders are to plan and execute a daring dawn raid on the Spanish Main.","['Historical Fiction', 'Fiction', 'Historical', 'Adventure', 'War', 'Military Fiction', 'Naval Historical Fiction', 'Maritime', 'Action']",https://i.gr-assets.com/images/S/compressed.photo.goodreads.com/books/1389232501l/1043313.jpg
Sapiens: A Brief History of Humankind,Yuval Noah Harari,"100,000 years ago, at least six human species inhabited the earth. Today there is just one. Us. Homo sapiens. How did our species succeed in the battle for dominance? Why did our foraging ancestors come together to create cities and kingdoms? How did we come to believe in gods, nations and human rights; to trust money, books and laws; and to be enslaved by bureaucracy, timetables and consumerism? And what will our world be like in the millennia to come? In Sapiens, Dr Yuval Noah Harari spans the whole of human history, from the very first humans to walk the earth to the radical – and sometimes devastating – breakthroughs of the Cognitive, Agricultural and Scientific Revolutions. Drawing on insights from biology, anthropology, paleontology and economics, he explores how the currents of history have shaped our human societies, the animals and plants around us, and even our personalities. Have we become happier as history has unfolded? Can we ever free our behaviour from the heritage of our ancestors? And what, if anything, can we do to influence the course of the centuries to come? Bold, wide-ranging and provocative, Sapiens challenges everything we thought we knew about being human: our thoughts, our actions, our power ... and our future.","['Nonfiction', 'History', 'Science', 'Philosophy', 'Anthropology', 'Audiobook', 'Sociology', 'Historical', 'Psychology', 'Evolution']",https://i.gr-assets.com/images/S/compressed.photo.goodreads.com/books/1595674533l/23692271._SY475_.jpg
O Despertar da Magia,"George R.R. Martin, Jorge Candeias (Goodreads Author) (Tradução)","A Guerra pelos Sete Reinos continua sem tréguas ou misericórdia. Com um golpe negro mágico, Stannis afastou do seu caminho o irmão rival Renly, e agora nada o impede de conquistar Porto Real, pela força, com a sua frota. Mas Tyrion, eleito a Mão do Rei, tem outros planos e, embora todos o subestimem pela aparência, prepara com sangue frio a defesa da cidade e a confrontação com Stannis numa batalha que se adivinha sanguinária.No Norte, Winterfell encontra-se à beira do perigo e é alvo da cobiça dos Greyjoy, mas Bran nada consegue ver para além dos estranhos sonhos que o atormentam de noite e dia. Para lá da muralha, Jon oferece-se para acompanhar um grupo de batedores enviado para encontrar os selvagens, enquanto a principal força da Patrulha da Noite se fortifica junto às montanhas. Se quer sobreviver, Jon terá que aprender a ser tão cruel como a terra assombrada habitada pelos selvagens.Mais uma vez, George R. R. Martin consegue manter-nos agarrados até à última página. Personagens que amamos são mortas sem dó nem piedade, personagens que odiamos conseguem conquistar o nosso coração. De Arya a Sansa, de Robb a Daenerys, todos terão um papel fulcral neste fabuloso quarto volume de As Crónicas de Gelo e Fogo.","['Fantasy', 'High Fantasy', 'Fiction', 'Epic Fantasy', 'Novels', 'German Literature', 'American', 'Epic', 'Roman', 'Adventure']",https://i.gr-assets.com/images/S/compressed.photo.goodreads.com/books/1588341422l/5739604._SX318_.jpg
The Facts of Life,Graham Joyce,"THE FACTS OF LIFE tells the story of an extraordinary family of seven sisters living in Coventry during the Second World War. Presided over by an indomitable matriach, the sisters live out a tangled and fraught life that takes them through the Blitz, war work and on into the hopeful postwar years, and a bizarre interlude for one of them in a commune. And through it all wanders the young son of one of the sisters, passed from sister to sister, the innocent witness to a life that edges over into the magical.","['Fantasy', 'Fiction', 'Historical Fiction', 'Magical Realism', 'War', 'Literary Fiction', 'Historical', 'World War II', 'British Literature', 'Speculative Fiction']",https://i.gr-assets.com/images/S/compressed.photo.goodreads.com/books/1172442300l/176332._SY475_.jpg
The Tale of Jeremy Vole,Stephen R. Lawhead,"Warned by a big bird of a great disaster coming to the river, Jeremy Vole, a vole who lives a quiet and contented life in a hole in the riverbank, finds he must embark on an adventure. Reprint.","['Childrens', '2nd Grade', 'Fiction']",https://i.gr-assets.com/images/S/compressed.photo.goodreads.com/books/1387742022l/539436.jpg
Potop,Henryk Sienkiewicz,"Potop, druga z powieści tworzących Trylogię, przedstawia dzieje Polski w dobie najazdu Szwedów (1655-1660). Zasadniczą ideą powieści jest problem zdrady i wiernośsci, będący kryterium moralnej oceny zarówno postaci historycznych (np. Radziwiłł), jak i fikcyjnych (przede wszystkim Kmicic). Z głównym motywem wiąże się sposób prezentacji zdarzeń - Sienkiewicz ukazuje dwie fazy konfliktu polsko-szwedzkiego, w którzym dużą rolę odegrała zdrada magnatów i części szlachty. Początkowy obraz wrogiego ""potopu"" przynosi bliskość całkowitej klęski Rzeczypospolitej, w której tylko nieliczni obywatele zdolni są do obrony jej suwerenności.","['Classics', 'Historical Fiction', 'Polish Literature', 'Fiction', 'Poland', 'Historical', 'War', 'School', 'Literature', 'Adventure']",https://i.gr-assets.com/images/S/compressed.photo.goodreads.com/books/1190098333l/538860.jpg
How Children Fail,John Holt,"First published in the mid 1960s, How Children Fail began an education reform movement that continues today. In his 1982 edition, John Holt added new insights into how children investigate the world, into the perennial problems of classroom learning, grading, testing, and into the role of the trust and authority in every learning situation. His understanding of children, the clarity of his thought, and his deep affection for children have made both How Children Fail and its companion volume, How Children Learn, enduring classics.","['Education', 'Parenting', 'Nonfiction', 'Psychology', 'Teaching', 'Childrens', 'School', 'Sociology', 'Philosophy', 'Science']",https://i.gr-assets.com/images/S/compressed.photo.goodreads.com/books/1348092376l/573009.jpg
Caderneta de Cromos,"Nuno Markl, Patrícia Furtado (Illustrator)","A enciclopédia definitiva sobre o que nos deliciava nos anos 70 e 80.(mais saudável do que um Granizado Fá, embora deva ter a mesma quantidade de tinta)Em O Homem Que Mordeu o Cão, Nuno Markl contou histórias muito bizarras. Mas haverá história mais bizarra do que crescer nas décadas de 70 e 80? Dos microfones da Rádio Comercial para as páginas profusamente ilustradas desta edição, eis a Caderneta de Cromos – reunindo uma centena dos mais bombásticos e inesquecíveis cromos da nossa infância e juventude!Uma colecção que responde a questões pertinentes como:- Samantha Fox e Kim Wilde: Qual delas para casar? Qual delas para coiso?- Quantas maneiras havia de comer bolachas Belinhas?- Usar um casaco branco igual ao do Don Johnson no Miami Vice resulta na vida real quando se é caixa-de-óculos?- De que forma os Kalkitos são uma metáfora para as relações sexuais sem amor?- Porque é que o Fizz Limão é o D. Sebastião da indústria dos gelados?- Como se resolve, afinal, o Cubo Mágico*?*Gostava muito de ajudar nesta parte, mas ainda hoje não faço ideia.","['Humor', 'Portuguese Literature', 'Nonfiction']",https://i.gr-assets.com/images/S/compressed.photo.goodreads.com/books/1379807779l/9394189.jpg
Count Zero,William Gibson,"A corporate mercenary wakes in a reconstructed body, a beautiful woman by his side. Then Hosaka Corporation reactivates him, for a mission more dangerous than the one he’s recovering from: to get a defecting chief of R&D—and the biochip he’s perfected—out intact. But this proves to be of supreme interest to certain other parties—some of whom aren’t remotely human...","['Science Fiction', 'Cyberpunk', 'Fiction', 'Science Fiction Fantasy', 'Dystopia', 'Novels', 'Fantasy', 'Speculative Fiction', 'American', 'Canada']",https://i.gr-assets.com/images/S/compressed.photo.goodreads.com/books/1390358225l/22200.jpg
Probability Theory,"E.T. Jaynes, G. Larry Bretthorst (Editor)","Going beyond the conventional mathematics of probability theory, this study views the subject in a wider context. It discusses new results, along with applications of probability theory to a variety of problems. The book contains many exercises and is suitable for use as a textbook on graduate-level courses involving data analysis. Aimed at readers already familiar with applied mathematics at an advanced undergraduate level or higher, it is of interest to scientists concerned with inference from incomplete information.","['Mathematics', 'Science', 'Philosophy', 'Nonfiction', 'Textbooks', 'Academic', 'Technical', 'Reference', 'Physics', 'Computer Science']",https://i.gr-assets.com/images/S/compressed.photo.goodreads.com/books/1408310817l/151848.jpg
Tiger by the Tail,James Hadley Chase,"Kenway Holland, a respectable, married bank official, jeopardises his happiness and his future by one night of midsummer madness. The sudden temptation to kick over the traces while his wife is away lands Holland up to his ears in a vortex of political intrigue and murder. Set against a background of gangster politicians, blackmailers, gunmen and hard-boiled characters, the action of this explosive thriller takes place over a period of only thirty hours!One night of midsummer madness... and Ken Holland, a respectable, married bank official, jeopardises his happiness and his future. The sudden temptation to kick over the traces while his wife is away lands Holland up to his ears in a vortex of political intrigue and murder. Set against a background of gangster politicians, blackmailers, gunmen and hard-boiled characters, the action of this explosive thriller takes place over a period of only thirty hours.But what hours they are !","['Fiction', 'Crime', 'Thriller', 'Novels', 'Mystery', 'Mystery Thriller']",https://i.gr-assets.com/images/S/compressed.photo.goodreads.com/books/1363782547l/521164.jpg
The Dressmaker,Rosalie Ham,"A darkly satirical novel of love, revenge, and 1950s haute couture—now a major motion picture starring Kate Winslet, Judy Davis, Liam Hemsworth, and Hugo Weaving After twenty years spent mastering the art of dressmaking at couture houses in Paris, Tilly Dunnage returns to the small Australian town she was banished from as a child. She plans only to check on her ailing mother and leave. But Tilly decides to stay, and though she is still an outcast, her lush, exquisite dresses prove irresistible to the prim women of Dungatar. Through her fashion business, her friendship with Sergeant Farrat—the town’s only policeman, who harbors an unusual passion for fabrics—and a budding romance with Teddy, the local football star whose family is almost as reviled as hers, she finds a measure of grudging acceptance. But as her dresses begin to arouse competition and envy in town, causing old resentments to surface, it becomes clear that Tilly’s mind is set on a darker design: exacting revenge on those who wronged her, in the most spectacular fashion.","['Fiction', 'Historical Fiction', 'Australia', 'Romance', 'Historical', 'Audiobook', 'Book Club', 'Adult', 'Drama', 'Chick Lit']",https://i.gr-assets.com/images/S/compressed.photo.goodreads.com/books/1435094167l/575758._SY475_.jpg
The Dream Kingdom,Cynthia Harrod-Eagles,"1908 - Edwardian period; AviationIn the height of Edwardian splendour, Jessie and Violet share a sparkling London debut. At Morland Place, Teddy's business is expanding and he brings home a new wife, to the anxiety of his sister Henrietta who knows there can't be two mistresses of the house. England is a land of confidence and opportunity but below the surface troubles are stirring. The death of the King brings to a head the constitutional crisis, while abroad the flexing of Russian and German might are an ominous sign of the dangers that lie ahead.","['Historical Fiction', 'Historical', 'Fiction', 'Romance', 'Edwardian']",https://i.gr-assets.com/images/S/compressed.photo.goodreads.com/books/1388563994l/41999.jpg
A Town Like Alice,Nevil Shute,"Nevil Shute's most beloved novel, a tale of love and war, follows its enterprising heroine from the Malayan jungle during World War II to the rugged Australian outback.Jean Paget, a young Englishwoman living in Malaya, is captured by the invading Japanese and forced on a brutal seven-month death march with dozens of other women and children. A few years after the war, Jean is back in England, the nightmare behind her. However, an unexpected inheritance inspires her to return to Malaya to give something back to the villagers who saved her life. Jean's travels leads her to a desolate Australian outpost called Willstown, where she finds a challenge that will draw on all the resourcefulness and spirit that carried her through her war-time ordeals.","['Fiction', 'Historical Fiction', 'Classics', 'Australia', 'Romance', 'War', 'Historical', 'World War II', 'Literature', 'Novels']",https://i.gr-assets.com/images/S/compressed.photo.goodreads.com/books/1327957610l/107301.jpg
The Two-Bear Mambo,Joe R. Lansdale,"Florida Grange, Leonard's drop-dead gorgeous lawyer and Hap's former lover, has vanished in Klan-infested Grovetown while in pursuit of the real story behind the jailhouse death of a legendary bluesman's blackguard son. Fearing the worst, Hap and Leonard set out to do the kind of investigating the good ole boy cops can't - or won't - do. In Grovetown they encounter a redneck police chief, a sadistic Christmas tree grower, and townsfolk itchin' for a lynchin'. Add to this a dark night exhumation in a voodoo graveyard, a thunderstorm of Biblical proportions, and flat-out sudden murder. Hap and Leonard vow to face the hate and find Florida, even if Leonard has to put a hole in anyone who gets in the way. Besides, they've packed a lunch. ","['Mystery', 'Fiction', 'Crime', 'Thriller', 'Noir', 'Humor', 'Mystery Thriller', 'Americana', 'Novels', 'Adventure']",https://i.gr-assets.com/images/S/compressed.photo.goodreads.com/books/1171484468l/102117._SY475_.jpg
"Ouran High School Host Club, Vol. 1","Bisco Hatori, Gary Leach (Adaptation), Kenichiro Yagi (Translator)","One day, Haruhi, a scholarship student at exclusive Ouran High School, breaks an $80,000 vase that belongs to the 'Host Club', a mysterious campus group consisting of six super-rich (and gorgeous) guys. To pay back the damages, she is forced to work for the club, and it's there that she discovers just how wealthy the boys are and how different they are from everybody else.","['Manga', 'Romance', 'Graphic Novels', 'Young Adult', 'Comics', 'Humor', 'Comedy', 'Anime', 'Fiction', 'Shojo']",https://i.gr-assets.com/images/S/compressed.photo.goodreads.com/books/1388328993l/1087204.jpg
The Four Agreements: A Practical Guide to Personal Freedom,Miguel Ruiz,"In The Four Agreements, don Miguel Ruiz reveals the source of self-limiting beliefs that rob us of joy and create needless suffering. Based on ancient Toltec wisdom, the Four Agreements offer a powerful code of conduct that can rapidly transform our lives to a new experience of freedom, true happiness, and love. The Four Agreements are: Be Impeccable With Your Word, Don't Take Anything Personally, Don't Make Assumptions, Always Do Your Best.","['Self Help', 'Nonfiction', 'Spirituality', 'Philosophy', 'Personal Development', 'Psychology', 'Inspirational', 'Religion', 'Audiobook', 'Business']",https://i.gr-assets.com/images/S/compressed.photo.goodreads.com/books/1348204644l/6596.jpg
Cine Mexicano: Poster Art from the Golden Age/Carteles de la Epoca de Oro 1936-1956,"Rogelio Agrasánchez, Charles Ramírez Berg (Introduction)","Sultry bandidas, gut-busting comicos, and terrifying monstruos--they all make appearances in Cine Mexicano. Combining art deco style with pulp fiction sensationalism, the more than 150 movie posters in Cine Mexicano are culled from the Agrasnchez Film Archive--the largest print collection of its kind. With a bilingual introduction that surveys the history of Mexican cinema, Cine Mexicano is an unforgettable exploration of gorgeous graphic art and exotic cinema at its finest.","['Art', 'Film', 'Nonfiction']",https://i.gr-assets.com/images/S/compressed.photo.goodreads.com/books/1387664861l/550416.jpg
Trains and Buttered Toast,John Betjeman,"Eccentric, sentimental & homespun, John Betjeman's passions were mostly self-taught. He saw his country being devastated by war & progress & he waged a private war to save it. His only weapons were words - the poetry for which he is best known &, even more influential, the radio talks that first made him a phenomenon.","['Nonfiction', 'Travel', 'Essays', 'Poetry', 'British Literature', 'Classics', 'History']",https://i.gr-assets.com/images/S/compressed.photo.goodreads.com/books/1415587139l/1345107.jpg
Sour Candy,Kealan Patrick Burke,"At first glance, Phil Pendleton and his son Adam are just an ordinary father and son, no different from any other. They take walks in the park together, visit county fairs, museums, and zoos, and eat together overlooking the lake. Some might say the father is a little too accommodating given the lack of discipline when the child loses his temper in public. Some might say he spoils his son by allowing him to set his own bedtimes and eat candy whenever he wants. Some might say that such leniency is starting to take its toll on the father, given how his health has declined.What no one knows is that Phil is a prisoner, and that up until a few weeks ago and a chance encounter at a grocery store, he had never seen the child before in his life.","['Horror', 'Short Stories', 'Fiction', 'Novella', 'Adult', 'Thriller', 'Supernatural', 'Paranormal', 'Fantasy', 'Adult Fiction']",https://i.gr-assets.com/images/S/compressed.photo.goodreads.com/books/1446998302l/27687495._SY475_.jpg
The Star of Kazan,"Eva Ibbotson, Kevin Hawkes (Illustrator)","Annika has never had a birthday. Instead she celebrates her Found Day, the day a housemaid and a cook to three eccentric Viennese professors found her and took her home. There, Annika has made a happy life in the servants' quarters, surrounded with friends, including the elderly woman next door who regales Annika with stories of her performing days and her countless admirers - especially the Russian count who gave her the legendary emerald, the Star of Kazan. And yet, Annika still dreams of finding her true mother. But when a glamorous stranger arrives claiming to be Annika's mother, and whisks her away to a crumbling, spooky castle, Annika discovers that all is not as it seems in her newfound home...","['Historical Fiction', 'Young Adult', 'Fantasy', 'Fiction', 'Childrens', 'Historical', 'Middle Grade', 'Mystery', 'Adventure', 'Juvenile']",https://i.gr-assets.com/images/S/compressed.photo.goodreads.com/books/1309286916l/402141.jpg
Is He or Isn't He?,John Hall (Goodreads Author),"In the glittering world of New York City's richest and most famous prep school, best friends Paige and Anthony become equally entranced by the enigmatic, ever–so–cute new guy Max, but in order to snag him, they must first use their charms and wit to discover the truth–is he or isn't he?","['Young Adult', 'LGBT', 'Fiction', 'Gay', 'Romance', 'Realistic Fiction', 'Contemporary', 'Chick Lit', 'Humor']",https://i.gr-assets.com/images/S/compressed.photo.goodreads.com/books/1348692173l/589469.jpg
Unraveling,Sara Ella (Goodreads Author),"What happens when happily ever after starts to unravel?Eliyana Ember doesn't believe in true love. Not anymore. After defeating her grandfather and saving the Second Reflection, El only trusts what's right in front of her. The tangible. The real. Not some unexplained Kiss of Infinity she once shared with the ghost of a boy she's trying to forget. She has more important things to worry about--like becoming queen of the Second Reflection, a role she is so not prepared to fill.Now that the Verity is intertwined with her soul and Joshua's finally by her side, El is ready to learn more about her mysterious birth land, the land she now rules. So why does she feel like something--or someone--is missing?When the thresholds begin to drain and the Callings, those powerful magical gifts, begin to fail, El wonders if her link to Ky Rhyen may have something to do with it. For light and darkness cannot coexist. She needs answers before the Callings disappear altogether. Can El find a way to sever her connection to Ky and save the Reflections--and keep herself from falling for him in the process?","['Fantasy', 'Young Adult', 'Romance', 'Contemporary', 'Christian Fiction', 'Young Adult Fantasy', 'Christian', 'Urban Fantasy', 'Fiction', 'Audiobook']",https://i.gr-assets.com/images/S/compressed.photo.goodreads.com/books/1479167443l/32673847._SY475_.jpg
All The Rivers Run,Nancy Cato,"All The Rivers Run follows the life of English girl, Philadelphia Gordon, from the time when she is shipwrecked and orphaned off the coast of Victoria in 1890. She spends most of her life around Echuca, on the Murray River, and invests some of her inheritance in the paddle steamer called PS Philadelphia. Her life is changed forever when she meets paddle steamer captain Brenton Edwards. She is torn between the harsh beauty of life on the river with its adventures, and the society life in Melbourne with her blossoming career as a painter. It is an adventure and a love story: between her, the men in her life, and the river.","['Fiction', 'Australia', 'Historical Fiction', 'Historical', 'Romance', 'Classics', 'Novels']",https://i.gr-assets.com/images/S/compressed.photo.goodreads.com/books/1187205761l/1707791.jpg
What You Did,Claire McGowan,"A vicious assault. A devastating accusation. Who should she trust, her husband or her best friend?It was supposed to be the perfect reunion: six university friends together again after twenty years. Host Ali finally has the life she always wanted, a career she can be proud of and a wonderful family with her college boyfriend, now husband. But that night her best friend makes an accusation so shocking that nothing will ever be the same again.When Karen staggers in from the garden, bleeding and traumatised, she claims that she has been assaulted—by Ali’s husband, Mike. Ali must make a split-second decision: who should she believe? Her horrified husband, or her best friend? With Mike offering a very different version of events, Ali knows one of them is lying—but which? And why?When the ensuing chaos forces her to re-examine the golden era the group shared at university, Ali realises there are darker memories too. Memories that have lain dormant for decades. Memories someone would kill to protect.","['Mystery', 'Thriller', 'Fiction', 'Mystery Thriller', 'Suspense', 'Crime', 'Contemporary', 'Audiobook', 'Drama', 'Psychological Thriller']",https://i.gr-assets.com/images/S/compressed.photo.goodreads.com/books/1554910921l/43078409.jpg
Justice: What's the Right Thing to Do?,Michael J. Sandel,"""For Michael Sandel, justice is not a spectator sport,"" The Nation's reviewer of Justice remarked. In his acclaimed book―based on his legendary Harvard course―Sandel offers a rare education in thinking through the complicated issues and controversies we face in public life today. It has emerged as a most lucid and engaging guide for those who yearn for a more robust and thoughtful public discourse. ""In terms we can all understand,"" wrote Jonathan Rauch in The New York Times, Justice ""confronts us with the concepts that lurk . . . beneath our conflicts.""Affirmative action, same-sex marriage, physician-assisted suicide, abortion, national service, the moral limits of markets―Sandel relates the big questions of political philosophy to the most vexing issues of the day, and shows how a surer grasp of philosophy can help us make sense of politics, morality, and our own convictions as well.Justice is lively, thought-provoking, and wise―an essential new addition to the small shelf of books that speak convincingly to the hard questions of our civic life.","['Philosophy', 'Nonfiction', 'Politics', 'Law', 'Sociology', 'Psychology', 'Social Justice', 'History', 'School', 'Political Science']",https://i.gr-assets.com/images/S/compressed.photo.goodreads.com/books/1441517195l/6452731._SY475_.jpg
As Meninas Ocultas de Cabul,"Jenny Nordberg (Goodreads Author), Denise Bottmann (Translator)","Durante cinco anos de pesquisas no Afeganistão, a repórter Jenny Nordberg descobriu que algumas famílias criam suas filhas como se fossem meninos, tentando fazer com que a comunidade acredite que as crianças são de fato do sexo masculino. A prática, conhecida como “bacha posh”, foi revelada por Jenny em reportagem de grande repercussão no New York Times. Embora o Talibã tenha deixado o poder em 2001, muito do que aquela milícia fundamentalista acreditava sobre as mulheres continua em voga. Este livro mostra em detalhe os horrores de um ambiente machista, e serve de alerta para a comunidade internacional sobre um crime que nenhum relativismo cultural é capaz de atenuar.","['Nonfiction', 'Feminism', 'History', 'Politics', 'Womens', 'Religion', 'Gender', 'Asia', 'Biography', 'Adult']",https://i.gr-assets.com/images/S/compressed.photo.goodreads.com/books/1463517712l/30223075._SY475_.jpg
Tiara,John Reinhard Dizon (Goodreads Author),"Tiara is an action-packed, historical fiction, romantic thriller centering around the Good Friday Agreement in Northern Ire-land in 1998. The main female protagonist is Princess Jennifer of Edinburgh, a civil rights activist involved in the negotiations between the British government and the coalition groups in Ulster. She becomes an object of fascination to Berlin Mansfield, an international terrorist of Irish descent who is equally intent on attending the historic event as it transpires. The two eventually cross paths in a tale of intrigue and suspense with the future of a nation at stake.",['Mystery Thriller'],https://i.gr-assets.com/images/S/compressed.photo.goodreads.com/books/1267801773l/3133038.jpg
Philosophical Investigations,"Ludwig Wittgenstein, G.E.M. Anscombe (Translator)",,"['Philosophy', 'Nonfiction', 'Language', 'Classics', 'Linguistics', 'German Literature', 'Academic', 'Theory', '20th Century', 'Psychology']",https://i.gr-assets.com/images/S/compressed.photo.goodreads.com/books/1440047548l/12073._SY475_.jpg
How to Be a Pirate,Cressida Cowell,"Hiccup Horrendous Haddock III was a Viking Hero--dashing, brave, and ever so clever. But even Viking heroes have to begin somewhere. In this rip-roaring adventure he recounts his early days--when he still had a lot to learn about swordfights, shipwrecks, and homicidal dragons....","['Fantasy', 'Dragons', 'Fiction', 'Childrens', 'Middle Grade', 'Adventure', 'Audiobook', 'Young Adult', 'Humor', 'Pirates']",https://i.gr-assets.com/images/S/compressed.photo.goodreads.com/books/1388331330l/143728.jpg
Heart of Courage,Lois Walfrid Johnson,"Siblings Devin and Briana O'Toole are facing the biggest adventure of their lives. In exchange for Bree's freedom, they have agreed to make on voyage on the new Viking ship Conquest. With explorer Leif Erikson they travel from Norway to Iceland, then to Greenland and beyond, encountering the dangers of the northern waters and an unknown enemy within the ship's crew. Will the hardships be worth it in the end, or will Bree remain a slave?Mikkel, the young captain of the Conquest, is full of ambition. More than anything, he has always wanted wealth and fame. But he will need courage to lead his men on such a perilous journey--and to regain his lost honor. He doesn't even want to think about letting Bree go free.Only God can give Mikkel, Bree, and Devin a heart of courage for the challenges that lie ahead.","['Historical Fiction', 'Christian', 'Fiction', 'Christian Fiction', 'Historical', 'Middle Grade', 'Childrens', 'Adventure', 'Young Adult', 'Juvenile']",https://i.gr-assets.com/images/S/compressed.photo.goodreads.com/books/1388718416l/543477.jpg
Blind Faith,Ben Elton,"Imagine a world where everyone knows everything about everybody. Where 'sharing' is valued above all, and privacy is considered a dangerous perversion.Trafford wouldn't call himself a rebel, but he's daring to be different, to stand out from the crowd. In his own small ways, he wants to push against the system. But in this world, uniformity is everything. And even tiny defiances won't go unnoticed.Ben Elton's dark, savagely comic novel imagines a post-apocalyptic society where religious intolerance combines with a sex-obsessed, utterly egocentric culture. In this world, nakedness is modesty, independent thought subversive, and ignorance is wisdom. A chilling vision of what's to come? Or something rather closer to home?","['Fiction', 'Dystopia', 'Science Fiction', 'Humor', 'Comedy', 'Fantasy', 'Post Apocalyptic', 'Contemporary', 'Novels', 'Religion']",https://i.gr-assets.com/images/S/compressed.photo.goodreads.com/books/1320483062l/2164457.jpg
The Nutmeg of Consolation,Patrick O'Brian,"Alternate Cover Edition can be found here. Shipwrecked on a remote island in the Dutch East Indies, Captain Aubrey, surgeon and secret intelligence agent Stephen Maturin, and the crew of the Diane fashion a schooner from the wreck. A vicious attack by Malay pirates is repulsed, but the makeshift vessel burns, and they are truly marooned. Their escape from this predicament is one that only the whimsy and ingenuity of Patrick O'Brian—or Stephen Maturin—could devise.In command now of a new ship, the Nutmeg, Aubrey pursues his interrupted mission. The dreadful penal colony in New South Wales, harrowingly described, is the backdrop to a diplomatic crisis provoked by Maturin's Irish temper, and to a near-fatal encounter with the wildlife of the Australian outback.","['Historical Fiction', 'Fiction', 'Historical', 'Adventure', 'Audiobook', 'Military Fiction', 'War', 'British Literature', 'Maritime', 'Literature']",https://i.gr-assets.com/images/S/compressed.photo.goodreads.com/books/1392325121l/835638.jpg
Dr. Franklin's Island,Ann Halam,"Semi, Miranda, and Arnie are part of a group of 50 British Young Conservationists on their way to a wildlife conservation station deep in the rain forests of Ecuador. After a terrifying mid-air disaster and subsequent crash, these three are the sole survivors, stranded together on a deserted tropical island. Or so they think. Semi, Miranda, and Arnie stumble into the hands of Dr. Franklin, a mad scientist who’s been waiting for them, eager to use them as specimens for his experiments in genetic engineering.From the Hardcover edition.","['Science Fiction', 'Young Adult', 'Fiction', 'Survival', 'Teen', 'Fantasy', 'Adventure', 'Mystery', 'Animals', 'Dystopia']",https://i.gr-assets.com/images/S/compressed.photo.goodreads.com/books/1320413615l/830367.jpg
The Reagan Paradox,The Editors of Time Magazine,"Long known as ""The Great Communicator,"" Ronald Reagan has been credited with leading an ideological renaissance of the Republican Party and has become an icon to many Republicans and party leaders. Now, ten years following his death, and twenty-five years following the end of his two terms in office, the man who was credited with so much, including ""Reaganomics,"" ending the Cold War, and ""The War on Drugs,"" has become the ideological standard-bearer for a party that bears little resemblance to the one that he helped to define. So much so, that in hindsight, many of his views and policies appear to be centrist in comparison. This provides the perfect opportunity for The Editors of TIME magazine, in conjunction with many highly-regarded and well-respected writers and journalists familiar with Reagan, including Lou Cannon, Jon Meacham, Nick Clooney, Bob Spitz, and more with an introduction by Joe Scarborough, to examine the man, the politician, and the President, and the paradox of an ideological hero who no longer represents the party that he helped to define, or in fact, does he?",['Politics'],https://i.gr-assets.com/images/S/compressed.photo.goodreads.com/books/1411504284l/23266015.jpg
The Bean Trees,Barbara Kingsolver,"Clear-eyed and spirited, Taylor Greer grew up poor in rural Kentucky with the goals of avoiding pregnancy and getting away. But when she heads west with high hopes and a barely functional car, she meets the human condition head-on. By the time Taylor arrives in Tucson, Arizona, she has acquired a completely unexpected child, a three-year-old American Indian girl named Turtle, and must somehow come to terms with both motherhood and the necessity for putting down roots. Hers is a story about love and friendship, abandonment and belonging, and the discovery of surprising resources in apparently empty places.","['Fiction', 'Contemporary', 'Novels', 'Literary Fiction', 'Adult Fiction', 'Adult', 'School', 'Classics', 'Literature', 'Realistic Fiction']",https://i.gr-assets.com/images/S/compressed.photo.goodreads.com/books/1443483961l/30868.jpg
The Last Unicorn,"Peter S. Beagle (Goodreads Author), Peter B. Gillis (Adaptor), Renae De Liz (illustrator), Ray Dillon (illustrator)","Adapted for the first time from the novel by Peter S. Beagle, The Last Unicorn is a tale for any age about the wonders of magic, the power of love, and the tragedy of loss. The unicorn, alone in her enchanted wood, discovers that she may be the last of her kind. Reluctant at first, she sets out on a journey to find her fellow unicorns, even if it means facing the terrifying anger of the Red Bull and malignant evil of the king who wields his power. Adapted by Peter B. Gillis and illustrated by Renae De Liz and Ray Dillon.","['Fantasy', 'Graphic Novels', 'Comics', 'Fiction', 'Classics', 'Unicorns', 'Young Adult', 'Graphic Novels Comics', 'Magic', 'Fairy Tales']",https://i.gr-assets.com/images/S/compressed.photo.goodreads.com/books/1357045524l/8890606.jpg
The Case for Faith: A Journalist Investigates the Toughest Objections to Christianity,Lee Strobel,"Was God telling the truth when he said, ""You will seek me and find me when you seek me with all your heart""? In his #1 bestseller The Case for Christ, Lee Strobel examined the claims of Christ, reaching the hard-won verdict that Jesus is God's unique son. In The Case for Faith, Strobel turns his skills to the most persistent emotional objections to belief---the eight ""heart barriers"" to faith. This Gold Medallion-winning book is for those who may be feeling attracted to Jesus but who are faced with difficult questions standing squarely in their path. For Christians, it will deepen their convictions and give them fresh confidence in discussing Christianity with even their most skeptical friends. ""Everyone --seekers, doubters, fervent believers-- benefits when Lee Strobel hits the road in search of answers, as he does again in The Case for Faith. In the course of his probing interviews, some of the toughest intellectual obstacles to faith fall away."" --Luis Palau ""Lee Strobel has given believers and skeptics alike a gift in this book. He does not avoid seeking the most difficult questions imaginable, and refuses to provide simplistic answers that do more harm than good."" --Jerry Sittser, professor of religion, Whitworth College, and author of A Grace Disguised and The Will of God as a Way of Life","['Christian', 'Nonfiction', 'Religion', 'Christianity', 'Theology', 'Faith', 'Christian Living', 'Spirituality', 'Christian Non Fiction', 'Philosophy']",https://i.gr-assets.com/images/S/compressed.photo.goodreads.com/books/1296487661l/214332.jpg
Interstellar Pig,William Sleator,"Barney's boring seaside vacation suddenly becomes more interesting when the cottage next door is occupied by three exotic neighbors who are addicted to a game they call ""Interstellar Pig.""","['Science Fiction', 'Young Adult', 'Fiction', 'Fantasy', 'Childrens', 'Middle Grade', 'Aliens', 'Science Fiction Fantasy', 'Speculative Fiction', 'Teen']",https://i.gr-assets.com/images/S/compressed.photo.goodreads.com/books/1562634272l/24899._SY475_.jpg
The Wake of the Wind,J. California Cooper,"A dramatic and thought-provoking novel of one family's triumph in the face of the hardships and challenges of the post-Civil War South.The Wake of the Wind, J. California Cooper's third novel, is her most penetrating look yet at the challenges that generations of African Americans have had to overcome in order to carve out a home for themselves and their families. Set in Texas in the waning years of the Civil War, the novel tells the dramatic story of a remarkable heroine, Lifee, and her husband, Mor. When Emancipation finally comes to Texas, Mor, Lifee, and the extended family they create from other slaves who are also looking for a home and a future, set out in search of a piece of land they can call their own. In the face of constant threats, they manage not only to survive but to succeed--their crops grow, their children thrive, they educate themselves and others. Lifee and Mor pass their intelligence, determination, and talents along to their children, the next generation to surge forward. At once tragic and triumphant, this is an epic story that captures with extraordinary authenticity the most important struggle of the last hundred years.","['Fiction', 'African American', 'Historical Fiction', 'Drama', 'African American Literature', 'Book Club', 'Historical']",https://i.gr-assets.com/images/S/compressed.photo.goodreads.com/books/1389205411l/188242.jpg
Keeper of the King,"Nigel Bennett, P.N. Elrod","Forces greater than even the magic of Merlin granted him his dark immortality. Over a thousand years ago he was Richard d'Orleans, undefeated champion of Normandy, then he was Lancelot du Lac, Arthur's greatest knight. Now he is Richard Dun, security specialist in modern Toronto, but still he hears the irresistible summons of the old ways.","['Vampires', 'Fantasy', 'Paranormal', 'Urban Fantasy', 'Horror', 'Fiction', 'Supernatural']",https://i.gr-assets.com/images/S/compressed.photo.goodreads.com/books/1191703066l/2003722._SY475_.jpg
The Grub-And-Stakers Pinch a Poke,"Alisa Craig, Charlotte MacLeod","The Grub and Stakers Gardening and Roving Club act out the Robert Service poem about Dangerous Dan McGrew to win a prize, but murder intervenes. Dittany Henbit Monk and her crew of sleuths are on the case.","['Mystery', 'Cozy Mystery', 'Fiction', 'Humor', 'Canada']",https://i.gr-assets.com/images/S/compressed.photo.goodreads.com/books/1326056210l/545382.jpg
Microfísica del poder,"Michel Foucault, Julia Varela (Translator), Fernando AIvarez-Uría (Editor)","A medicina, a psiquiatria, a justiça, a geografia, o corpo, a sexualidade, o papel dos intelectuais, o Estado, são analisados por Foucault em vários artigos, entrevistas e conferências reunidos neste livro. Todos os textos têm como tema central a questão do poder nas sociedades capitalistas - a sua natureza, seu exercício em instituições, sua relação com a produção da verdade e as resistências que suscita. O método genealógico desenvolvido por Foucault evidencia a existência de formas de exercício do poder diferentes do Estado, a ele articuladas e indispensáveis à sua sustentação e atuação eficaz. E na medida em que o poder não está localizado exclusivamente no aparelho de Estado, diz Foucault, ""nada mudará a sociedade se os mecanismos de poder que funcionam fora, abaixo e ao lado dos aparelhos de Estado a um nível muito mais elementar, cotidiano, não forem modificados"".","['Philosophy', 'Nonfiction', 'Politics', 'Academic', 'Unfinished', 'History']",https://i.gr-assets.com/images/S/compressed.photo.goodreads.com/books/1331001816l/376894.jpg
Politiestaat,"Colin Forbes, N. van der Meulen (Translator)","Drie broers spannen samen met als doel Groot-Brittannië in een politiestaat te veranderen. Ze noemen zichzelf de Cabal en zijn er bijna in geslaagd alle veiligheidsdiensten samen te voegen tot één grote Staatsveiligheidsdienst, onder één bewind. Tweed kent zelden angst, maar ditmaal twijfelt zelfs hij of hij in staat zal zijn de gevaarlijke ontwikkelingen een halt toe te roepen.","['Thriller', 'Espionage', 'Fiction']",https://i.gr-assets.com/images/S/compressed.photo.goodreads.com/books/1405718419l/15779081.jpg
Lapsuuteni,Toivo Pekkanen,"Toivo Pekkasen muistelmateos on järkyttävä kertomus pojasta, joka köyhyyden ja nälän keskellä jaksaa nostaa tavoitteensa korkealle. Näemme hänen menettävän isänsä, varttuvan nuorukaiseksi tukenaan hieno ja herkkä suhde äitiinsä, kokevan suurten historiallisten murrosten seuraukset omalla kohdallaan aina sisällissodan kauhuihin saakka.",['Finnish Literature'],https://i.gr-assets.com/images/S/compressed.photo.goodreads.com/books/1342594915l/15757490.jpg
The Graduation,Christopher Pike,"For Michael Olson, the last day of school is not a time to celebrate--it's a day to finish an investigation that may cost him his life. It's also a final chance for him to let Jessica Hart know his feelings for her. But the last day will not last long enough!","['Young Adult', 'Horror', 'Mystery', 'Fiction', 'Thriller', 'Teen', 'Childrens', 'High School', 'Romance', 'Mystery Thriller']",https://i.gr-assets.com/images/S/compressed.photo.goodreads.com/books/1171048948l/84067.jpg
Top Secret,"John Reynolds Gardiner, Marc Simont (Illustrator)","Fans of Jennifer Holm's The Fourteenth Goldfish will fall in love with this humorous story about one boy's school science project that goes terribly wrong. Perfect for STEM curricula. Despite the disapproval of his parents and his formidable science teacher, nine-year-old Allen is determined to do his school science project on human photosynthesis--turning sunlight into food for humans.Everyone laughs at his outrageous scheme until Allen turns green, sprouts roots, and develops an overwhelming desire to soak up the sun. He's turning into a plant and no one believes him--no one, that is, except the President of the United States. Can Allen protect his top secret discovery and ace his science project without being a threat to national security?","['Science Fiction', 'Childrens', 'Fiction', 'Middle Grade', 'Fantasy', 'Young Adult', 'Chapter Books', 'Juvenile', 'Mystery']",https://i.gr-assets.com/images/S/compressed.photo.goodreads.com/books/1442171517l/239320._SY475_.jpg
Clear and Present Danger,Tom Clancy,"Colombian drug lords, bored with Uncle Sam's hectoring, assassinate the head of the FBI. The message is clear: Bug off!At what point do these druggies threaten national security? When can a nation act against its enemies? These are questions Jack Ryan must answer because someone has quietly stepped over the line.Does anyone know who the real enemy is? How much action is too much? Which lines have been crossed? Ryan and his ""dark side"", a shadowy field officer known only as Mr. Clark, are charged with finding out. They expect danger from without... but the danger from within may be the greatest of all.","['Fiction', 'Thriller', 'Espionage', 'Military Fiction', 'Suspense', 'Mystery', 'Action', 'Adventure', 'Mystery Thriller', 'Spy Thriller']",https://i.gr-assets.com/images/S/compressed.photo.goodreads.com/books/1291440438l/32669.jpg